{"type": "FeatureCollection", "features": [{"type": "Feature", "properties": {"bridge": "yes", "highway": "primary", "layer": "1", "ref": "RR27", "ref:ar": "\u0637\u062c 27", "ref:fr": "RR27"}, "geometry": {"type": "LineString", "coordinates": [[11.0286923, 36.8026455], [11.0289095, 36.803031]]}}, {"type": "Feature", "properties": {"highway": "primary", "lanes": "2", "lit": "no", "oneway": "no", "ref": "RR27", "ref:ar": "\u0637\u062c 27", "ref:fr": "RR27", "surface": "asphalt"}, "geometry": {"type": "LineString", "coordinates": [[11.0289095, 36.803031], [11.0292099, 36.8035948], [11.0295197, 36.8041156], [11.0298363, 36.8046541], [11.0301259, 36.8051153], [11.0302453, 36.8053], [11.0303633, 36.8054707], [11.0304813, 36.8056017], [11.0306637, 36.8058057], [11.0311009, 36.8062739], [11.0314067, 36.8065842], [11.0320893, 36.8072961], [11.0326338, 36.8078566], [11.0331742, 36.8083978], [11.0341264, 36.8093062], [11.0348245, 36.8099912], [11.0356191, 36.8107385], [11.0374203, 36.8125067], [11.0376241, 36.8127012], [11.0394251, 36.8144422], [11.0401587, 36.8151578], [11.0411498, 36.8161434], [11.0418914, 36.8168746], [11.042747, 36.8177485], [11.0438374, 36.8188629], [11.0442437, 36.8192794], [11.0445227, 36.8195575], [11.0448915, 36.8199365], [11.0450296, 36.8200696], [11.0451825, 36.8202102], [11.0454601, 36.8204808], [11.0457337, 36.8207159], [11.0459362, 36.8208855], [11.0468911, 36.8216091], [11.0473269, 36.8219612], [11.0477453, 36.8223155], [11.0481385, 36.8226963]]}}, {"type": "Feature", "properties": {"highway": "tertiary", "lane_markings": "no", "name": "\u0634\u0627\u0631\u0639 \u0627\u0644\u062f\u0643\u062a\u0648\u0631 \u0645\u062d\u0645\u062f \u0627\u0644\u0645\u0646\u062c\u064a \u0628\u0646 \u062d\u0645\u064a\u062f\u0629", "name:ar": "\u0634\u0627\u0631\u0639 \u0627\u0644\u062f\u0643\u062a\u0648\u0631 \u0645\u062d\u0645\u062f \u0627\u0644\u0645\u0646\u062c\u064a \u0628\u0646 \u062d\u0645\u064a\u062f\u0629", "name:fr": "Avenue Mohamed Monji Ben Hmida", "oneway": "no", "surface": "asphalt"}, "geometry": {"type": "LineString", "coordinates": [[11.1000972, 36.8392908], [11.0996588, 36.8396755], [11.0995562, 36.8397893], [11.0991911, 36.840154], [11.0988272, 36.8405002]]}}, {"type": "Feature", "properties": {"highway": "tertiary", "maxspeed": "50", "name": "\u0634\u0627\u0631\u0639 \u0627\u0644\u062d\u0628\u064a\u0628 \u0628\u0648\u0631\u0642\u064a\u0628\u0629", "name:ar": "\u0634\u0627\u0631\u0639 \u0627\u0644\u062d\u0628\u064a\u0628 \u0628\u0648\u0631\u0642\u064a\u0628\u0629", "name:fr": "Avenue Habib Bourguiba", "oneway": "no"}, "geometry": {"type": "LineString", "coordinates": [[11.0904702, 36.8469999], [11.0903629, 36.8469392], [11.0902152, 36.846856], [11.0901425, 36.8468271], [11.089979, 36.8467408], [11.0898792, 36.8466948], [11.0897829, 36.8466388], [11.0897004, 36.8466093], [11.0895905, 36.8465728], [11.0892934, 36.8465154], [11.0891043, 36.8464821], [11.0890487, 36.846473], [11.0884661, 36.846426], [11.0881355, 36.846396], [11.0874693, 36.8463596], [11.0871188, 36.8463405], [11.0862712, 36.8462863], [11.0858475, 36.8462445], [11.0857968, 36.846242]]}}, {"type": "Feature", "properties": {"highway": "primary", "lanes": "2", "maxspeed": "50", "name": "\u0634\u0627\u0631\u0639 \u0639\u0644\u064a \u0627\u0644\u0628\u0644\u0647\u0648\u0627\u0646", "name:ar": "\u0634\u0627\u0631\u0639 \u0639\u0644\u064a \u0627\u0644\u0628\u0644\u0647\u0648\u0627\u0646", "name:fr": "Avenue Ali Belhouane", "oneway": "no", "ref": "RR27", "surface": "asphalt"}, "geometry": {"type": "LineString", "coordinates": [[11.0854589, 36.8466144], [11.0855137, 36.846675], [11.0855933, 36.8467793], [11.0857187, 36.8469334], [11.0861103, 36.8473912], [11.0861693, 36.8474443], [11.086349, 36.8475902], [11.0866132, 36.847778], [11.0870009, 36.8480272], [11.0871188, 36.8481268], [11.087267, 36.8482341], [11.0876982, 36.8485529], [11.0882762, 36.8489714], [11.0884772, 36.8491213], [11.0888807, 36.8494224], [11.0889363, 36.8494678], [11.0889601, 36.849486], [11.0893491, 36.8497484], [11.0896414, 36.8499652], [11.0899767, 36.8502249], [11.0903334, 36.8504674], [11.0910187, 36.850975], [11.0913983, 36.8512272], [11.0915652, 36.8513699], [11.0916437, 36.8514654], [11.0918046, 36.8516972], [11.0920098, 36.8520353], [11.092156, 36.8523336], [11.0922204, 36.8525096], [11.0923384, 36.8528348], [11.0924001, 36.8530558], [11.0924235, 36.853176], [11.0924282, 36.8532887], [11.0924215, 36.8534244], [11.0924068, 36.853646], [11.0924004, 36.8536624], [11.092392, 36.8537126], [11.0923411, 36.8539304], [11.0923189, 36.8540238], [11.0922184, 36.8544037], [11.092148, 36.8546462], [11.0919991, 36.855069], [11.0919025, 36.8553442], [11.0918341, 36.855524], [11.0917745, 36.8557147], [11.0917604, 36.8557547], [11.0916497, 36.8560449], [11.091515, 36.8564377], [11.0914834, 36.856523], [11.091354, 36.8568975], [11.0911951, 36.857389], [11.091173, 36.8574544], [11.0909745, 36.8579856], [11.090829, 36.8583955], [11.0907317, 36.858667], [11.0906298, 36.8589819], [11.0903643, 36.8597429], [11.0903455, 36.8598076], [11.0902349, 36.8601322], [11.0901142, 36.8604654], [11.0897876, 36.8614321], [11.0895864, 36.8620287], [11.0889561, 36.8637627]]}}, {"type": "Feature", "properties": {"highway": "primary", "junction": "roundabout", "maxspeed": "50", "oneway": "yes", "ref": "RR27", "surface": "asphalt"}, "geometry": {"type": "LineString", "coordinates": [[11.0853561, 36.8464014], [11.0853108, 36.8463919], [11.085271, 36.8463722], [11.0852408, 36.8463452], [11.0852215, 36.8463124], [11.0852145, 36.8462728], [11.0852231, 36.8462334], [11.0852467, 36.8461981], [11.0852828, 36.8461705], [11.0853278, 36.8461531], [11.0853773, 36.8461478], [11.0854265, 36.8461551], [11.0854756, 36.8461766], [11.0854963, 36.8461944], [11.0855159, 36.8462187], [11.0855281, 36.846246], [11.0855323, 36.8462748], [11.0855282, 36.8463036], [11.0855121, 36.846337], [11.085485, 36.8463655], [11.0854471, 36.8463876], [11.0854029, 36.8463999], [11.0853561, 36.8464014]]}}, {"type": "Feature", "properties": {"highway": "primary", "oneway": "yes", "ref": "RR27"}, "geometry": {"type": "LineString", "coordinates": [[11.0849707, 36.84599], [11.0853513, 36.8461377], [11.0853773, 36.8461478]]}}, {"type": "Feature", "properties": {"highway": "primary", "oneway": "yes", "ref": "RR27"}, "geometry": {"type": "LineString", "coordinates": [[11.0854589, 36.8466144], [11.0854152, 36.8465666], [11.0853778, 36.846523], [11.0853535, 36.8464965], [11.085271, 36.8463722]]}}, {"type": "Feature", "properties": {"highway": "primary", "oneway": "yes", "ref": "RR27"}, "geometry": {"type": "LineString", "coordinates": [[11.0852215, 36.8463124], [11.0850828, 36.8461329], [11.0849707, 36.84599]]}}, {"type": "Feature", "properties": {"highway": "primary", "oneway": "yes", "ref": "RR27"}, "geometry": {"type": "LineString", "coordinates": [[11.085485, 36.8463655], [11.0854504, 36.8464184], [11.0854389, 36.8464646], [11.0854362, 36.8465236], [11.0854589, 36.8466144]]}}, {"type": "Feature", "properties": {"highway": "service", "oneway": "no", "surface": "asphalt"}, "geometry": {"type": "LineString", "coordinates": [[11.116955, 36.8389446], [11.1166853, 36.8387955], [11.1164328, 36.8388231], [11.1163474, 36.8388142], [11.1162747, 36.8387831], [11.1162256, 36.8387408], [11.1162057, 36.8386982], [11.1162079, 36.8386406], [11.1162562, 36.8385752], [11.116438, 36.8384238], [11.1164927, 36.8383884], [11.1165345, 36.8383614]]}}, {"type": "Feature", "properties": {"highway": "residential", "lanes": "2", "oneway": "no", "surface": "paved"}, "geometry": {"type": "LineString", "coordinates": [[11.0957238, 36.8366674], [11.0956681, 36.8367301], [11.0951869, 36.8373233], [11.0951224, 36.8374043], [11.095089, 36.8374682], [11.0950546, 36.8375476], [11.0950365, 36.837683], [11.0950006, 36.8377961], [11.0949183, 36.8379752], [11.0943033, 36.8388796], [11.0941502, 36.839119], [11.0941231, 36.8391662], [11.0941085, 36.8392147], [11.0940939, 36.8392666], [11.0940791, 36.8393342], [11.0940014, 36.8396502]]}}, {"type": "Feature", "properties": {"highway": "residential"}, "geometry": {"type": "LineString", "coordinates": [[11.0913852, 36.8452401], [11.0914908, 36.8451251], [11.091582, 36.8450231], [11.0916938, 36.8448987], [11.0917908, 36.8447934], [11.0919655, 36.8446184], [11.0920891, 36.8445376], [11.0922231, 36.8444752], [11.0923725, 36.8444188], [11.0929704, 36.8442078], [11.0932298, 36.8441835]]}}, {"type": "Feature", "properties": {"highway": "tertiary", "name": "\u0634\u0627\u0631\u0639 \u0627\u0644\u0637\u0627\u0647\u0631 \u0627\u0644\u062d\u062f\u0627\u062f", "name:ar": "\u0634\u0627\u0631\u0639 \u0627\u0644\u0637\u0627\u0647\u0631 \u0627\u0644\u062d\u062f\u0627\u062f", "name:fr": "Avenue Tahar Haddad", "oneway": "yes"}, "geometry": {"type": "LineString", "coordinates": [[11.1041185, 36.849481], [11.1041153, 36.8493996], [11.1041096, 36.8493168], [11.1040625, 36.8487007], [11.1040033, 36.8481698], [11.1039883, 36.8480236], [11.103965, 36.8479421], [11.1039503, 36.8479049], [11.1039175, 36.8478516], [11.1038565, 36.8478102], [11.1038084, 36.8477904], [11.1032888, 36.8476311], [11.103078, 36.8475634], [11.1029023, 36.847499], [11.1027497, 36.8474261], [11.1024959, 36.8472956], [11.1020909, 36.8470551], [11.1017885, 36.8468757], [11.1013551, 36.8466339], [11.1009071, 36.8463797], [11.1005057, 36.8461478], [11.1000925, 36.8459112], [11.0999502, 36.8458293], [11.0998434, 36.8457281]]}}, {"type": "Feature", "properties": {"highway": "tertiary", "oneway": "yes"}, "geometry": {"type": "LineString", "coordinates": [[11.0998434, 36.8457281], [11.0999856, 36.8457764], [11.1001449, 36.8458661], [11.1005661, 36.8460995], [11.1009732, 36.8463183], [11.1014036, 36.8465697], [11.1018472, 36.846813], [11.1021549, 36.8469931], [11.1025434, 36.8472422], [11.1027839, 36.8473632], [11.1029398, 36.8474346], [11.1031048, 36.8475012], [11.1033325, 36.8475676], [11.1038359, 36.8477276], [11.103896, 36.8477566], [11.103951, 36.8477845], [11.1039947, 36.8478246], [11.1040194, 36.8478607], [11.1040422, 36.8479224], [11.1040686, 36.8480111], [11.104091, 36.84813], [11.1040945, 36.8481644], [11.1041427, 36.8486355], [11.1041915, 36.8493403], [11.1041951, 36.8493975], [11.1041994, 36.8494783]]}}, {"type": "Feature", "properties": {"highway": "residential", "lanes": "2", "lit": "yes", "oneway": "no", "surface": "asphalt"}, "geometry": {"type": "LineString", "coordinates": [[11.0956335, 36.8517702], [11.0959567, 36.8513367], [11.096292, 36.8509074]]}}, {"type": "Feature", "properties": {"highway": "residential"}, "geometry": {"type": "LineString", "coordinates": [[11.1245102, 36.8579384], [11.1238973, 36.8572259], [11.1238946, 36.8570735], [11.1238946, 36.8569361], [11.1239107, 36.8568159], [11.1239402, 36.8567322], [11.1240008, 36.8566142], [11.1242567, 36.8562461], [11.1245866, 36.8557064], [11.1246161, 36.8556055], [11.1246188, 36.8554467], [11.1245866, 36.8553179], [11.1245088, 36.855157], [11.1243827, 36.8550132], [11.1240314, 36.854644], [11.1237256, 36.8543296], [11.1236545, 36.8542738], [11.1235808, 36.8542362], [11.1235097, 36.8542169], [11.1233528, 36.8541772]]}}, {"type": "Feature", "properties": {"highway": "secondary", "maxspeed": "50", "oneway": "yes"}, "geometry": {"type": "LineString", "coordinates": [[11.1002469, 36.8390428], [11.10009, 36.838965], [11.1000062, 36.8389194], [11.0996827, 36.8387598], [11.0991875, 36.8384947], [11.0979577, 36.8379009], [11.0966794, 36.8372534], [11.096177, 36.8369978], [11.0956681, 36.8367301], [11.0950313, 36.8364249], [11.094389, 36.8361333], [11.093701, 36.8358788], [11.0933777, 36.8357702], [11.0930954, 36.8357079], [11.0928105, 36.8356613], [11.092437, 36.8356011], [11.0920668, 36.8355528], [11.0915847, 36.8355121], [11.0912756, 36.8354616], [11.0908672, 36.8353961], [11.0903831, 36.8352614], [11.0900109, 36.8351283], [11.0896736, 36.8349373], [11.0895904, 36.8348889], [11.089465, 36.834802]]}}, {"type": "Feature", "properties": {"highway": "secondary", "lane_markings": "no", "surface": "asphalt"}, "geometry": {"type": "LineString", "coordinates": [[11.089465, 36.834802], [11.0891063, 36.8346131], [11.0886892, 36.8343748], [11.0881327, 36.8340689], [11.087269, 36.8335805], [11.0868264, 36.8333272], [11.0863356, 36.8330642], [11.0860835, 36.8329193], [11.0856852, 36.8327025], [11.0852332, 36.8324459], [11.0847598, 36.8321776]]}}, {"type": "Feature", "properties": {"highway": "residential", "oneway": "yes"}, "geometry": {"type": "LineString", "coordinates": [[11.100337, 36.8389783], [11.100575, 36.8388173]]}}, {"type": "Feature", "properties": {"addr:city": "Kelibia", "addr:governorate": "Nabeul", "alt_name": "Route de la Plage", "highway": "tertiary", "lanes": "2", "lit": "yes", "name": "\u0634\u0627\u0631\u0639 \u0627\u0644\u0634\u0647\u062f\u0627\u0621", "name:ar": "\u0634\u0627\u0631\u0639 \u0627\u0644\u0634\u0647\u062f\u0627\u0621", "name:fr": "Avenue des Martyrs", "oneway": "yes", "postal_code": "8090", "surface": "asphalt"}, "geometry": {"type": "LineString", "coordinates": [[11.1104487, 36.8370968], [11.1103441, 36.8371806], [11.1103078, 36.8372021], [11.1101543, 36.8372879], [11.1094482, 36.8376786], [11.1084789, 36.8382027], [11.1077611, 36.8386285], [11.1074204, 36.838812], [11.1072488, 36.8389129], [11.1067687, 36.8391813], [11.1062591, 36.8394646], [11.1056663, 36.8397914], [11.1046786, 36.8403469], [11.1043869, 36.8405036], [11.1041173, 36.8406377], [11.1037626, 36.8408017], [11.1037181, 36.840822], [11.1034901, 36.8409339], [11.1029101, 36.8412384], [11.1027246, 36.8413298], [11.1025128, 36.8414442], [11.1021111, 36.8416187], [11.1019935, 36.8416603], [11.1017837, 36.8417267], [11.1009084, 36.8419683], [11.1000924, 36.8421937], [11.0999907, 36.8422133], [11.0997469, 36.8422801], [11.0995683, 36.8423414], [11.0994008, 36.842417], [11.0992451, 36.8425031], [11.0991662, 36.8425529], [11.0989962, 36.8426852], [11.098549, 36.8430773], [11.0979429, 36.8436268], [11.0977707, 36.8437552], [11.0976236, 36.8438481], [11.0974233, 36.8439478], [11.0971693, 36.8440508], [11.0970392, 36.8440985], [11.0969454, 36.8441141]]}}, {"type": "Feature", "properties": {"highway": "tertiary", "junction": "roundabout", "lane_markings": "no", "surface": "asphalt"}, "geometry": {"type": "LineString", "coordinates": [[11.100269, 36.839087], [11.1002534, 36.8390681], [11.1002469, 36.8390428], [11.1002568, 36.8390115], [11.1002843, 36.838988], [11.1003096, 36.8389796], [11.100337, 36.8389783], [11.100367, 36.838986], [11.100391, 36.8390023], [11.1004054, 36.8390248], [11.1004081, 36.8390499], [11.1003999, 36.8390717], [11.1003829, 36.8390899], [11.100359, 36.8391023], [11.1003189, 36.8391069], [11.1002917, 36.8391005], [11.100269, 36.839087]]}}, {"type": "Feature", "properties": {"highway": "tertiary", "junction": "roundabout", "lane_markings": "no", "oneway": "yes", "surface": "asphalt"}, "geometry": {"type": "LineString", "coordinates": [[11.0934749, 36.8457295], [11.0934624, 36.8457103], [11.0934569, 36.8456891], [11.0934588, 36.8456675], [11.0934638, 36.845654], [11.0934728, 36.8456402], [11.093485, 36.845628], [11.0934999, 36.8456179], [11.093517, 36.8456104], [11.0935378, 36.8456053], [11.0935594, 36.845604], [11.0935808, 36.8456064], [11.0936011, 36.8456124], [11.0936193, 36.8456219], [11.0936345, 36.8456343], [11.0936505, 36.8456576], [11.0936559, 36.8456839], [11.0936503, 36.8457102], [11.0936341, 36.8457334], [11.0936093, 36.8457512], [11.0936023, 36.8457544], [11.0935816, 36.8457608], [11.0935597, 36.8457633], [11.0935376, 36.8457619], [11.0935164, 36.8457567], [11.0934933, 36.8457454], [11.0934749, 36.8457295]]}}, {"type": "Feature", "properties": {"highway": "tertiary", "junction": "roundabout"}, "geometry": {"type": "LineString", "coordinates": [[11.1219137, 36.8507812], [11.1219025, 36.8507529], [11.1219057, 36.8507233], [11.1219227, 36.850697], [11.1219511, 36.8506779], [11.1219865, 36.8506689], [11.1220234, 36.8506715], [11.1220563, 36.8506851], [11.1220802, 36.8507078], [11.1220914, 36.8507361], [11.1220882, 36.8507657], [11.1220712, 36.850792], [11.1220428, 36.8508111], [11.1220074, 36.8508201], [11.1219705, 36.8508175], [11.1219376, 36.8508039], [11.1219137, 36.8507812]]}}, {"type": "Feature", "properties": {"highway": "residential", "junction": "roundabout"}, "geometry": {"type": "LineString", "coordinates": [[11.1229138, 36.8558408], [11.122877, 36.8557651], [11.1228769, 36.8556839], [11.1229136, 36.8556082], [11.1229821, 36.8555483], [11.1230867, 36.8555095], [11.1232019, 36.8555083], [11.1233076, 36.855545], [11.1233854, 36.8556131], [11.1234169, 36.8556781], [11.1234215, 36.8557477], [11.1233984, 36.8558352], [11.1233447, 36.8558784], [11.1232668, 36.855923], [11.1231918, 36.8559478], [11.1230735, 36.8559366], [11.1229824, 36.8559007], [11.1229138, 36.8558408]]}}, {"type": "Feature", "properties": {"highway": "tertiary", "oneway": "yes"}, "geometry": {"type": "LineString", "coordinates": [[11.0854756, 36.8461766], [11.0857968, 36.846242]]}}, {"type": "Feature", "properties": {"highway": "tertiary", "lane_markings": "no", "name": "\u0634\u0627\u0631\u0639 \u0627\u0644\u062f\u0643\u062a\u0648\u0631 \u0625\u0628\u0631\u0627\u0647\u064a\u0645 \u0627\u0644\u063a\u0631\u0628\u064a", "surface": "asphalt"}, "geometry": {"type": "LineString", "coordinates": [[11.0930956, 36.8458248], [11.0927249, 36.8460737]]}}, {"type": "Feature", "properties": {"highway": "residential", "maxspeed": "50", "oneway": "no"}, "geometry": {"type": "LineString", "coordinates": [[11.0903334, 36.8504674], [11.0905279, 36.850109], [11.0907894, 36.8496872]]}}, {"type": "Feature", "properties": {"highway": "residential"}, "geometry": {"type": "LineString", "coordinates": [[11.0922824, 36.8419665], [11.092791, 36.8418581], [11.0936448, 36.8416146]]}}, {"type": "Feature", "properties": {"highway": "service", "service": "parking_aisle"}, "geometry": {"type": "LineString", "coordinates": [[11.1166648, 36.838467], [11.1165345, 36.8383614]]}}, {"type": "Feature", "properties": {"highway": "residential", "lanes": "2", "lit": "yes", "oneway": "no", "surface": "asphalt"}, "geometry": {"type": "LineString", "coordinates": [[11.10447, 36.8425299], [11.1032613, 36.841578], [11.1031884, 36.8415309]]}}, {"type": "Feature", "properties": {"highway": "tertiary", "oneway": "yes"}, "geometry": {"type": "LineString", "coordinates": [[11.1219906, 36.8509495], [11.1219137, 36.8507812]]}}, {"type": "Feature", "properties": {"highway": "tertiary", "oneway": "yes"}, "geometry": {"type": "LineString", "coordinates": [[11.122229, 36.8506742], [11.1220882, 36.8507657]]}}, {"type": "Feature", "properties": {"highway": "tertiary", "oneway": "yes"}, "geometry": {"type": "LineString", "coordinates": [[11.1217229, 36.8505913], [11.1219865, 36.8506689]]}}, {"type": "Feature", "properties": {"highway": "residential"}, "geometry": {"type": "LineString", "coordinates": [[11.0876982, 36.8485529], [11.0881434, 36.8480366]]}}, {"type": "Feature", "properties": {"highway": "tertiary", "oneway": "yes"}, "geometry": {"type": "LineString", "coordinates": [[11.1000972, 36.8392908], [11.1002534, 36.8390681]]}}, {"type": "Feature", "properties": {"highway": "tertiary", "oneway": "yes"}, "geometry": {"type": "LineString", "coordinates": [[11.0857968, 36.846242], [11.0856407, 36.8462553], [11.0855282, 36.8463036]]}}, {"type": "Feature", "properties": {"highway": "tertiary", "maxspeed": "50", "name": "\u0634\u0627\u0631\u0639 \u0627\u0644\u0637\u0627\u0647\u0631 \u0627\u0644\u062d\u062f\u0627\u062f", "name:ar": "\u0634\u0627\u0631\u0639 \u0627\u0644\u0637\u0627\u0647\u0631 \u0627\u0644\u062d\u062f\u0627\u062f", "name:fr": "Avenue Tahar Haddad", "oneway": "no", "surface": "asphalt"}, "geometry": {"type": "LineString", "coordinates": [[11.0969988, 36.8440639], [11.0970392, 36.8440985], [11.097102, 36.8441586], [11.0972053, 36.8442343], [11.0977699, 36.8445707], [11.0979944, 36.8446959], [11.0983218, 36.8448825], [11.0985983, 36.8450401], [11.099223, 36.845388], [11.0994693, 36.8455182], [11.0998434, 36.8457281]]}}, {"type": "Feature", "properties": {"highway": "tertiary", "oneway": "yes"}, "geometry": {"type": "LineString", "coordinates": [[11.1220428, 36.8508111], [11.1219906, 36.8509495]]}}, {"type": "Feature", "properties": {"highway": "tertiary", "oneway": "yes"}, "geometry": {"type": "LineString", "coordinates": [[11.1220234, 36.8506715], [11.122229, 36.8506742]]}}, {"type": "Feature", "properties": {"highway": "tertiary", "oneway": "yes"}, "geometry": {"type": "LineString", "coordinates": [[11.1219025, 36.8507529], [11.1217229, 36.8505913]]}}, {"type": "Feature", "properties": {"highway": "tertiary", "oneway": "yes"}, "geometry": {"type": "LineString", "coordinates": [[11.0935164, 36.8457567], [11.0934327, 36.8457563], [11.0933489, 36.845763], [11.093262, 36.8457768], [11.0931773, 36.8457975], [11.0930956, 36.8458248]]}}, {"type": "Feature", "properties": {"highway": "residential", "lanes": "2", "oneway": "no", "surface": "paved"}, "geometry": {"type": "LineString", "coordinates": [[11.0950546, 36.8375476], [11.0956922, 36.83767]]}}, {"type": "Feature", "properties": {"highway": "residential", "lanes": "2", "name": "\u0646\u0647\u062c \u062c\u0627\u0645\u0639 \u0627\u0644\u0646\u0648\u0631", "name:ar": "\u0646\u0647\u062c \u062c\u0627\u0645\u0639 \u0627\u0644\u0646\u0648\u0631", "oneway": "no", "surface": "asphalt"}, "geometry": {"type": "LineString", "coordinates": [[11.108437, 36.8381552], [11.1084789, 36.8382027], [11.1088113, 36.8386004], [11.1089014, 36.8387089], [11.1091089, 36.8389355], [11.1092575, 36.8391014], [11.1094408, 36.8392886], [11.1097327, 36.8395706], [11.1097633, 36.8396385]]}}, {"type": "Feature", "properties": {"highway": "tertiary", "oneway": "yes"}, "geometry": {"type": "LineString", "coordinates": [[11.1003189, 36.8391069], [11.1000972, 36.8392908]]}}, {"type": "Feature", "properties": {"highway": "tertiary", "oneway": "no"}, "geometry": {"type": "LineString", "coordinates": [[11.1219906, 36.8509495], [11.1219956, 36.8510619], [11.1220398, 36.851166], [11.1221806, 36.8514601], [11.1224971, 36.8520846], [11.1226339, 36.8522896], [11.1227694, 36.852486], [11.1231932, 36.8529378], [11.1235083, 36.8533069], [11.1236103, 36.8534368], [11.1237108, 36.8535709], [11.1238047, 36.8537287], [11.124203, 36.8541654], [11.1246657, 36.8546311], [11.1248106, 36.8547664], [11.1249272, 36.854922], [11.1250184, 36.8550572], [11.1250935, 36.8551849], [11.1251284, 36.8553394], [11.12517, 36.855525], [11.1251646, 36.8556645], [11.1251244, 36.8558373], [11.1250493, 36.8559865], [11.1249219, 36.8561936], [11.1247408, 36.8564532], [11.1245262, 36.8567537], [11.1244672, 36.856861], [11.1244377, 36.8569866], [11.1244538, 36.8571185], [11.1244927, 36.8572645], [11.1245303, 36.8573804], [11.1245893, 36.8575435], [11.1246483, 36.8576443], [11.1246751, 36.8577366]]}}, {"type": "Feature", "properties": {"highway": "tertiary"}, "geometry": {"type": "LineString", "coordinates": [[11.0933636, 36.8454507], [11.0932852, 36.8452995], [11.0932119, 36.8450726], [11.093097, 36.8447647], [11.0930438, 36.8445573], [11.0929704, 36.8442078], [11.0927968, 36.8435036], [11.092745, 36.843367], [11.0926267, 36.8430375], [11.0924272, 36.8423783], [11.0923734, 36.8422284], [11.0922824, 36.8419665], [11.0921547, 36.8416489], [11.0921186, 36.8415403]]}}, {"type": "Feature", "properties": {"highway": "unclassified", "name": "\u0643\u0652\u0644\u064f\u0648\u0628\u0650\u064a\u064e\u0627", "name:ar": "\u0643\u0652\u0644\u064f\u0648\u0628\u0650\u064a\u064e\u0627", "name:fr": "Clupea", "oneway": "no"}, "geometry": {"type": "LineString", "coordinates": [[11.1042005, 36.8405004], [11.1043869, 36.8405036], [11.1058058, 36.8403351], [11.1062134, 36.8402782], [11.1069216, 36.840188], [11.1077343, 36.8400656], [11.1080263, 36.8400225], [11.1084551, 36.8399589], [11.1085819, 36.839925], [11.1088581, 36.8398312], [11.1090955, 36.8397587], [11.1094824, 36.8396868], [11.1097633, 36.8396385], [11.110045, 36.839631], [11.1102858, 36.8396269], [11.1104835, 36.8396235], [11.1106525, 36.8396149], [11.1110495, 36.8395919], [11.1113284, 36.8395623], [11.1115926, 36.8395408], [11.111889, 36.8395183], [11.1122015, 36.8394882], [11.1126628, 36.8394281], [11.1127513, 36.839419], [11.1131523, 36.839368], [11.1133991, 36.8393401], [11.1136673, 36.8393337], [11.1138645, 36.8393315], [11.1140053, 36.8393423], [11.1141166, 36.8393476], [11.1142587, 36.839368], [11.1143607, 36.8393916], [11.1145216, 36.8394625], [11.1146745, 36.8395451], [11.1149145, 36.8396814], [11.1150607, 36.839777]]}}, {"type": "Feature", "properties": {"highway": "tertiary", "oneway": "no", "surface": "asphalt"}, "geometry": {"type": "LineString", "coordinates": [[11.1217229, 36.8505913], [11.1216174, 36.8505103], [11.1214068, 36.8503107], [11.1212016, 36.8500811], [11.1210742, 36.8499448], [11.1209334, 36.8497935], [11.1208462, 36.8497205], [11.120751, 36.8496604], [11.1206129, 36.8495939], [11.1204761, 36.8495413], [11.1203085, 36.8495155], [11.1200845, 36.849508], [11.1198914, 36.8495284], [11.1196822, 36.8495831], [11.1195038, 36.849655], [11.1193402, 36.8497355], [11.1192074, 36.8498224], [11.1190653, 36.8499459], [11.1189231, 36.8501326], [11.1188024, 36.8503236], [11.1186911, 36.8506305], [11.1186455, 36.8508151], [11.1186173, 36.8510136], [11.1186079, 36.8512519], [11.1186321, 36.8515384], [11.1187072, 36.8518357], [11.1188118, 36.8520589], [11.1188963, 36.8522145], [11.1190103, 36.8523647], [11.1204909, 36.8541236], [11.121557, 36.8554242], [11.122013, 36.8559822], [11.1224113, 36.8564608], [11.1226916, 36.8567419], [11.1232763, 36.8572999], [11.1238114, 36.8578429], [11.1241212, 36.8581734]]}}, {"type": "Feature", "properties": {"highway": "residential", "lanes": "2", "oneway": "yes", "surface": "asphalt"}, "geometry": {"type": "LineString", "coordinates": [[11.1144436, 36.8391051], [11.1146365, 36.8392825], [11.1147997, 36.8394251], [11.1150607, 36.839777]]}}, {"type": "Feature", "properties": {"highway": "tertiary", "name": "\u0634\u0627\u0631\u0639 \u0627\u0644\u0645\u0646\u0635\u0648\u0631\u0629", "name:ar": "\u0634\u0627\u0631\u0639 \u0627\u0644\u0645\u0646\u0635\u0648\u0631\u0629", "name:fr": "Avenue La Mansoura", "surface": "asphalt"}, "geometry": {"type": "LineString", "coordinates": [[11.1148502, 36.8345208], [11.1153303, 36.8349974], [11.1159029, 36.8356393], [11.1159976, 36.8357255], [11.1160306, 36.8357564], [11.1161678, 36.835885], [11.1162865, 36.8359709], [11.1170174, 36.8364518], [11.1174331, 36.8367233], [11.117865, 36.837069], [11.1180661, 36.8372815], [11.1182137, 36.8374575], [11.118388, 36.8377151], [11.1185167, 36.8379341], [11.1186777, 36.8382003], [11.118785, 36.8384407], [11.1188735, 36.8386897], [11.1189164, 36.8389172], [11.118903, 36.8391362], [11.1188681, 36.8393337], [11.1187716, 36.8396471], [11.1183633, 36.8405871], [11.1183256, 36.8407783], [11.1183282, 36.8410891], [11.118363, 36.8413458], [11.1183886, 36.8415808], [11.1185072, 36.8417393], [11.1185959, 36.8418366], [11.1189809, 36.8423069], [11.1193918, 36.8427775], [11.1197988, 36.8432437], [11.119937, 36.8433993], [11.1200993, 36.8436268], [11.1203272, 36.8438763], [11.1203784, 36.8439299], [11.1207403, 36.8443083], [11.1212754, 36.8449287], [11.1213398, 36.8449888], [11.1216603, 36.8453365], [11.1218172, 36.8455125], [11.1220506, 36.8457089], [11.1225709, 36.8461215], [11.1225924, 36.8461736], [11.1225971, 36.8462251], [11.1225917, 36.8462933], [11.1224442, 36.846781], [11.1223483, 36.8470483], [11.1221183, 36.8477153], [11.1221136, 36.8477866], [11.1221203, 36.8478414], [11.1221404, 36.8479326], [11.1221605, 36.8480115], [11.1223711, 36.8486355], [11.1226383, 36.8493693], [11.1226871, 36.849518], [11.1227737, 36.8498158], [11.122811, 36.8499541], [11.1228257, 36.8500521], [11.1228197, 36.8501489], [11.1228023, 36.850221], [11.1227732, 36.8502955], [11.1227064, 36.850403], [11.1226071, 36.850491], [11.1224462, 36.8505855], [11.122229, 36.8506742]]}}, {"type": "Feature", "properties": {"highway": "residential"}, "geometry": {"type": "LineString", "coordinates": [[11.1233854, 36.8556131], [11.1243827, 36.8550132], [11.1248106, 36.8547664]]}}, {"type": "Feature", "properties": {"highway": "residential"}, "geometry": {"type": "LineString", "coordinates": [[11.0949968, 36.8414409], [11.0955678, 36.841374], [11.0959916, 36.841298], [11.0965134, 36.8412219]]}}, {"type": "Feature", "properties": {"highway": "residential"}, "geometry": {"type": "LineString", "coordinates": [[11.0787255, 36.8430939], [11.0791956, 36.8425579], [11.0793558, 36.8424017], [11.0794128, 36.8423207], [11.0794725, 36.8422686], [11.0796126, 36.842172], [11.0798385, 36.8420308], [11.0801189, 36.8418248], [11.0803073, 36.8416692], [11.0808307, 36.8412688], [11.080941, 36.8411807], [11.0816104, 36.8407425], [11.0817732, 36.840627], [11.0820628, 36.8403834], [11.0822882, 36.8401537], [11.0824383, 36.8400219], [11.0825778, 36.8398993], [11.0829721, 36.8395387], [11.0832296, 36.8392553], [11.0834267, 36.8389967], [11.0837728, 36.8386049], [11.0838546, 36.8385072]]}}, {"type": "Feature", "properties": {"highway": "residential", "lanes": "2", "oneway": "no", "surface": "paved"}, "geometry": {"type": "LineString", "coordinates": [[11.09661, 36.8394526], [11.0975601, 36.8399246], [11.0978389, 36.8400964]]}}, {"type": "Feature", "properties": {"highway": "residential"}, "geometry": {"type": "LineString", "coordinates": [[11.0948492, 36.8408295], [11.093933, 36.84106], [11.0933222, 36.8412264], [11.0921186, 36.8415403]]}}, {"type": "Feature", "properties": {"highway": "residential", "lanes": "2", "oneway": "no", "surface": "paved"}, "geometry": {"type": "LineString", "coordinates": [[11.0937519, 36.8358035], [11.093701, 36.8358788], [11.0932088, 36.836558], [11.0928789, 36.8370443], [11.0922823, 36.8377176], [11.0919988, 36.8379995], [11.0915731, 36.8385213]]}}, {"type": "Feature", "properties": {"highway": "residential"}, "geometry": {"type": "LineString", "coordinates": [[11.1247408, 36.8564532], [11.1242567, 36.8562461], [11.1233984, 36.8558352]]}}, {"type": "Feature", "properties": {"highway": "tertiary", "oneway": "yes"}, "geometry": {"type": "LineString", "coordinates": [[11.1037181, 36.840822], [11.1036387, 36.8407652], [11.1035212, 36.8406868], [11.1033206, 36.840571]]}}, {"type": "Feature", "properties": {"highway": "tertiary", "lane_markings": "no", "oneway": "yes", "surface": "asphalt"}, "geometry": {"type": "LineString", "coordinates": [[11.0944449, 36.8456315], [11.0943378, 36.8457115], [11.0943272, 36.8457187], [11.0943154, 36.8457263], [11.0942951, 36.8457381], [11.0942801, 36.8457461], [11.0942425, 36.8457562], [11.0941865, 36.8457658], [11.0941184, 36.8457686], [11.0936093, 36.8457512]]}}, {"type": "Feature", "properties": {"highway": "tertiary", "lane_markings": "no", "maxspeed": "50", "name": "\u0634\u0627\u0631\u0639 \u0627\u0644\u062f\u0643\u062a\u0648\u0631 \u0625\u0628\u0631\u0627\u0647\u064a\u0645 \u0627\u0644\u063a\u0631\u0628\u064a", "name:ar": "\u0634\u0627\u0631\u0639 \u0627\u0644\u062f\u0643\u062a\u0648\u0631 \u0625\u0628\u0631\u0627\u0647\u064a\u0645 \u0627\u0644\u063a\u0631\u0628\u064a", "oneway": "yes", "surface": "asphalt"}, "geometry": {"type": "LineString", "coordinates": [[11.0910464, 36.8472957], [11.091244, 36.8470933], [11.0914963, 36.8468735], [11.0919163, 36.846606], [11.0923625, 36.846282], [11.0927249, 36.8460737]]}}, {"type": "Feature", "properties": {"highway": "residential"}, "geometry": {"type": "LineString", "coordinates": [[11.0881355, 36.846396], [11.088145, 36.8463693], [11.08826, 36.8461679], [11.0882708, 36.846149], [11.08903, 36.8452758]]}}, {"type": "Feature", "properties": {"highway": "tertiary_link", "oneway": "yes"}, "geometry": {"type": "LineString", "coordinates": [[11.103542, 36.8404375], [11.1038439, 36.8405312], [11.104006, 36.8405595], [11.104051, 36.8405713]]}}, {"type": "Feature", "properties": {"highway": "residential", "maxspeed": "50", "name": "\u0646\u0647\u062c \u0627\u0644\u0634\u0627\u062f\u0644\u064a \u062e\u0632\u0646\u062f\u0627\u0631", "name:ar": "\u0646\u0647\u062c \u0627\u0644\u0634\u0627\u062f\u0644\u064a \u062e\u0632\u0646\u062f\u0627\u0631", "name:fr": "Rue Chedly Khaznadar", "oneway": "no", "surface": "asphalt"}, "geometry": {"type": "LineString", "coordinates": [[11.0890487, 36.846473], [11.0891654, 36.8459004], [11.0891727, 36.8458457], [11.0891687, 36.8457862], [11.0891492, 36.8456869], [11.08903, 36.8452758]]}}, {"type": "Feature", "properties": {"highway": "residential"}, "geometry": {"type": "LineString", "coordinates": [[11.0968244, 36.8512154], [11.0966205, 36.8511006], [11.096292, 36.8509074]]}}, {"type": "Feature", "properties": {"highway": "tertiary", "oneway": "yes"}, "geometry": {"type": "LineString", "coordinates": [[11.0933636, 36.8454507], [11.0934622, 36.8455517], [11.093517, 36.8456104]]}}, {"type": "Feature", "properties": {"highway": "residential", "maxspeed": "50", "name": "\u0646\u0647\u062c \u0634\u0647\u064a\u062f \u0628\u0646\u0632\u0631\u062a \u0645\u062d\u0645\u062f \u0627\u0644\u0637\u064a\u0628 \u0633\u0631\u062f\u0648\u0642", "name:ar": "\u0646\u0647\u062c \u0634\u0647\u064a\u062f \u0628\u0646\u0632\u0631\u062a \u0645\u062d\u0645\u062f \u0627\u0644\u0637\u064a\u0628 \u0633\u0631\u062f\u0648\u0642", "oneway": "no", "surface": "asphalt"}, "geometry": {"type": "LineString", "coordinates": [[11.0867359, 36.8488566], [11.087267, 36.8482341], [11.0877062, 36.8477469], [11.0886557, 36.8468347], [11.0889213, 36.8466093], [11.0890487, 36.846473]]}}, {"type": "Feature", "properties": {"highway": "residential"}, "geometry": {"type": "LineString", "coordinates": [[11.0905445, 36.844716], [11.0916979, 36.8438295], [11.0926267, 36.8430375]]}}, {"type": "Feature", "properties": {"highway": "residential"}, "geometry": {"type": "LineString", "coordinates": [[11.099998, 36.8421477], [11.0999351, 36.8421149], [11.0998782, 36.8420722], [11.0996973, 36.8419291], [11.0991521, 36.841518], [11.0987601, 36.8412289], [11.0983847, 36.8409378]]}}, {"type": "Feature", "properties": {"addr:city": "Kelibia", "addr:governorate": "Nabeul", "alt_name": "Route de la Plage", "highway": "tertiary", "lanes": "2", "lit": "yes", "name": "\u0634\u0627\u0631\u0639 \u0627\u0644\u0634\u0647\u062f\u0627\u0621", "name:ar": "\u0634\u0627\u0631\u0639 \u0627\u0644\u0634\u0647\u062f\u0627\u0621", "name:fr": "Avenue des Martyrs", "oneway": "yes", "postal_code": "8090", "surface": "asphalt"}, "geometry": {"type": "LineString", "coordinates": [[11.0969454, 36.8441141], [11.0969988, 36.8440639], [11.0970944, 36.8440082], [11.0973596, 36.8438819], [11.0975475, 36.8437929], [11.0976624, 36.8437238], [11.0978718, 36.8435721], [11.0984847, 36.8430408], [11.0989361, 36.842645], [11.0991092, 36.8425059], [11.0991962, 36.8424491], [11.0993483, 36.8423711], [11.0994824, 36.8423091], [11.099998, 36.8421477], [11.1008238, 36.8419168], [11.1017388, 36.8416637], [11.1020583, 36.8415632], [11.1024779, 36.8413719], [11.102671, 36.8412735], [11.102842, 36.8411798], [11.1034132, 36.8408765], [11.1035098, 36.8408235], [11.1036387, 36.8407652], [11.1037561, 36.8407091], [11.104051, 36.8405713], [11.1042005, 36.8405004], [11.1046122, 36.8402782], [11.10561, 36.8397319], [11.1073735, 36.8387616], [11.1077021, 36.8385705], [11.1080454, 36.8383677], [11.1081969, 36.8382936], [11.108437, 36.8381552], [11.1096842, 36.8374865], [11.1101355, 36.8372326], [11.1103052, 36.8371334], [11.1104487, 36.8370968]]}}, {"type": "Feature", "properties": {"access": "permissive", "highway": "service", "surface": "asphalt"}, "geometry": {"type": "LineString", "coordinates": [[11.1090725, 36.8324536], [11.1109068, 36.8323153]]}}, {"type": "Feature", "properties": {"highway": "residential", "lanes": "2", "oneway": "no", "surface": "paved"}, "geometry": {"type": "LineString", "coordinates": [[11.0962208, 36.8369243], [11.096177, 36.8369978]]}}, {"type": "Feature", "properties": {"highway": "residential"}, "geometry": {"type": "LineString", "coordinates": [[11.1021459, 36.8397749], [11.1020976, 36.8398413], [11.1018132, 36.8401617], [11.1017497, 36.8402355], [11.1015669, 36.8404465], [11.1013862, 36.8406168], [11.1012234, 36.8409014]]}}, {"type": "Feature", "properties": {"highway": "tertiary", "lane_markings": "no", "oneway": "yes", "surface": "asphalt"}, "geometry": {"type": "LineString", "coordinates": [[11.1004081, 36.8390499], [11.1013546, 36.8394399], [11.1021459, 36.8397749], [11.1025187, 36.8399605], [11.1028459, 36.8401172], [11.1031624, 36.8402653], [11.103542, 36.8404375]]}}, {"type": "Feature", "properties": {"highway": "residential"}, "geometry": {"type": "LineString", "coordinates": [[11.1005124, 36.8403877], [11.1009186, 36.8406766], [11.1012234, 36.8409014], [11.1012841, 36.8409462], [11.1020583, 36.8415632], [11.1021111, 36.8416187]]}}, {"type": "Feature", "properties": {"highway": "residential"}, "geometry": {"type": "LineString", "coordinates": [[11.0915642, 36.8453311], [11.0914774, 36.8454095], [11.0913787, 36.8455043], [11.0911123, 36.8457749], [11.0908382, 36.8460813], [11.0906609, 36.8463001], [11.0905963, 36.8463807], [11.0905078, 36.8464805], [11.090495, 36.8465009], [11.0904944, 36.8465374], [11.0907244, 36.8466614], [11.0907364, 36.8466828], [11.0907324, 36.8467209], [11.0906909, 36.8467838], [11.0904702, 36.8469999]]}}, {"type": "Feature", "properties": {"highway": "residential"}, "geometry": {"type": "LineString", "coordinates": [[11.1072861, 36.8381693], [11.1076598, 36.8381122], [11.1077282, 36.8381127], [11.1078568, 36.838109], [11.1079461, 36.8381418]]}}, {"type": "Feature", "properties": {"highway": "residential", "lanes": "2", "oneway": "no", "surface": "paved"}, "geometry": {"type": "LineString", "coordinates": [[11.0950118, 36.8394837], [11.0957792, 36.8384005], [11.0961645, 36.837901], [11.0966794, 36.8372534], [11.0967402, 36.837182]]}}, {"type": "Feature", "properties": {"highway": "residential", "name": "\u0646\u0647\u062c \u0648\u0647\u0631\u0627\u0646", "name:ar": "\u0646\u0647\u062c \u0648\u0647\u0631\u0627\u0646", "name:fr": "Rue d'Oran", "oneway": "no"}, "geometry": {"type": "LineString", "coordinates": [[11.0968002, 36.8424862], [11.0961811, 36.8421599], [11.0958683, 36.8419892], [11.0949408, 36.8415019]]}}, {"type": "Feature", "properties": {"highway": "residential"}, "geometry": {"type": "LineString", "coordinates": [[11.1155348, 36.8337503], [11.1158186, 36.8338281], [11.1160645, 36.83389], [11.1162223, 36.833927], [11.1163225, 36.8339556]]}}, {"type": "Feature", "properties": {"highway": "tertiary_link", "lane_markings": "no", "oneway": "yes", "surface": "asphalt"}, "geometry": {"type": "LineString", "coordinates": [[11.1034132, 36.8408765], [11.1034333, 36.8408438], [11.1034427, 36.8408197], [11.1034447, 36.8407864], [11.1034344, 36.8407574], [11.1033944, 36.8406851], [11.1033206, 36.840571]]}}, {"type": "Feature", "properties": {"highway": "residential", "lanes": "2", "oneway": "no", "surface": "paved"}, "geometry": {"type": "LineString", "coordinates": [[11.0970656, 36.840463], [11.0973154, 36.8401601], [11.0974163, 36.8400438], [11.0975601, 36.8399246]]}}, {"type": "Feature", "properties": {"highway": "residential"}, "geometry": {"type": "LineString", "coordinates": [[11.08903, 36.8452758], [11.0891345, 36.8449034], [11.0893652, 36.8446346], [11.0895126, 36.8445106], [11.089848, 36.8442568]]}}, {"type": "Feature", "properties": {"highway": "residential", "lanes": "2", "oneway": "no", "surface": "paved"}, "geometry": {"type": "LineString", "coordinates": [[11.0996588, 36.8396755], [11.0988964, 36.8393004], [11.0985928, 36.8391405], [11.0984109, 36.8390342], [11.0981667, 36.8389132], [11.0976923, 36.8386831], [11.0973833, 36.8385254], [11.0961645, 36.837901], [11.0956922, 36.83767]]}}, {"type": "Feature", "properties": {"highway": "residential", "name": "\u0634\u0627\u0631\u0639 \u0637\u0631\u0627\u0628\u0644\u0633", "name:ar": "\u0634\u0627\u0631\u0639 \u0637\u0631\u0627\u0628\u0644\u0633", "name:fr": "Avenue de Tripoli", "oneway": "no"}, "geometry": {"type": "LineString", "coordinates": [[11.0923734, 36.8422284], [11.0930336, 36.8425057], [11.0938076, 36.8428763], [11.0944502, 36.8431298], [11.0949575, 36.8433429], [11.0956527, 36.8436303]]}}, {"type": "Feature", "properties": {"highway": "tertiary", "oneway": "yes"}, "geometry": {"type": "LineString", "coordinates": [[11.0930956, 36.8458248], [11.093252, 36.8457245], [11.093315, 36.8456941], [11.0933813, 36.845679], [11.0934588, 36.8456675]]}}, {"type": "Feature", "properties": {"highway": "tertiary", "lanes": "2", "lit": "yes", "surface": "asphalt"}, "geometry": {"type": "LineString", "coordinates": [[11.1237108, 36.8535709], [11.1235539, 36.8536632], [11.1231771, 36.8538317], [11.1231529, 36.8538381], [11.1229102, 36.8539529], [11.1227801, 36.8539916], [11.1226769, 36.8540087], [11.1225199, 36.8540184], [11.1223711, 36.854012], [11.1222222, 36.8539841], [11.1220774, 36.8539444], [11.1217904, 36.8538489], [11.1216375, 36.8537716], [11.1215235, 36.8537405], [11.1213746, 36.8537297], [11.1212855, 36.8537394], [11.1212285, 36.8537523], [11.1209428, 36.8538456], [11.1204909, 36.8541236], [11.1199511, 36.8545646], [11.119882, 36.8546054], [11.1197935, 36.8546322], [11.1196942, 36.8546537], [11.1195427, 36.8546709], [11.1193174, 36.8546751], [11.1191082, 36.8546735], [11.1189902, 36.8546676], [11.1188909, 36.8546601], [11.1187541, 36.8546472], [11.1185811, 36.8546247], [11.1183665, 36.8544509], [11.1182626, 36.8543613], [11.1180883, 36.8541987], [11.1179367, 36.8540544], [11.1178649, 36.8539793], [11.1177698, 36.85388], [11.1175605, 36.8536407], [11.1173379, 36.853397], [11.1170522, 36.8531363], [11.1167961, 36.8529078], [11.1166187, 36.852735], [11.1164836, 36.8526652], [11.1164018, 36.8525557], [11.1162637, 36.8524742], [11.1161175, 36.8524044], [11.1156951, 36.8521973], [11.1149776, 36.8519097], [11.1144492, 36.8517026], [11.1137169, 36.8513603], [11.1129431, 36.8510104], [11.1127044, 36.8509096], [11.1125019, 36.8508505], [11.1121599, 36.8508312], [11.1119587, 36.8508387], [11.1116074, 36.8508623], [11.1113164, 36.8508623], [11.1108698, 36.8508291], [11.110556, 36.8508055], [11.1104178, 36.85077], [11.1102113, 36.8506992], [11.1101134, 36.8506692], [11.1095877, 36.8504776], [11.1089862, 36.850337], [11.108673, 36.8503107], [11.1083015, 36.8502711], [11.1080641, 36.850241], [11.1075693, 36.8501336], [11.1074728, 36.8501057], [11.1073852, 36.8500774], [11.1071133, 36.8499963], [11.1067901, 36.849889], [11.1066386, 36.8498525], [11.1062215, 36.8497902], [11.1056207, 36.8496916], [11.1053498, 36.8496411], [11.1050091, 36.8495703], [11.1048348, 36.8495346], [11.1046999, 36.8495118], [11.1046157, 36.849502], [11.1041994, 36.8494783], [11.1041185, 36.849481], [11.1038125, 36.8495274], [11.1031493, 36.8496321], [11.1029268, 36.8496803], [11.1027479, 36.8497298]]}}, {"type": "Feature", "properties": {"highway": "residential"}, "geometry": {"type": "LineString", "coordinates": [[11.0991521, 36.841518], [11.0996228, 36.8411147], [11.1004655, 36.8404258], [11.1005124, 36.8403877], [11.1007645, 36.8401698], [11.1009631, 36.839976], [11.1010462, 36.8398682], [11.1013131, 36.8394947], [11.1013546, 36.8394399]]}}, {"type": "Feature", "properties": {"highway": "tertiary", "oneway": "no"}, "geometry": {"type": "LineString", "coordinates": [[11.0969454, 36.8441141], [11.0968395, 36.8441617]]}}, {"type": "Feature", "properties": {"highway": "residential", "maxspeed": "50", "name": "\u0646\u0647\u062c \u0623\u0645\u064a\u0644\u0643\u0627\u0631", "name:ar": "\u0646\u0647\u062c \u0623\u0645\u064a\u0644\u0643\u0627\u0631", "name:fr": "Rue Amilcar", "oneway": "no", "surface": "asphalt"}, "geometry": {"type": "LineString", "coordinates": [[11.1008238, 36.8419168], [11.1006526, 36.8418142], [11.1003555, 36.8416156], [11.1001214, 36.8414473], [11.0996228, 36.8411147], [11.0992539, 36.8408308], [11.098984, 36.8406279], [11.0988272, 36.8405002]]}}, {"type": "Feature", "properties": {"highway": "residential"}, "geometry": {"type": "LineString", "coordinates": [[11.0927249, 36.8460737], [11.0927206, 36.8460384], [11.0927048, 36.8460013], [11.0926653, 36.8459681], [11.0926301, 36.8459514], [11.0925235, 36.8459149], [11.0924242, 36.8458935], [11.0922995, 36.84585], [11.0922445, 36.8458221], [11.0921144, 36.8457647], [11.0920444, 36.8457287], [11.091921, 36.8456424], [11.091704, 36.8454521], [11.0915642, 36.8453311]]}}, {"type": "Feature", "properties": {"highway": "residential"}, "geometry": {"type": "LineString", "coordinates": [[11.1238973, 36.8572259], [11.1237766, 36.8572666], [11.1236666, 36.8572774], [11.1235432, 36.8572194], [11.1233796, 36.857067], [11.123228, 36.8568825], [11.1232012, 36.8568009], [11.1231918, 36.8559478]]}}, {"type": "Feature", "properties": {"highway": "residential"}, "geometry": {"type": "LineString", "coordinates": [[11.0973842, 36.8419195], [11.0966825, 36.8416612], [11.0965826, 36.8416171], [11.0964881, 36.8415704], [11.0964154, 36.8415207], [11.0963188, 36.8414677], [11.0959916, 36.841298], [11.0954262, 36.8409849]]}}, {"type": "Feature", "properties": {"highway": "residential"}, "geometry": {"type": "LineString", "coordinates": [[11.0968174, 36.8408675], [11.0966382, 36.8407619], [11.0964569, 36.8406728], [11.0964245, 36.8406482], [11.0963849, 36.8406353], [11.0963391, 36.8406356], [11.0962684, 36.8406416], [11.0955548, 36.8407969], [11.0954262, 36.8409849], [11.095033, 36.8413907]]}}, {"type": "Feature", "properties": {"highway": "residential"}, "geometry": {"type": "LineString", "coordinates": [[11.0971222, 36.8404943], [11.0968174, 36.8408675], [11.0965497, 36.8411671], [11.0965134, 36.8412219], [11.0963188, 36.8414677], [11.0958683, 36.8419892]]}}, {"type": "Feature", "properties": {"highway": "residential", "lanes": "2", "oneway": "no", "surface": "paved"}, "geometry": {"type": "LineString", "coordinates": [[11.0973154, 36.8401601], [11.0976523, 36.8403452], [11.0981002, 36.8405975], [11.0985132, 36.8408195]]}}, {"type": "Feature", "properties": {"highway": "tertiary", "lane_markings": "no", "oneway": "yes", "surface": "asphalt"}, "geometry": {"type": "LineString", "coordinates": [[11.1033206, 36.840571], [11.103074, 36.8403565], [11.1027735, 36.8401795], [11.1024785, 36.8400292], [11.1020976, 36.8398413], [11.1013131, 36.8394947], [11.1009241, 36.839338], [11.100359, 36.8391023]]}}, {"type": "Feature", "properties": {"highway": "tertiary", "maxspeed": "50", "name": "\u0646\u0647\u062c \u0627\u0628\u0646 \u0627\u0644\u062c\u0632\u0627\u0631", "name:ar": "\u0646\u0647\u062c \u0627\u0628\u0646 \u0627\u0644\u062c\u0632\u0627\u0631", "name:fr": "Rue Ibn El Jazzar", "oneway": "no", "surface": "asphalt"}, "geometry": {"type": "LineString", "coordinates": [[11.0924068, 36.853646], [11.0928675, 36.8532678], [11.0931927, 36.8528906], [11.0933041, 36.8527854], [11.0934837, 36.8526158], [11.0939638, 36.8523197], [11.0940557, 36.8522424], [11.0942327, 36.8520557], [11.094397, 36.8518614], [11.0945432, 36.8516779], [11.0949012, 36.8511617], [11.0950877, 36.8508731], [11.0953478, 36.8504481]]}}, {"type": "Feature", "properties": {"highway": "residential"}, "geometry": {"type": "LineString", "coordinates": [[11.1229821, 36.8555483], [11.1228458, 36.855393], [11.1227064, 36.8552214], [11.1222209, 36.8547149], [11.122076, 36.8545303], [11.1218695, 36.8541847], [11.121789, 36.8540077], [11.1217904, 36.8538489]]}}, {"type": "Feature", "properties": {"highway": "residential"}, "geometry": {"type": "LineString", "coordinates": [[11.0915642, 36.8453311], [11.0913852, 36.8452401], [11.0912669, 36.8451809], [11.0911381, 36.8451026], [11.0910536, 36.845051], [11.0908935, 36.8449609], [11.0905445, 36.844716], [11.0903088, 36.8445431], [11.0901918, 36.8444628], [11.089848, 36.8442568], [11.0897822, 36.844201], [11.0896092, 36.8440261], [11.0893973, 36.8437749], [11.0893115, 36.8436515], [11.0889776, 36.8432243], [11.0887496, 36.8429389], [11.0885377, 36.8426888], [11.0880643, 36.8422606], [11.0878347, 36.8419729], [11.0875245, 36.8416794], [11.0873296, 36.8415274], [11.0872677, 36.8414791], [11.0870309, 36.8413025], [11.0869753, 36.8412549]]}}, {"type": "Feature", "properties": {"highway": "residential", "lanes": "2", "oneway": "no", "surface": "paved"}, "geometry": {"type": "LineString", "coordinates": [[11.0960758, 36.8401958], [11.0962961, 36.8398892], [11.0965005, 36.8395922], [11.09661, 36.8394526], [11.0969425, 36.8390118], [11.0973833, 36.8385254], [11.0979577, 36.8379009], [11.0980201, 36.8378357]]}}, {"type": "Feature", "properties": {"highway": "tertiary", "lane_markings": "no", "maxspeed": "50", "oneway": "yes", "surface": "asphalt"}, "geometry": {"type": "LineString", "coordinates": [[11.0927249, 36.8460737], [11.092796, 36.8461897], [11.0929298, 36.8463754], [11.0929204, 36.8464022], [11.0929097, 36.8464241], [11.0928936, 36.846444], [11.0926824, 36.8466168], [11.0923513, 36.8468726], [11.0920218, 36.8471432], [11.091808, 36.847323], [11.0916985, 36.8474281], [11.0916306, 36.8474636], [11.0915934, 36.8474765], [11.091572, 36.8474826], [11.091507, 36.8474822], [11.0914514, 36.847476], [11.0910464, 36.8472957]]}}, {"type": "Feature", "properties": {"highway": "residential", "lanes": "2", "name": "Rue Du Caire"}, "geometry": {"type": "LineString", "coordinates": [[11.0991911, 36.840154], [11.0982, 36.8396393], [11.0978068, 36.8394455], [11.097202, 36.839137], [11.0969425, 36.8390118], [11.0964645, 36.8387695], [11.0957792, 36.8384005], [11.0953184, 36.8381691], [11.0949183, 36.8379752], [11.0942812, 36.8377035], [11.0939902, 36.8375524], [11.0937178, 36.8374339], [11.0932758, 36.8372214], [11.0930921, 36.8371355], [11.0928789, 36.8370443]]}}, {"type": "Feature", "properties": {"highway": "service", "lit": "yes", "maxspeed": "50", "oneway": "no", "service": "alley", "surface": "asphalt"}, "geometry": {"type": "LineString", "coordinates": [[11.0908628, 36.8495516], [11.090526, 36.8494039], [11.0903334, 36.849295], [11.0902181, 36.8492382], [11.0900298, 36.8491558], [11.0896426, 36.8488615], [11.0894885, 36.8487761]]}}, {"type": "Feature", "properties": {"highway": "residential", "maxspeed": "50", "name": "\u0646\u0647\u062c \u0639\u0646\u0627\u0628\u0629", "name:ar": "\u0646\u0647\u062c \u0639\u0646\u0627\u0628\u0629", "name:fr": "Rue de Annaba", "oneway": "no", "surface": "asphalt"}, "geometry": {"type": "LineString", "coordinates": [[11.0962921, 36.8430174], [11.0960808, 36.8429267], [11.0958763, 36.842818], [11.0956479, 36.8426839], [11.0944545, 36.8420388], [11.0937504, 36.8416684], [11.0936448, 36.8416146], [11.0935126, 36.841518], [11.0934603, 36.8414848], [11.0934126, 36.8414397], [11.0933919, 36.8413989], [11.0933222, 36.8412264], [11.0931556, 36.8407538]]}}, {"type": "Feature", "properties": {"highway": "residential", "lanes": "2", "oneway": "no", "surface": "paved"}, "geometry": {"type": "LineString", "coordinates": [[11.091232, 36.838401], [11.0915731, 36.8385213], [11.091757, 36.8386049], [11.0919932, 36.8387098], [11.0926488, 36.839004], [11.0929778, 36.8391517], [11.0937027, 36.8394844], [11.0940014, 36.8396502], [11.0940688, 36.8397192]]}}, {"type": "Feature", "properties": {"highway": "tertiary", "lanes": "2", "oneway": "no", "surface": "paved"}, "geometry": {"type": "LineString", "coordinates": [[11.0981214, 36.8411919], [11.0975831, 36.8407724], [11.0974668, 36.8406785], [11.0972708, 36.8405676], [11.0971222, 36.8404943], [11.0970656, 36.840463], [11.0965303, 36.8403146], [11.0960758, 36.8401958], [11.0959594, 36.8401741], [11.095789, 36.8401539], [11.0956454, 36.8401641], [11.0954296, 36.8401933], [11.0946879, 36.8403667], [11.0945981, 36.8403904], [11.0934194, 36.8406851], [11.0931556, 36.8407538], [11.0924299, 36.8409385], [11.0920991, 36.8410203]]}}, {"type": "Feature", "properties": {"highway": "tertiary", "lanes": "2", "oneway": "no", "surface": "paved"}, "geometry": {"type": "LineString", "coordinates": [[11.0248849, 36.8675062], [11.0255787, 36.8661694], [11.0266525, 36.8646908], [11.0268831, 36.8644054], [11.0284119, 36.8624738], [11.029047, 36.8615625], [11.029155, 36.8611714], [11.0292006, 36.8608946], [11.0292791, 36.8606379], [11.0294446, 36.8602121], [11.0296401, 36.8598059], [11.029802, 36.8596628], [11.0300126, 36.8595066], [11.0302476, 36.8593532], [11.0304367, 36.8592373], [11.0305611, 36.8591751], [11.0308327, 36.8590941], [11.0311224, 36.8590168], [11.0315813, 36.8588906], [11.0316856, 36.8588593], [11.0318566, 36.8587957], [11.0321205, 36.8586489], [11.0322643, 36.8585559], [11.0326023, 36.8583], [11.0329504, 36.8579868], [11.033077, 36.8578515], [11.0332058, 36.8577088], [11.0332809, 36.857617], [11.0333969, 36.8575183], [11.033539, 36.8574343], [11.0337482, 36.8573557], [11.0341854, 36.857213], [11.0344369, 36.8571341], [11.0345643, 36.8570826], [11.0346837, 36.856993], [11.0349854, 36.8566979], [11.0350478, 36.8566373], [11.0352543, 36.8564366], [11.035609, 36.8560766], [11.0359262, 36.8557354], [11.0362601, 36.8553308], [11.0370708, 36.8543726], [11.0375288, 36.8538596], [11.0379888, 36.8533499], [11.0383442, 36.8530312], [11.0384152, 36.8528977], [11.0388571, 36.8526511], [11.0395252, 36.8523411], [11.0402261, 36.8520926], [11.0414508, 36.8517267], [11.041855, 36.8516261], [11.0424291, 36.8514832], [11.0426507, 36.851405], [11.0427502, 36.8513418], [11.042827, 36.8512662], [11.0429065, 36.8511655], [11.0430085, 36.8510223], [11.0434001, 36.8504318], [11.0437908, 36.8499296], [11.0442389, 36.8493233], [11.0446841, 36.8487195], [11.045551, 36.8475502], [11.0459168, 36.847068], [11.0463407, 36.8464612], [11.0466485, 36.846022], [11.0473524, 36.8450085], [11.0480593, 36.8439559], [11.0483027, 36.8436104], [11.0484183, 36.8434754], [11.0485004, 36.8433894]]}}, {"type": "Feature", "properties": {"highway": "tertiary", "lanes": "2", "oneway": "no", "surface": "paved"}, "geometry": {"type": "LineString", "coordinates": [[11.0485004, 36.8433894], [11.0495732, 36.8432264], [11.0500591, 36.8431457], [11.0511077, 36.8429715], [11.0514322, 36.8429506], [11.0517994, 36.8429475], [11.0522013, 36.8429589], [11.0547379, 36.8432007], [11.0561874, 36.8434019], [11.0564679, 36.8434261], [11.0567057, 36.8434149], [11.0575799, 36.8433511], [11.0587981, 36.8432937], [11.0595842, 36.8432397], [11.060023, 36.84318], [11.0606476, 36.8431054], [11.0616842, 36.8429859], [11.0624488, 36.842903], [11.0625864, 36.8428762], [11.0631371, 36.8426922], [11.0638855, 36.842545], [11.0643106, 36.8424913], [11.0649302, 36.8424548], [11.0653992, 36.8424611], [11.0658315, 36.842487], [11.066911, 36.8425493], [11.0672181, 36.8425756], [11.0675253, 36.8426018], [11.0679464, 36.8426587], [11.0685787, 36.8427553], [11.0689194, 36.8428081], [11.0694752, 36.8428943], [11.0698092, 36.8429641], [11.0701921, 36.8430392], [11.0708017, 36.8431521], [11.0710349, 36.8431954], [11.0712891, 36.8432356], [11.0719804, 36.8433317], [11.072765, 36.8434261], [11.0729769, 36.8434433], [11.0731928, 36.8434631], [11.0733872, 36.8434851], [11.0736018, 36.8435259], [11.0742061, 36.8436947], [11.0745017, 36.8437706]]}}, {"type": "Feature", "properties": {"highway": "tertiary", "lanes": "2", "oneway": "yes", "surface": "unpaved"}, "geometry": {"type": "LineString", "coordinates": [[11.0850828, 36.8461329], [11.0847251, 36.8461123]]}}, {"type": "Feature", "properties": {"highway": "tertiary"}, "geometry": {"type": "LineString", "coordinates": [[11.0375288, 36.8538596], [11.0407501, 36.8555122], [11.0426894, 36.85642], [11.045381, 36.8576229], [11.0455151, 36.8576755], [11.045562, 36.8576884], [11.0456251, 36.857698], [11.0457122, 36.8576948], [11.0458665, 36.8576798], [11.0461816, 36.8576057], [11.0464901, 36.8575467], [11.0466725, 36.8575188], [11.0468857, 36.8574931], [11.0470439, 36.8574866], [11.0471767, 36.8574931], [11.0473265, 36.8575152], [11.0480846, 36.8576572], [11.0484669, 36.8577656], [11.0488544, 36.8578751], [11.0490167, 36.857918], [11.0491227, 36.8579319], [11.0494083, 36.8579362]]}}, {"type": "Feature", "properties": {"highway": "tertiary"}, "geometry": {"type": "LineString", "coordinates": [[11.0745017, 36.8437706], [11.0747015, 36.8438104], [11.0750663, 36.8439305], [11.0755377, 36.8440534], [11.0756497, 36.8440711], [11.0757208, 36.8440775], [11.0762166, 36.8441388], [11.0763316, 36.8441516], [11.0765958, 36.8441726], [11.0768064, 36.8441838], [11.0769163, 36.8441902], [11.0773744, 36.8441974], [11.0775393, 36.844201], [11.0778478, 36.8441761], [11.0782112, 36.8441468], [11.0783636, 36.8441346], [11.0785934, 36.844113], [11.0787181, 36.844098], [11.0788455, 36.8440711], [11.0789421, 36.8440336], [11.0790313, 36.8439719], [11.0791902, 36.8438554], [11.0793096, 36.8437674], [11.0796448, 36.8435163]]}}, {"type": "Feature", "properties": {"highway": "residential"}, "geometry": {"type": "LineString", "coordinates": [[11.0972281, 36.849801], [11.0973427, 36.8498385], [11.0973923, 36.849853], [11.0974552, 36.8498635], [11.0975016, 36.8498675], [11.0975546, 36.849867], [11.0976176, 36.84986], [11.0976854, 36.8498503], [11.0977953, 36.8498305], [11.0978959, 36.8498181], [11.0979824, 36.8498182], [11.0981031, 36.8498235], [11.0983298, 36.8498418], [11.0984847, 36.8498536], [11.098663, 36.8498707], [11.0988293, 36.8498922], [11.0990359, 36.8499244], [11.0992028, 36.8499566], [11.0994114, 36.8500017], [11.099524, 36.8500215], [11.0996595, 36.8500424], [11.0998278, 36.8500736], [11.0999465, 36.8500982], [11.1000202, 36.8501133], [11.1000873, 36.8501304], [11.1001745, 36.850161], [11.1004353, 36.8502576], [11.1006291, 36.8503494], [11.1014337, 36.8506369], [11.1017583, 36.8507958], [11.1026796, 36.8512111], [11.1026957, 36.8512379], [11.1026823, 36.851268], [11.1023371, 36.8516029], [11.1023111, 36.8516393], [11.1019608, 36.8521072]]}}, {"type": "Feature", "properties": {"highway": "residential"}, "geometry": {"type": "LineString", "coordinates": [[11.1023417, 36.8530461], [11.1033429, 36.8535175]]}}, {"type": "Feature", "properties": {"highway": "residential"}, "geometry": {"type": "LineString", "coordinates": [[11.096292, 36.8514858], [11.0966205, 36.8511006]]}}, {"type": "Feature", "properties": {"highway": "residential"}, "geometry": {"type": "LineString", "coordinates": [[11.1042474, 36.853073], [11.1044244, 36.8528369], [11.1046524, 36.8525171]]}}, {"type": "Feature", "properties": {"highway": "residential"}, "geometry": {"type": "LineString", "coordinates": [[11.1011575, 36.8542942], [11.1018433, 36.8545744]]}}, {"type": "Feature", "properties": {"highway": "residential"}, "geometry": {"type": "LineString", "coordinates": [[11.101659, 36.8548365], [11.1022559, 36.8551055], [11.1026957, 36.8553147], [11.1030069, 36.8554564], [11.1030383, 36.8554696], [11.1035184, 36.8556769]]}}, {"type": "Feature", "properties": {"highway": "residential", "maxspeed": "50", "name": "\u0646\u0647\u062c \u0627\u0644\u0631\u0627\u0632\u064a", "name:ar": "\u0646\u0647\u062c \u0627\u0644\u0631\u0627\u0632\u064a", "name:fr": "Rue Errazi", "oneway": "no", "surface": "asphalt"}, "geometry": {"type": "LineString", "coordinates": [[11.092156, 36.8523336], [11.0932919, 36.8525568], [11.0934837, 36.8526158]]}}, {"type": "Feature", "properties": {"highway": "residential"}, "geometry": {"type": "LineString", "coordinates": [[11.0983559, 36.8535946], [11.0986791, 36.8531181], [11.099166, 36.8524377], [11.0997332, 36.8516865]]}}, {"type": "Feature", "properties": {"highway": "residential"}, "geometry": {"type": "LineString", "coordinates": [[11.1028768, 36.8524967], [11.1031415, 36.8520486], [11.1032006, 36.8519354], [11.103322, 36.851712], [11.1038475, 36.8509371]]}}, {"type": "Feature", "properties": {"highway": "residential"}, "geometry": {"type": "LineString", "coordinates": [[11.1020537, 36.8534628], [11.1023417, 36.8530461], [11.1024088, 36.8529505], [11.1027708, 36.8524538]]}}, {"type": "Feature", "properties": {"highway": "residential"}, "geometry": {"type": "LineString", "coordinates": [[11.1004628, 36.8552965], [11.1008115, 36.8547771], [11.1011575, 36.8542942], [11.1014633, 36.8538456]]}}, {"type": "Feature", "properties": {"highway": "residential"}, "geometry": {"type": "LineString", "coordinates": [[11.0959567, 36.8513367], [11.096292, 36.8514858], [11.0965186, 36.8515878]]}}, {"type": "Feature", "properties": {"highway": "residential"}, "geometry": {"type": "LineString", "coordinates": [[11.1033665, 36.8507209], [11.1035366, 36.8504824], [11.1035534, 36.8504706], [11.1035802, 36.8504717], [11.1036184, 36.8504846], [11.1037002, 36.8503687], [11.1037311, 36.8503354], [11.1037834, 36.850329], [11.1039738, 36.8503504], [11.1042889, 36.8503773], [11.1044794, 36.8503901], [11.104706, 36.8504052], [11.1050467, 36.8504502], [11.1051285, 36.8504825], [11.1053256, 36.8505844], [11.1053364, 36.8506413], [11.1053163, 36.8506831], [11.1050637, 36.8510768], [11.1049314, 36.8513174], [11.1045988, 36.8518174], [11.1044191, 36.8520685], [11.1042152, 36.8523647]]}}, {"type": "Feature", "properties": {"highway": "residential"}, "geometry": {"type": "LineString", "coordinates": [[11.0988159, 36.8545217], [11.0990117, 36.8544718], [11.0990634, 36.8544562], [11.0991103, 36.8544337], [11.0991415, 36.8544104], [11.0991861, 36.8543618], [11.099402, 36.8540324], [11.0994298, 36.8539925], [11.0994623, 36.853946], [11.0997308, 36.8535897], [11.1000699, 36.8531395], [11.1002187, 36.8529099], [11.100444, 36.8525751], [11.1005138, 36.8524538], [11.1007699, 36.8520621], [11.1009282, 36.8517434]]}}, {"type": "Feature", "properties": {"highway": "residential"}, "geometry": {"type": "LineString", "coordinates": [[11.1033489, 36.854702], [11.1036262, 36.8541762], [11.1036544, 36.8541325], [11.1039352, 36.8536981], [11.1043225, 36.8530987]]}}, {"type": "Feature", "properties": {"highway": "residential"}, "geometry": {"type": "LineString", "coordinates": [[11.0975942, 36.8523271], [11.0980126, 36.8518711], [11.0984874, 36.8513645]]}}, {"type": "Feature", "properties": {"highway": "residential"}, "geometry": {"type": "LineString", "coordinates": [[11.1030762, 36.8539371], [11.1033429, 36.8535175], [11.103782, 36.8528927]]}}, {"type": "Feature", "properties": {"highway": "residential"}, "geometry": {"type": "LineString", "coordinates": [[11.1002187, 36.8529099], [11.099166, 36.8524377], [11.0988951, 36.8523068], [11.0984901, 36.8521244], [11.0980126, 36.8518711]]}}, {"type": "Feature", "properties": {"highway": "residential"}, "geometry": {"type": "LineString", "coordinates": [[11.1014359, 36.8500065], [11.1017284, 36.8501083], [11.1021346, 36.8502584], [11.1033665, 36.8507209], [11.103438, 36.8507556], [11.1034447, 36.8507615], [11.1034456, 36.8507715], [11.1034354, 36.8507975], [11.1038475, 36.8509371], [11.1042657, 36.8510924], [11.1044767, 36.851166], [11.1049314, 36.8513174]]}}, {"type": "Feature", "properties": {"highway": "residential"}, "geometry": {"type": "LineString", "coordinates": [[11.0969075, 36.851136], [11.0968244, 36.8512154], [11.0965186, 36.8515878], [11.095836, 36.8524463]]}}, {"type": "Feature", "properties": {"highway": "residential"}, "geometry": {"type": "LineString", "coordinates": [[11.1036262, 36.8541762], [11.1030762, 36.8539371], [11.1024851, 36.8536616], [11.1020537, 36.8534628], [11.1013399, 36.8531481]]}}, {"type": "Feature", "properties": {"highway": "residential"}, "geometry": {"type": "LineString", "coordinates": [[11.1006972, 36.8534806], [11.100725, 36.8534853], [11.1007448, 36.8534904], [11.1007806, 36.8535036], [11.1008205, 36.8535218], [11.1008749, 36.8535478], [11.1009701, 36.8535996], [11.1014633, 36.8538456], [11.1021633, 36.8541676], [11.1027306, 36.8544283], [11.1031906, 36.8546311], [11.1033489, 36.854702], [11.1035286, 36.8547835], [11.1038189, 36.8549209], [11.1038773, 36.8549541], [11.103909, 36.8549834]]}}, {"type": "Feature", "properties": {"highway": "residential"}, "geometry": {"type": "LineString", "coordinates": [[11.1011629, 36.8555336], [11.101659, 36.8548365], [11.1018433, 36.8545744], [11.1021633, 36.8541676], [11.1024851, 36.8536616]]}}, {"type": "Feature", "properties": {"highway": "residential"}, "geometry": {"type": "LineString", "coordinates": [[11.1031415, 36.8520486], [11.1035955, 36.8521799], [11.1042152, 36.8523647], [11.1046524, 36.8525171], [11.1050611, 36.8526543], [11.1055295, 36.8528455], [11.1057414, 36.8529185], [11.1060579, 36.8529464], [11.1063046, 36.8529635], [11.1066372, 36.8531417], [11.1066587, 36.8531551], [11.1073105, 36.8535709], [11.1075814, 36.8537405], [11.1079328, 36.8534014], [11.1080883, 36.8532125], [11.1081663, 36.8531096], [11.1082774, 36.852963], [11.1082861, 36.8529378]]}}, {"type": "Feature", "properties": {"highway": "tertiary"}, "geometry": {"type": "LineString", "coordinates": [[11.0964871, 36.8505908], [11.0969075, 36.851136], [11.0973608, 36.8518217], [11.0975942, 36.8523271], [11.0978664, 36.8527661], [11.0980622, 36.8530923], [11.0981467, 36.8532318], [11.0983559, 36.8535946], [11.0986381, 36.8540737], [11.0987127, 36.8542497], [11.0988159, 36.8545217], [11.0989272, 36.854769], [11.0991597, 36.8552622], [11.0991901, 36.8553244], [11.099345, 36.8556715]]}}, {"type": "Feature", "properties": {"highway": "residential"}, "geometry": {"type": "LineString", "coordinates": [[11.0966299, 36.8503848], [11.0974024, 36.8508473], [11.0976612, 36.8509815], [11.097857, 36.8510791], [11.0984511, 36.8513468], [11.0984874, 36.8513645], [11.0991485, 36.8516167], [11.099347, 36.8516865], [11.0994161, 36.8516994], [11.0994808, 36.8517037], [11.0995307, 36.8517037], [11.0995884, 36.8517016], [11.0996635, 36.8516951], [11.0997332, 36.8516865], [11.1000993, 36.8515985], [11.100393, 36.8516458], [11.1009282, 36.8517434], [11.1011387, 36.8517767], [11.1015035, 36.8519226], [11.1019608, 36.8521072], [11.1020547, 36.852149], [11.1023336, 36.8522703], [11.1027708, 36.8524538], [11.1028768, 36.8524967], [11.103322, 36.8526856], [11.103782, 36.8528927], [11.1042474, 36.853073], [11.1043225, 36.8530987], [11.1045152, 36.8531629], [11.1046162, 36.8531964], [11.1046022, 36.8532374], [11.1045543, 36.8533774], [11.1044928, 36.8535838], [11.1044412, 36.8538193], [11.1044202, 36.853901], [11.1043554, 36.8541525], [11.1043078, 36.8543756], [11.1042856, 36.8544793], [11.1042066, 36.8547768], [11.104175, 36.8548957], [11.1041401, 36.8549949], [11.1041106, 36.8550314], [11.1040529, 36.855055], [11.1039859, 36.8550625], [11.1039068, 36.8550717]]}}, {"type": "Feature", "properties": {"highway": "residential", "oneway": "no", "surface": "asphalt"}, "geometry": {"type": "LineString", "coordinates": [[11.1226383, 36.8493693], [11.1228286, 36.8494441], [11.1234294, 36.8497105], [11.123654, 36.8498097], [11.1238568, 36.8498989], [11.1239174, 36.8499169], [11.1239837, 36.8499221], [11.124453, 36.8498965], [11.1247365, 36.8498792]]}}, {"type": "Feature", "properties": {"highway": "residential"}, "geometry": {"type": "LineString", "coordinates": [[11.123362, 36.8474326], [11.1224717, 36.8476986], [11.1221136, 36.8477866]]}}, {"type": "Feature", "properties": {"highway": "residential", "maxspeed": "50", "name": "\u0646\u0647\u062c \u0628\u0627\u0631\u064a\u0633 \u0627\u0644\u0635\u063a\u064a\u0631\u0629", "name:ar": "\u0646\u0647\u062c \u0628\u0627\u0631\u064a\u0633 \u0627\u0644\u0635\u063a\u064a\u0631\u0629", "name:fr": "Rue Petit Paris", "oneway": "yes", "surface": "asphalt"}, "geometry": {"type": "LineString", "coordinates": [[11.1225709, 36.8461215], [11.122768, 36.8461977], [11.122968, 36.8462972], [11.1231142, 36.8463871], [11.1232773, 36.8465196], [11.1234136, 36.8466644], [11.1234884, 36.8467849], [11.123524, 36.8468772], [11.1235301, 36.8469537], [11.1234788, 36.847059], [11.1233772, 36.8472314], [11.1233551, 36.8473055], [11.1233541, 36.8473745], [11.123362, 36.8474326], [11.1235252, 36.847761], [11.1235864, 36.8479517], [11.123702, 36.8482801], [11.1237343, 36.8483512], [11.1238404, 36.8485191], [11.1239008, 36.8486045], [11.1240543, 36.8487637], [11.1241375, 36.84883], [11.1244585, 36.8490421], [11.124608, 36.8491313], [11.1248448, 36.8492478], [11.1250809, 36.8493607], [11.1251522, 36.8493909]]}}, {"type": "Feature", "properties": {"highway": "service"}, "geometry": {"type": "LineString", "coordinates": [[11.1148502, 36.8345208], [11.1152673, 36.8342557], [11.1154108, 36.8341376], [11.1154972, 36.8340083], [11.1155082, 36.8339767], [11.1155287, 36.833918], [11.1155418, 36.8338319], [11.1155348, 36.8337503], [11.115486, 36.8336209], [11.1152234, 36.8333645]]}}, {"type": "Feature", "properties": {"highway": "service", "lanes": "1", "lit": "yes", "maxspeed": "50", "name": "\u0646\u0647\u062c \u0633\u0627\u0642\u064a\u0629 \u0633\u064a\u062f\u064a \u064a\u0648\u0633\u0641", "name:ar": "\u0646\u0647\u062c \u0633\u0627\u0642\u064a\u0629 \u0633\u064a\u062f\u064a \u064a\u0648\u0633\u0641", "name:fr": "Rue Sakiet Sidi Youssef", "service": "alley", "surface": "asphalt"}, "geometry": {"type": "LineString", "coordinates": [[11.0925977, 36.8479376], [11.0927583, 36.8477381], [11.0928379, 36.8476224], [11.0930089, 36.8474539], [11.0931725, 36.8472581], [11.0932181, 36.8472051], [11.0933496, 36.8470865], [11.0934593, 36.8470438], [11.0935668, 36.8470257], [11.0936554, 36.8469978], [11.0937139, 36.8469567], [11.0938176, 36.8468647], [11.0938357, 36.8468131], [11.0938679, 36.8467306], [11.0939705, 36.846532], [11.094, 36.8464054], [11.0939692, 36.8462691], [11.0939503, 36.8462331], [11.0938136, 36.8460877], [11.0937197, 36.8459213], [11.0937074, 36.8458809], [11.0936869, 36.8458334], [11.0936637, 36.8458038], [11.0936353, 36.8457773], [11.0936023, 36.8457544]]}}, {"type": "Feature", "properties": {"highway": "residential"}, "geometry": {"type": "LineString", "coordinates": [[11.0903643, 36.8597429], [11.0899967, 36.8595676], [11.0899593, 36.859549], [11.0898359, 36.8594793], [11.0897487, 36.8594095], [11.089691, 36.8593569], [11.0894014, 36.859123], [11.0888569, 36.858785], [11.0883237, 36.8584367], [11.0879114, 36.858198], [11.0875238, 36.8579684], [11.0871654, 36.857774], [11.0869284, 36.8576411], [11.086687, 36.8574857]]}}, {"type": "Feature", "properties": {"highway": "residential"}, "geometry": {"type": "LineString", "coordinates": [[11.0854035, 36.837348], [11.0860178, 36.8376883], [11.0872476, 36.8384031], [11.0878621, 36.838749], [11.0879262, 36.8387874], [11.0880817, 36.8388636], [11.0882642, 36.838932], [11.0885377, 36.8390085], [11.0889602, 36.8391802], [11.0893343, 36.8393562], [11.0894906, 36.8394351], [11.0897286, 36.8395644], [11.0908873, 36.8401397], [11.0908661, 36.8402039], [11.0907097, 36.8406867], [11.0907242, 36.8407269], [11.0911644, 36.8409942], [11.0913971, 36.8411785]]}}, {"type": "Feature", "properties": {"highway": "residential"}, "geometry": {"type": "LineString", "coordinates": [[11.1183633, 36.8405871], [11.1190571, 36.8407506]]}}, {"type": "Feature", "properties": {"highway": "residential"}, "geometry": {"type": "LineString", "coordinates": [[11.0858635, 36.8499904], [11.0861049, 36.8501111], [11.0864336, 36.8502827], [11.086923, 36.8504942], [11.0874013, 36.8506425]]}}, {"type": "Feature", "properties": {"highway": "residential", "maxspeed": "50", "name": "\u0646\u0647\u062c \u0642\u0641\u0635\u0629", "name:ar": "\u0646\u0647\u062c \u0642\u0641\u0635\u0629", "name:fr": "Rue de Gafsa", "oneway": "no", "surface": "asphalt"}, "geometry": {"type": "LineString", "coordinates": [[11.0863705, 36.8539279], [11.0858783, 36.8536163], [11.0853419, 36.8533833], [11.0849444, 36.8532139], [11.0846613, 36.8531154], [11.0843132, 36.8529743], [11.083826, 36.8527662], [11.0833963, 36.8525848], [11.0831435, 36.8524909], [11.0829861, 36.8524243], [11.0825314, 36.852204]]}}, {"type": "Feature", "properties": {"highway": "residential"}, "geometry": {"type": "LineString", "coordinates": [[11.0832852, 36.8510247], [11.0838362, 36.851285], [11.0842404, 36.8514619], [11.0843003, 36.851491], [11.084712, 36.8516424], [11.0849626, 36.8517314], [11.0852614, 36.8518593], [11.0854931, 36.8519582], [11.085654, 36.8520051], [11.085779, 36.8520256], [11.0857878, 36.8520256], [11.0859324, 36.8520044], [11.0859755, 36.8520036], [11.085995, 36.8520031], [11.0860111, 36.8520036], [11.0860862, 36.8520149], [11.0861507, 36.8520359], [11.0863986, 36.8520999], [11.086447, 36.852116]]}}, {"type": "Feature", "properties": {"highway": "secondary", "lanes": "2", "oneway": "no", "surface": "asphalt"}, "geometry": {"type": "LineString", "coordinates": [[11.0903334, 36.8504674], [11.0902697, 36.8505661], [11.0902483, 36.8506016], [11.0901732, 36.8507164], [11.0900572, 36.8509133], [11.0897824, 36.8513159], [11.0897105, 36.851407], [11.089681, 36.8514413], [11.0896629, 36.8514638], [11.0896227, 36.8515057], [11.0895569, 36.8515599], [11.0894859, 36.8516168], [11.0894087, 36.8516688], [11.0893311, 36.8517261], [11.0892266, 36.8518258], [11.0889514, 36.8522242], [11.0888743, 36.8523234], [11.0887918, 36.8524157], [11.0886499, 36.8526025], [11.0885173, 36.8527379], [11.0884542, 36.8527862], [11.0883564, 36.8528429], [11.0882144, 36.8529291], [11.0879791, 36.8530585], [11.0877583, 36.8531747], [11.0874859, 36.8533079], [11.087236, 36.8534392], [11.0866407, 36.853762], [11.0863705, 36.8539279], [11.0860756, 36.8541139], [11.0859692, 36.854191], [11.0859214, 36.8542287], [11.0855549, 36.8546141], [11.0852814, 36.8549377], [11.0849896, 36.855229], [11.0847828, 36.8554093], [11.0846052, 36.8555476], [11.084424, 36.8556788], [11.0840661, 36.8558743], [11.0839074, 36.8559624], [11.0835984, 36.8561501], [11.0833631, 36.8562671], [11.0832737, 36.8563294], [11.0829448, 36.8565254], [11.0826549, 36.8566963], [11.0824435, 36.8568359], [11.0821295, 36.8570721], [11.0818855, 36.8572763], [11.0811836, 36.8578147], [11.0809544, 36.8580001], [11.0806124, 36.8582937], [11.0803764, 36.8585065], [11.0799743, 36.8588565], [11.0796717, 36.8591005], [11.0792489, 36.859441], [11.0790252, 36.8596257], [11.0786812, 36.8599023], [11.0783037, 36.8601681], [11.0778117, 36.8604688], [11.0777397, 36.8605227], [11.0772912, 36.8608549], [11.0768057, 36.861209], [11.0766427, 36.8613362], [11.0764785, 36.8614643], [11.0758562, 36.8620116], [11.0750837, 36.8627519], [11.0745495, 36.8632614], [11.0738633, 36.8639258], [11.0732244, 36.8645596], [11.0728945, 36.8647884], [11.0726811, 36.8648972], [11.0724259, 36.8650422], [11.0721975, 36.8652129], [11.0717677, 36.8656209], [11.07092, 36.8664336], [11.070056, 36.8673281], [11.0699058, 36.867459], [11.0697676, 36.8675631], [11.0696147, 36.867665], [11.069258, 36.8678999], [11.0678311, 36.8688495], [11.067583, 36.8690147], [11.067182, 36.8693494], [11.0667944, 36.8696606], [11.0666764, 36.8697475], [11.0666461, 36.8697678], [11.065924, 36.8702539], [11.0658409, 36.8703129], [11.0657631, 36.8703612], [11.0656317, 36.8704685], [11.0654654, 36.870624], [11.0652119, 36.8708944], [11.0649893, 36.8711497], [11.0647318, 36.8714265], [11.0646084, 36.871566], [11.0639593, 36.8722698], [11.0633183, 36.872973], [11.0627952, 36.8735057], [11.0624653, 36.8738436], [11.0621783, 36.8740947], [11.0618699, 36.8743661], [11.061556, 36.8746354], [11.0612355, 36.8749025], [11.0610075, 36.8750645], [11.0606964, 36.8752641], [11.0603598, 36.8754711], [11.060117, 36.8756095], [11.0597536, 36.8757919], [11.0594183, 36.875956], [11.0592024, 36.876059], [11.0589422, 36.8762092], [11.0588457, 36.8762789], [11.0586485, 36.8764345], [11.0584541, 36.8766051], [11.0582864, 36.8767681], [11.0580732, 36.8770106], [11.0578641, 36.8772652], [11.057657, 36.8774827], [11.0574348, 36.87768], [11.0572685, 36.8777969], [11.0570835, 36.8778902], [11.0569212, 36.877945], [11.056724, 36.8779954], [11.0564754, 36.8780534], [11.0564437, 36.8780608], [11.0561407, 36.8781488], [11.0558993, 36.8782571], [11.0556686, 36.8783987], [11.0552689, 36.8786294], [11.0548867, 36.8788568], [11.0546789, 36.8789973], [11.0545018, 36.8791432], [11.054357, 36.8793122], [11.0542195, 36.8794919], [11.0541257, 36.8796131], [11.0540586, 36.8797461], [11.0540029, 36.8799054], [11.053958, 36.8801344], [11.0538829, 36.8805271], [11.0538568, 36.8806102], [11.0538239, 36.8806928], [11.0537823, 36.8807593], [11.0536717, 36.8808929], [11.0535362, 36.8810162], [11.0530119, 36.8814593], [11.0529283, 36.8815266], [11.0526444, 36.8817553], [11.0522367, 36.8820739], [11.0519591, 36.882266], [11.0516869, 36.8824204], [11.0513234, 36.8826167], [11.050799, 36.882872], [11.0506046, 36.8829627], [11.0504343, 36.8830614], [11.0501759, 36.8832468], [11.049867, 36.8834685], [11.0488115, 36.8842268], [11.0484897, 36.8844521], [11.0482442, 36.884598], [11.0478167, 36.8848411], [11.0477802, 36.8848619], [11.0473175, 36.8851019], [11.0469652, 36.8852984], [11.0467368, 36.8854449], [11.0466617, 36.8855012], [11.0465799, 36.8855827], [11.0463553, 36.885846], [11.0462346, 36.8859941], [11.0461823, 36.8860504], [11.0460944, 36.886133], [11.0459919, 36.886214], [11.0456257, 36.8864381], [11.0455426, 36.8864961], [11.0454132, 36.8866007], [11.0453172, 36.8866924], [11.0440755, 36.8880493], [11.0439094, 36.8882522], [11.0437551, 36.8884665], [11.0436764, 36.8886322], [11.0435235, 36.8890677], [11.0433853, 36.8893714], [11.0432084, 36.8896609], [11.043089, 36.8898325], [11.0429643, 36.8899891], [11.0425365, 36.8905168], [11.0421744, 36.8909458], [11.0417613, 36.8913127], [11.0412034, 36.8917867], [11.0408118, 36.8921407], [11.0402526, 36.8926544], [11.0397913, 36.8930642], [11.0391864, 36.8936004], [11.0379741, 36.8946741], [11.0372525, 36.8952918], [11.0368931, 36.8956168], [11.0368046, 36.8957283], [11.036751, 36.8958099], [11.0366906, 36.8959364], [11.0366423, 36.8961059], [11.0366249, 36.8963837], [11.0365565, 36.896877], [11.0364921, 36.897232], [11.0363245, 36.8978058], [11.0361367, 36.8983099], [11.0360965, 36.8984214], [11.0360134, 36.8985608], [11.0359651, 36.8986423], [11.0358672, 36.8987474], [11.0357317, 36.898874], [11.0355896, 36.8989716], [11.0354246, 36.8990724], [11.0350022, 36.899288], [11.0342699, 36.8996097], [11.0330629, 36.9001406], [11.031577, 36.900828], [11.0308045, 36.9012248], [11.0303432, 36.9014704], [11.0299395, 36.9017267], [11.0291078, 36.902303], [11.028813, 36.9025536], [11.0285913, 36.902774], [11.0284035, 36.9029301], [11.0282619, 36.9030097], [11.0280674, 36.9030889], [11.0278625, 36.9031292], [11.0275839, 36.9031835], [11.0272813, 36.9032212], [11.0270463, 36.9032521], [11.0268639, 36.9033042], [11.0266848, 36.9033795], [11.0264203, 36.9035129], [11.0261593, 36.9036427], [11.0260647, 36.90368], [11.0258989, 36.9037454], [11.0252575, 36.9039657], [11.0249359, 36.9040879], [11.0248465, 36.9041297], [11.0247519, 36.9041739], [11.0245537, 36.9043172], [11.0242842, 36.9046321], [11.0240484, 36.9049615], [11.0236054, 36.9056406], [11.0234867, 36.9058554], [11.0234357, 36.9060551], [11.0233872, 36.9067125], [11.0233848, 36.9070934], [11.0233527, 36.9072405], [11.0232875, 36.9073576], [11.0231635, 36.9074831], [11.0229376, 36.9076891], [11.0215536, 36.908961], [11.020238, 36.9101642], [11.0185924, 36.9117255], [11.0181981, 36.9121329], [11.0180345, 36.9123195], [11.0179366, 36.9124846], [11.0177904, 36.9128943], [11.0174914, 36.9136652], [11.0171735, 36.9145091], [11.0170796, 36.9149637], [11.0170367, 36.9154269], [11.0169509, 36.9159802], [11.0168865, 36.9162075], [11.0167658, 36.9163834], [11.0166237, 36.9165614], [11.0164574, 36.9167093], [11.0161838, 36.9168916], [11.0160068, 36.9170353], [11.0158847, 36.9172101], [11.0157976, 36.9174159], [11.0156433, 36.917803], [11.0155173, 36.91807], [11.0153671, 36.9182619], [11.0149004, 36.9186575], [11.0142928, 36.9192162], [11.0138489, 36.9196488], [11.013798, 36.919697], [11.0137376, 36.9197539], [11.013686, 36.9197951]]}}, {"type": "Feature", "properties": {"highway": "residential"}, "geometry": {"type": "LineString", "coordinates": [[11.0862712, 36.8462863], [11.0864027, 36.8460802], [11.0864617, 36.846004], [11.0865649, 36.8458956], [11.0868251, 36.8455699], [11.087033, 36.845315], [11.0873179, 36.8447655], [11.0876016, 36.8444452], [11.0877443, 36.8443527], [11.0879651, 36.8442321], [11.0881951, 36.8441119], [11.0885557, 36.8439077]]}}, {"type": "Feature", "properties": {"access": "destination", "highway": "residential"}, "geometry": {"type": "LineString", "coordinates": [[11.0861103, 36.8473912], [11.0859503, 36.8475782], [11.0858327, 36.8477276], [11.0851125, 36.8486795]]}}, {"type": "Feature", "properties": {"highway": "residential", "lit": "no", "oneway": "no", "surface": "unpaved"}, "geometry": {"type": "LineString", "coordinates": [[11.1198525, 36.8394782], [11.1199705, 36.8396235], [11.1200987, 36.8397947], [11.1202588, 36.8400013], [11.1204198, 36.8401998], [11.1204651, 36.8402769], [11.1204842, 36.8403379], [11.1205585, 36.8409407], [11.1206131, 36.8412739], [11.1206958, 36.8416157], [11.1207658, 36.8419467], [11.1208805, 36.8423953], [11.1209034, 36.842443], [11.1209415, 36.8425042], [11.1213159, 36.8428547]]}}, {"type": "Feature", "properties": {"highway": "residential", "lanes": "1", "lit": "yes", "surface": "asphalt"}, "geometry": {"type": "LineString", "coordinates": [[11.0949083, 36.8502705], [11.0951064, 36.8499893], [11.095203, 36.8498364], [11.0952043, 36.8498254], [11.0952027, 36.8498101], [11.0951842, 36.8497907], [11.094977, 36.8496829], [11.0947839, 36.8495788], [11.0947611, 36.8495724], [11.0947202, 36.8495767], [11.0946711, 36.8495772], [11.0946209, 36.8495713], [11.0944714, 36.849501], [11.0942857, 36.8493985], [11.0942019, 36.8493546], [11.0940825, 36.8492623], [11.0939919, 36.8492091], [11.0938579, 36.8491582], [11.0937747, 36.8491292], [11.0935628, 36.8490433], [11.093371, 36.8489843], [11.0931994, 36.8489478], [11.0930391, 36.848929], [11.0930022, 36.8489274], [11.0928789, 36.8489178], [11.0927702, 36.8489145], [11.0926696, 36.8489145], [11.0925543, 36.8489188], [11.0924881, 36.8489132], [11.0922523, 36.8488341], [11.0921493, 36.848782], [11.092042, 36.8487305], [11.09204, 36.8487117], [11.0920467, 36.8486924], [11.0921661, 36.848547], [11.0922338, 36.848478], [11.0922492, 36.8484676], [11.0922804, 36.8484651], [11.0923102, 36.84846], [11.0923448, 36.8484466], [11.0924403, 36.8483608], [11.0924678, 36.8483345], [11.0925295, 36.8482733], [11.0925409, 36.8482604], [11.092553, 36.8482524], [11.0925898, 36.8482658], [11.0926066, 36.848269], [11.09262, 36.8482615], [11.0926502, 36.8482368], [11.092793, 36.8481188], [11.0928299, 36.8480764], [11.0928508, 36.8480534]]}}, {"type": "Feature", "properties": {"highway": "tertiary", "lanes": "2", "lit": "yes", "maxspeed": "50", "name": "\u0634\u0627\u0631\u0639 \u0627\u0644\u0645\u0646\u0627\u0636\u0644 \u0639\u0628\u062f \u0627\u0644\u0642\u0627\u062f\u0631 \u0627\u0644\u062f\u0631\u062f\u0648\u0631\u064a", "name:ar": "\u0634\u0627\u0631\u0639 \u0627\u0644\u0645\u0646\u0627\u0636\u0644 \u0639\u0628\u062f \u0627\u0644\u0642\u0627\u062f\u0631 \u0627\u0644\u062f\u0631\u062f\u0648\u0631\u064a", "oneway": "no", "surface": "asphalt"}, "geometry": {"type": "LineString", "coordinates": [[11.0982983, 36.8480045], [11.097709, 36.8476801], [11.0976505, 36.8476482], [11.0974748, 36.8475452], [11.0971798, 36.8473649], [11.0969263, 36.8472017], [11.096399, 36.8468723], [11.0961773, 36.8467292], [11.0960774, 36.8466619], [11.0956231, 36.8463574], [11.0955544, 36.8463141], [11.0954371, 36.8462363], [11.095171, 36.8460632], [11.0949884, 36.8459182], [11.0949066, 36.8458677], [11.0947758, 36.8457787], [11.0945002, 36.8455944]]}}, {"type": "Feature", "properties": {"highway": "residential", "maxspeed": "50", "name": "\u0646\u0647\u062c \u0644\u064a\u0628\u064a\u0627", "name:ar": "\u0646\u0647\u062c \u0644\u064a\u0628\u064a\u0627", "name:fr": "Rue de Libye", "oneway": "no", "surface": "asphalt"}, "geometry": {"type": "LineString", "coordinates": [[11.0884772, 36.8491213], [11.0881643, 36.84954], [11.0880235, 36.849716], [11.0879243, 36.8498576], [11.0874013, 36.8506425], [11.0873833, 36.8506723], [11.0871425, 36.8510433], [11.0869529, 36.8513077], [11.0866697, 36.8517646], [11.086447, 36.852116], [11.0862292, 36.8524536], [11.0860081, 36.8527718], [11.085917, 36.8528903], [11.0858519, 36.8529859]]}}, {"type": "Feature", "properties": {"highway": "residential"}, "geometry": {"type": "LineString", "coordinates": [[11.0866186, 36.8488727], [11.0859868, 36.8495556], [11.0858448, 36.849699], [11.0857183, 36.8498334], [11.0856537, 36.8499035]]}}, {"type": "Feature", "properties": {"highway": "residential", "maxspeed": "50", "name": "\u0646\u0647\u062c \u0627\u0644\u0646\u0627\u0638\u0648\u0631", "name:ar": "\u0646\u0647\u062c \u0627\u0644\u0646\u0627\u0638\u0648\u0631", "name:fr": "Rue Ennadhour", "oneway": "no"}, "geometry": {"type": "LineString", "coordinates": [[11.0915652, 36.8513699], [11.09181, 36.8508441], [11.0917912, 36.8504406], [11.0917926, 36.8503107], [11.0917751, 36.8501659], [11.0917751, 36.8500618]]}}, {"type": "Feature", "properties": {"highway": "residential"}, "geometry": {"type": "LineString", "coordinates": [[11.0951224, 36.8374043], [11.0950515, 36.837129], [11.0950286, 36.83685], [11.0950139, 36.8366922], [11.0950246, 36.8365505], [11.0950313, 36.8364249], [11.0950333, 36.8363273]]}}, {"type": "Feature", "properties": {"access": "private", "highway": "service"}, "geometry": {"type": "LineString", "coordinates": [[11.0927569, 36.8326545], [11.092614, 36.8331678]]}}, {"type": "Feature", "properties": {"highway": "residential"}, "geometry": {"type": "LineString", "coordinates": [[11.0844389, 36.851959], [11.0852656, 36.8522669]]}}, {"type": "Feature", "properties": {"highway": "residential", "surface": "unpaved"}, "geometry": {"type": "LineString", "coordinates": [[11.0763361, 36.8430339], [11.0761711, 36.8433145], [11.0759318, 36.8437084], [11.0757208, 36.8440775]]}}, {"type": "Feature", "properties": {"highway": "residential"}, "geometry": {"type": "LineString", "coordinates": [[11.0883799, 36.8504414], [11.0889829, 36.8506713], [11.0895505, 36.8509063]]}}, {"type": "Feature", "properties": {"highway": "residential"}, "geometry": {"type": "LineString", "coordinates": [[11.0948825, 36.8477329], [11.0950836, 36.8478392], [11.0952579, 36.8479256], [11.095567, 36.8480687]]}}, {"type": "Feature", "properties": {"highway": "residential"}, "geometry": {"type": "LineString", "coordinates": [[11.0971462, 36.8452077], [11.0965403, 36.8458595]]}}, {"type": "Feature", "properties": {"highway": "residential"}, "geometry": {"type": "LineString", "coordinates": [[11.0978493, 36.8456177], [11.097503, 36.8459525], [11.0971418, 36.8462513]]}}, {"type": "Feature", "properties": {"highway": "residential"}, "geometry": {"type": "LineString", "coordinates": [[11.0967993, 36.8460411], [11.0961773, 36.8467292]]}}, {"type": "Feature", "properties": {"highway": "residential"}, "geometry": {"type": "LineString", "coordinates": [[11.0994693, 36.8455182], [11.0992209, 36.8458244], [11.0991271, 36.845945], [11.0990667, 36.8460341], [11.0990144, 36.8461264], [11.0989563, 36.8462344]]}}, {"type": "Feature", "properties": {"highway": "residential"}, "geometry": {"type": "LineString", "coordinates": [[11.0798291, 36.8444768], [11.0796489, 36.844801], [11.0795107, 36.8450607], [11.0794621, 36.8451118]]}}, {"type": "Feature", "properties": {"highway": "residential", "maxspeed": "50", "name": "\u0646\u0647\u062c 9 \u0623\u0641\u0631\u064a\u0644", "name:ar": "\u0646\u0647\u062c 9 \u0623\u0641\u0631\u064a\u0644", "name:fr": "Rue 9 Avril", "oneway": "no"}, "geometry": {"type": "LineString", "coordinates": [[11.0857187, 36.8469334], [11.0856172, 36.8470066], [11.0853481, 36.8472721], [11.0843548, 36.8482523]]}}, {"type": "Feature", "properties": {"highway": "residential"}, "geometry": {"type": "LineString", "coordinates": [[11.0911887, 36.8490416], [11.091401, 36.8491442], [11.091586, 36.8492247], [11.0918127, 36.8493223], [11.0919934, 36.8493919]]}}, {"type": "Feature", "properties": {"highway": "residential", "maxspeed": "50", "name": "\u0646\u0647\u062c \u0637\u0628\u0631\u0642", "name:ar": "\u0646\u0647\u062c \u0637\u0628\u0631\u0642", "name:fr": "Rue de Tobrouk", "oneway": "no", "surface": "asphalt"}, "geometry": {"type": "LineString", "coordinates": [[11.0945052, 36.8437837], [11.0952518, 36.8440121]]}}, {"type": "Feature", "properties": {"access": "private", "highway": "service"}, "geometry": {"type": "LineString", "coordinates": [[11.0924844, 36.8330873], [11.0926703, 36.8325999]]}}, {"type": "Feature", "properties": {"highway": "residential"}, "geometry": {"type": "LineString", "coordinates": [[11.0815478, 36.8443244], [11.0817663, 36.8440098], [11.0821567, 36.8434765], [11.0825249, 36.8430406]]}}, {"type": "Feature", "properties": {"highway": "residential"}, "geometry": {"type": "LineString", "coordinates": [[11.1020227, 36.8442002], [11.1022224, 36.8442236], [11.1023967, 36.8442321], [11.1028959, 36.8442225]]}}, {"type": "Feature", "properties": {"highway": "residential", "lanes": "2", "lit": "yes", "surface": "asphalt"}, "geometry": {"type": "LineString", "coordinates": [[11.0901524, 36.8478027], [11.090234, 36.8478466], [11.0903951, 36.8479261], [11.09054, 36.8479873], [11.0908243, 36.8481161], [11.0910476, 36.8482024]]}}, {"type": "Feature", "properties": {"highway": "path"}, "geometry": {"type": "LineString", "coordinates": [[11.088897, 36.8512536], [11.0896227, 36.8515057]]}}, {"type": "Feature", "properties": {"highway": "residential"}, "geometry": {"type": "LineString", "coordinates": [[11.0889282, 36.8449984], [11.0891345, 36.8449034]]}}, {"type": "Feature", "properties": {"highway": "residential", "surface": "unpaved"}, "geometry": {"type": "LineString", "coordinates": [[11.0767582, 36.8432641], [11.0766461, 36.843483], [11.0764517, 36.8438415], [11.0763316, 36.8441516]]}}, {"type": "Feature", "properties": {"highway": "residential"}, "geometry": {"type": "LineString", "coordinates": [[11.0901918, 36.8444628], [11.0912782, 36.8434164]]}}, {"type": "Feature", "properties": {"highway": "residential", "maxspeed": "50", "name": "\u0646\u0647\u062c \u0627\u0644\u0645\u0644\u0639\u0628", "name:ar": "\u0646\u0647\u062c \u0627\u0644\u0645\u0644\u0639\u0628", "oneway": "no", "surface": "asphalt"}, "geometry": {"type": "LineString", "coordinates": [[11.0980837, 36.8412313], [11.0994824, 36.8423091]]}}, {"type": "Feature", "properties": {"highway": "residential", "maxspeed": "50", "name": "\u0646\u0647\u062c \u064a\u0648\u063a\u0631\u0637\u0629", "name:ar": "\u0646\u0647\u062c \u064a\u0648\u063a\u0631\u0637\u0629", "name:fr": "Rue Jugurtha", "oneway": "no", "surface": "asphalt"}, "geometry": {"type": "LineString", "coordinates": [[11.0881736, 36.8508644], [11.0882769, 36.8506606], [11.0883799, 36.8504414], [11.0886356, 36.8499512], [11.0887751, 36.8497098], [11.088822, 36.8496293], [11.0888817, 36.8495362], [11.0889363, 36.8494678]]}}, {"type": "Feature", "properties": {"highway": "residential"}, "geometry": {"type": "LineString", "coordinates": [[11.0805085, 36.8453751], [11.0799365, 36.8467591]]}}, {"type": "Feature", "properties": {"highway": "residential"}, "geometry": {"type": "LineString", "coordinates": [[11.0893973, 36.8437749], [11.0886356, 36.8441066]]}}, {"type": "Feature", "properties": {"highway": "residential"}, "geometry": {"type": "LineString", "coordinates": [[11.0974057, 36.8453535], [11.0979944, 36.8446959]]}}, {"type": "Feature", "properties": {"highway": "residential"}, "geometry": {"type": "LineString", "coordinates": [[11.099223, 36.845388], [11.0994738, 36.8451343], [11.0995254, 36.8450821], [11.0998861, 36.8447194], [11.1001771, 36.8444339], [11.1005046, 36.8441396], [11.1014561, 36.8432029]]}}, {"type": "Feature", "properties": {"bicycle": "yes", "foot": "yes", "highway": "residential", "horse": "yes", "maxspeed": "50", "motor_vehicle": "yes", "name": "\u0646\u0647\u062c \u0627\u0644\u062c\u0646\u0627\u0646", "name:ar": "\u0646\u0647\u062c \u0627\u0644\u062c\u0646\u0627\u0646", "oneway": "no", "sidewalk": "both"}, "geometry": {"type": "LineString", "coordinates": [[11.0882762, 36.8489714], [11.0881769, 36.8489703], [11.0880817, 36.8489596], [11.0880086, 36.8489505], [11.087905, 36.8489105], [11.0878289, 36.8488826], [11.0877696, 36.848862], [11.0876646, 36.8488429], [11.0875587, 36.8488357], [11.0873106, 36.8488341], [11.0867359, 36.8488566], [11.0866186, 36.8488727], [11.0864603, 36.848863], [11.0863157, 36.8488522], [11.0858401, 36.8488078], [11.0855645, 36.8487809], [11.0853955, 36.8487514], [11.0851484, 36.8486935], [11.0851125, 36.8486795], [11.0846606, 36.848459], [11.0844835, 36.8483581], [11.0843548, 36.8482523], [11.0843005, 36.8482153], [11.0838291, 36.8479261], [11.0833235, 36.847572]]}}, {"type": "Feature", "properties": {"access": "private", "highway": "service"}, "geometry": {"type": "LineString", "coordinates": [[11.0924221, 36.8324314], [11.0924112, 36.8324691], [11.092267, 36.8329699]]}}, {"type": "Feature", "properties": {"access": "private", "highway": "service"}, "geometry": {"type": "LineString", "coordinates": [[11.0931976, 36.8331199], [11.0931668, 36.8332253], [11.0930394, 36.8334147]]}}, {"type": "Feature", "properties": {"highway": "residential", "service": "alley"}, "geometry": {"type": "LineString", "coordinates": [[11.0770083, 36.8422594], [11.0768165, 36.8425321], [11.0767266, 36.8426501], [11.0765777, 36.8428465], [11.0764047, 36.8430623]]}}, {"type": "Feature", "properties": {"highway": "residential"}, "geometry": {"type": "LineString", "coordinates": [[11.0957784, 36.8435029], [11.0960272, 36.8436014], [11.0962879, 36.8436998], [11.096429, 36.8437646], [11.0964797, 36.8437878], [11.096697, 36.8438919], [11.0968418, 36.8439649], [11.0969276, 36.8440143], [11.0969988, 36.8440639]]}}, {"type": "Feature", "properties": {"highway": "residential", "name": "\u0646\u0647\u062c \u0633\u064a\u062f\u064a \u0645\u0646\u0635\u0648\u0631", "name:ar": "\u0646\u0647\u062c \u0633\u064a\u062f\u064a \u0645\u0646\u0635\u0648\u0631", "name:fr": "Rue Sidi Mansour", "oneway": "no", "surface": "asphalt"}, "geometry": {"type": "LineString", "coordinates": [[11.0917751, 36.8500618], [11.091523, 36.849978], [11.0913728, 36.8499222], [11.0911944, 36.849845], [11.0907894, 36.8496872]]}}, {"type": "Feature", "properties": {"highway": "residential"}, "geometry": {"type": "LineString", "coordinates": [[11.0851748, 36.845301], [11.0857026, 36.8455393], [11.0862082, 36.845755], [11.0865649, 36.8458956]]}}, {"type": "Feature", "properties": {"access": "destination", "highway": "residential", "name": "\u0646\u0647\u062c \u062a\u0627\u0632\u0631\u0643\u0629", "name:ar": "\u0646\u0647\u062c \u062a\u0627\u0632\u0631\u0643\u0629", "name:fr": "Rue de Tazarka", "oneway": "no", "surface": "asphalt"}, "geometry": {"type": "LineString", "coordinates": [[11.0866132, 36.847778], [11.0860902, 36.848438], [11.0858401, 36.8488078]]}}, {"type": "Feature", "properties": {"highway": "residential", "lit": "no", "oneway": "no", "surface": "unpaved"}, "geometry": {"type": "LineString", "coordinates": [[11.1190224, 36.8413768], [11.1205585, 36.8409407], [11.1210933, 36.8407937]]}}, {"type": "Feature", "properties": {"highway": "residential", "maxspeed": "50", "name": "\u0646\u0647\u062c \u0633\u064a\u062f\u064a \u0627\u0628\u064a \u0636\u0627\u0648\u064a", "name:ar": "\u0646\u0647\u062c \u0633\u064a\u062f\u064a \u0627\u0628\u064a \u0636\u0627\u0648\u064a", "oneway": "no", "surface": "asphalt"}, "geometry": {"type": "LineString", "coordinates": [[11.096399, 36.8468723], [11.0961173, 36.8472506], [11.0960729, 36.8473002], [11.095567, 36.8480687], [11.0952681, 36.8484804]]}}, {"type": "Feature", "properties": {"highway": "residential"}, "geometry": {"type": "LineString", "coordinates": [[11.0939358, 36.8444836], [11.0942459, 36.8440073], [11.0945052, 36.8437837], [11.0949575, 36.8433429], [11.0953578, 36.8429541], [11.0954697, 36.8428483], [11.0956479, 36.8426839], [11.0961811, 36.8421599], [11.0966825, 36.8416612], [11.0969429, 36.8414143], [11.0972723, 36.841096], [11.0975831, 36.8407724]]}}, {"type": "Feature", "properties": {"access": "destination", "highway": "residential"}, "geometry": {"type": "LineString", "coordinates": [[11.086349, 36.8475902], [11.086054, 36.8479068], [11.0853955, 36.8487514]]}}, {"type": "Feature", "properties": {"highway": "residential"}, "geometry": {"type": "LineString", "coordinates": [[11.0953458, 36.8472591], [11.0951506, 36.8471363], [11.0948771, 36.8469924], [11.0950314, 36.8468583], [11.0951051, 36.8467886], [11.0955544, 36.8463141]]}}, {"type": "Feature", "properties": {"highway": "residential"}, "geometry": {"type": "LineString", "coordinates": [[11.1017483, 36.8434334], [11.1014561, 36.8432029], [11.1011838, 36.842976], [11.1007447, 36.8426298], [11.1000924, 36.8421937], [11.099998, 36.8421477]]}}, {"type": "Feature", "properties": {"highway": "residential", "lanes": "2", "oneway": "no", "surface": "unpaved"}, "geometry": {"type": "LineString", "coordinates": [[11.0836903, 36.8460287], [11.08328, 36.8458726], [11.0828684, 36.845756], [11.0826248, 36.8457189], [11.0816518, 36.8456213], [11.081222, 36.8455404], [11.0810557, 36.8454974], [11.0805085, 36.8453751], [11.0803279, 36.8453265], [11.0800474, 36.8452527], [11.0799452, 36.8452227], [11.0798511, 36.845203], [11.0795255, 36.8451234], [11.0794621, 36.8451118], [11.0790957, 36.8450451], [11.0785766, 36.8449437], [11.078356, 36.8449061], [11.0780288, 36.8448589], [11.0779228, 36.8448224], [11.0778477, 36.8448074], [11.0777378, 36.844802], [11.0775822, 36.8447452], [11.0775424, 36.8447249], [11.0772, 36.8445519], [11.0767859, 36.8444142], [11.0767306, 36.8444071], [11.0764906, 36.8443008], [11.0764342, 36.8442622], [11.0763792, 36.8442139], [11.0763316, 36.8441516]]}}, {"type": "Feature", "properties": {"highway": "residential"}, "geometry": {"type": "LineString", "coordinates": [[11.1190006, 36.8409306], [11.1204842, 36.8403379], [11.1210744, 36.8400497]]}}, {"type": "Feature", "properties": {"highway": "residential"}, "geometry": {"type": "LineString", "coordinates": [[11.0783111, 36.8464499], [11.0781373, 36.8467885], [11.0780234, 36.8470247]]}}, {"type": "Feature", "properties": {"highway": "residential"}, "geometry": {"type": "LineString", "coordinates": [[11.081063, 36.8421414], [11.0806848, 36.8425767], [11.0803651, 36.8429252], [11.0802286, 36.8430519], [11.0800536, 36.8432784], [11.0798064, 36.8435954]]}}, {"type": "Feature", "properties": {"highway": "residential"}, "geometry": {"type": "LineString", "coordinates": [[11.0911123, 36.8457749], [11.0908872, 36.8455357], [11.0907049, 36.8453268]]}}, {"type": "Feature", "properties": {"highway": "residential"}, "geometry": {"type": "LineString", "coordinates": [[11.0862292, 36.8524536], [11.0870516, 36.8528334], [11.0876095, 36.8530875], [11.0877583, 36.8531747]]}}, {"type": "Feature", "properties": {"highway": "residential"}, "geometry": {"type": "LineString", "coordinates": [[11.0932298, 36.8441835], [11.0939358, 36.8444836], [11.0945118, 36.844784]]}}, {"type": "Feature", "properties": {"highway": "residential", "maxspeed": "50", "name": "\u0646\u0647\u062c \u0627\u0644\u0642\u064a\u0631\u0648\u0627\u0646", "name:ar": "\u0646\u0647\u062c \u0627\u0644\u0642\u064a\u0631\u0648\u0627\u0646", "name:fr": "Rue de Kairouan", "oneway": "no"}, "geometry": {"type": "LineString", "coordinates": [[11.0873106, 36.8488341], [11.0871751, 36.8490133], [11.0868922, 36.8493545], [11.0866508, 36.8496218], [11.0864107, 36.849846], [11.0862966, 36.8499495], [11.0861049, 36.8501111]]}}, {"type": "Feature", "properties": {"highway": "residential", "name": "\u0646\u0647\u062c \u0627\u0644\u0634\u0627\u0639\u0631 \u0627\u062d\u0645\u062f \u0627\u0644\u062d\u062c\u0627\u0645", "name:ar": "\u0646\u0647\u062c \u0627\u0644\u0634\u0627\u0639\u0631 \u0627\u062d\u0645\u062f \u0627\u0644\u062d\u062c\u0627\u0645", "name:fr": "Rue du Po\u00e8te Ahmed El Hajjem"}, "geometry": {"type": "LineString", "coordinates": [[11.0895905, 36.8465728], [11.0897387, 36.846363], [11.0898439, 36.8462428], [11.0900679, 36.846025], [11.0903656, 36.8457615], [11.0903733, 36.8457482], [11.0903774, 36.8457375], [11.0903774, 36.8457231], [11.0903668, 36.8457093], [11.0901336, 36.8455592], [11.0900552, 36.8455023]]}}, {"type": "Feature", "properties": {"highway": "residential", "surface": "unpaved"}, "geometry": {"type": "LineString", "coordinates": [[11.0768064, 36.8441838], [11.0771939, 36.8434732], [11.0775258, 36.8430497], [11.0776761, 36.8428692], [11.077825, 36.8426809]]}}, {"type": "Feature", "properties": {"highway": "residential"}, "geometry": {"type": "LineString", "coordinates": [[11.0788455, 36.8440711], [11.0790052, 36.8441418], [11.0798291, 36.8444768], [11.0803939, 36.8446835]]}}, {"type": "Feature", "properties": {"highway": "residential"}, "geometry": {"type": "LineString", "coordinates": [[11.0870516, 36.8528334], [11.0872204, 36.8525327], [11.087362, 36.8522475], [11.0875574, 36.8519051], [11.0877028, 36.8517018], [11.0878571, 36.8513832], [11.0879454, 36.8512093]]}}, {"type": "Feature", "properties": {"highway": "residential"}, "geometry": {"type": "LineString", "coordinates": [[11.0947981, 36.8484619], [11.0947489, 36.8485366], [11.0946062, 36.8487557], [11.0945754, 36.848804], [11.09452, 36.8488909], [11.0942019, 36.8493546]]}}, {"type": "Feature", "properties": {"highway": "residential", "sidewalk": "both"}, "geometry": {"type": "LineString", "coordinates": [[11.1031704, 36.8442683], [11.103027, 36.8444747], [11.1029251, 36.8446024], [11.1028953, 36.8446173], [11.1028607, 36.8446174], [11.102791, 36.8445917], [11.1027517, 36.8445965], [11.1027239, 36.8446239], [11.1024262, 36.8450564], [11.1021854, 36.8454329]]}}, {"type": "Feature", "properties": {"highway": "residential"}, "geometry": {"type": "LineString", "coordinates": [[11.0841066, 36.8524034], [11.0845184, 36.8525504], [11.0849478, 36.8527181], [11.0853814, 36.852867], [11.0856627, 36.8529532], [11.0858519, 36.8529859]]}}, {"type": "Feature", "properties": {"highway": "residential"}, "geometry": {"type": "LineString", "coordinates": [[11.083821, 36.8460335], [11.0836071, 36.8463016], [11.0836041, 36.8463115], [11.0836098, 36.8463241], [11.0836427, 36.8463432], [11.0839444, 36.8464792], [11.0839511, 36.8464856], [11.0839505, 36.8464956], [11.0837171, 36.8467081], [11.0833161, 36.8470558]]}}, {"type": "Feature", "properties": {"highway": "residential"}, "geometry": {"type": "LineString", "coordinates": [[11.0798511, 36.845203], [11.079555, 36.8461897], [11.0795349, 36.8462101], [11.0795103, 36.8462174], [11.0791977, 36.8461696], [11.0783453, 36.8460072], [11.0775012, 36.8458009], [11.0773099, 36.8462095], [11.0766917, 36.8459761], [11.0764364, 36.8458951], [11.0763873, 36.8458795], [11.0763645, 36.8458752], [11.0763383, 36.8458774], [11.0763149, 36.8458919], [11.0760695, 36.8461843]]}}, {"type": "Feature", "properties": {"highway": "residential"}, "geometry": {"type": "LineString", "coordinates": [[11.0858341, 36.8435892], [11.0864429, 36.8441409], [11.087047, 36.8445959], [11.0873179, 36.8447655]]}}, {"type": "Feature", "properties": {"highway": "residential", "surface": "unpaved"}, "geometry": {"type": "LineString", "coordinates": [[11.076328, 36.8418696], [11.0760869, 36.8421082], [11.0758202, 36.8424128], [11.0756175, 36.8426406], [11.0754753, 36.8428144], [11.0753721, 36.8429196], [11.0752058, 36.8431128], [11.0750422, 36.8433092], [11.0749483, 36.8434508], [11.0747015, 36.8438104]]}}, {"type": "Feature", "properties": {"highway": "path"}, "geometry": {"type": "LineString", "coordinates": [[11.0889428, 36.85117], [11.088897, 36.8512536], [11.0888845, 36.851331], [11.0890078, 36.8514404], [11.0894859, 36.8516168]]}}, {"type": "Feature", "properties": {"highway": "residential"}, "geometry": {"type": "LineString", "coordinates": [[11.1153303, 36.8349974], [11.1144378, 36.835629], [11.1143124, 36.8356935], [11.1142178, 36.8357031], [11.1141494, 36.8357058], [11.1140878, 36.8356983], [11.1139758, 36.8356559], [11.1133937, 36.835401]]}}, {"type": "Feature", "properties": {"highway": "residential"}, "geometry": {"type": "LineString", "coordinates": [[11.079348, 36.8433794], [11.0797728, 36.8427912], [11.0798979, 36.8426632], [11.0801182, 36.8424752], [11.0802575, 36.8423147], [11.0800238, 36.8421563], [11.0798385, 36.8420308]]}}, {"type": "Feature", "properties": {"highway": "residential", "name": "\u0634\u0627\u0631\u0639 \u0628\u064a\u0631\u0645 \u0627\u0644\u062a\u0648\u0646\u0633\u064a", "name:ar": "\u0634\u0627\u0631\u0639 \u0628\u064a\u0631\u0645 \u0627\u0644\u062a\u0648\u0646\u0633\u064a", "name:fr": "Avenue Bayrem Tounsi"}, "geometry": {"type": "LineString", "coordinates": [[11.081985, 36.8444865], [11.081558, 36.8450735], [11.0814487, 36.8452227], [11.0813132, 36.8454041], [11.081222, 36.8455404], [11.081112, 36.8458012], [11.0810094, 36.8460947], [11.0809599, 36.8463058], [11.0809591, 36.8466115]]}}, {"type": "Feature", "properties": {"highway": "residential", "lanes": "2", "lit": "yes", "surface": "asphalt"}, "geometry": {"type": "LineString", "coordinates": [[11.1026032, 36.8482642], [11.102575, 36.848188], [11.1025281, 36.8480914], [11.1024798, 36.8480098], [11.1023886, 36.8478993], [11.1022988, 36.8478156], [11.1022183, 36.8477587], [11.10208, 36.8476859], [11.1019137, 36.8476108], [11.101671, 36.8475266], [11.1013156, 36.8473854]]}}, {"type": "Feature", "properties": {"highway": "residential"}, "geometry": {"type": "LineString", "coordinates": [[11.0889514, 36.8522242], [11.0877028, 36.8517018], [11.0872935, 36.8514748], [11.0869529, 36.8513077], [11.0862555, 36.8510275], [11.0852754, 36.8506165]]}}, {"type": "Feature", "properties": {"highway": "service", "oneway": "no", "service": "alley"}, "geometry": {"type": "LineString", "coordinates": [[11.0903334, 36.849295], [11.0905079, 36.8490525], [11.090556, 36.8490311], [11.0906995, 36.8488277], [11.0907381, 36.848773], [11.0908471, 36.8486001], [11.0909334, 36.8484495], [11.0910476, 36.8482024], [11.0911448, 36.8479734], [11.0912459, 36.8477738], [11.0914514, 36.847476]]}}, {"type": "Feature", "properties": {"highway": "residential", "maxspeed": "50", "oneway": "no", "service": "alley"}, "geometry": {"type": "LineString", "coordinates": [[11.0786011, 36.8423332], [11.0778762, 36.841932], [11.0773793, 36.8416127], [11.0771125, 36.8414181], [11.0770457, 36.8413613], [11.0769251, 36.8412763], [11.0768529, 36.8412236], [11.0767997, 36.8412817], [11.0767155, 36.8413448], [11.0765536, 36.841491], [11.076213, 36.841791]]}}, {"type": "Feature", "properties": {"highway": "residential"}, "geometry": {"type": "LineString", "coordinates": [[11.0853814, 36.852867], [11.0856785, 36.8524796], [11.0858917, 36.8520891], [11.0859324, 36.8520044], [11.0860419, 36.8518078], [11.0861448, 36.8516341]]}}, {"type": "Feature", "properties": {"highway": "residential"}, "geometry": {"type": "LineString", "coordinates": [[11.0825631, 36.8447194], [11.0829028, 36.8441755], [11.0831119, 36.8438523], [11.0833415, 36.8435975]]}}, {"type": "Feature", "properties": {"highway": "residential"}, "geometry": {"type": "LineString", "coordinates": [[11.084712, 36.8516424], [11.0845868, 36.8517949], [11.0844389, 36.851959], [11.0841066, 36.8524034], [11.0839766, 36.8525847], [11.083826, 36.8527662]]}}, {"type": "Feature", "properties": {"highway": "residential"}, "geometry": {"type": "LineString", "coordinates": [[11.0795255, 36.8451234], [11.0794933, 36.845168], [11.0794718, 36.8452109], [11.0793257, 36.8457089], [11.0791977, 36.8461696], [11.0790834, 36.8465982], [11.0790532, 36.8467487], [11.0790219, 36.8468857]]}}, {"type": "Feature", "properties": {"highway": "residential"}, "geometry": {"type": "LineString", "coordinates": [[11.0790834, 36.8465982], [11.0783111, 36.8464499], [11.0773099, 36.8462095], [11.0770678, 36.8465753]]}}, {"type": "Feature", "properties": {"highway": "residential"}, "geometry": {"type": "LineString", "coordinates": [[11.0928789, 36.8489178], [11.0929875, 36.8486838], [11.0930465, 36.8486044], [11.0930941, 36.8485518], [11.0931216, 36.8485175], [11.0931653, 36.8484751], [11.0932396, 36.8484262], [11.0932886, 36.8484075], [11.0933456, 36.848378], [11.0933979, 36.848335], [11.0934327, 36.848291], [11.0935326, 36.8481]]}}, {"type": "Feature", "properties": {"highway": "residential", "surface": "unpaved"}, "geometry": {"type": "LineString", "coordinates": [[11.0756175, 36.8426406], [11.0763361, 36.8430339], [11.0764047, 36.8430623], [11.0767582, 36.8432641], [11.0770163, 36.8433803], [11.0771939, 36.8434732], [11.0775782, 36.8436719], [11.0776674, 36.8437196], [11.0780677, 36.8438372]]}}, {"type": "Feature", "properties": {"highway": "residential"}, "geometry": {"type": "LineString", "coordinates": [[11.0934057, 36.8438384], [11.0938936, 36.8438775], [11.0942459, 36.8440073]]}}, {"type": "Feature", "properties": {"highway": "residential"}, "geometry": {"type": "LineString", "coordinates": [[11.1190571, 36.8407506], [11.1192139, 36.8404413], [11.1193804, 36.8401344], [11.119417, 36.840093], [11.1194595, 36.8400689], [11.1197318, 36.839953], [11.1200987, 36.8397947]]}}, {"type": "Feature", "properties": {"highway": "residential"}, "geometry": {"type": "LineString", "coordinates": [[11.0887149, 36.8445179], [11.0883085, 36.8447959], [11.0880825, 36.8449772], [11.0879442, 36.845165], [11.0878799, 36.8452231], [11.0876252, 36.8454734], [11.0873516, 36.84576], [11.0871986, 36.8460196], [11.0871631, 36.8460952], [11.0871456, 36.8461575], [11.0871188, 36.8463405]]}}, {"type": "Feature", "properties": {"highway": "residential", "lanes": "2", "lit": "yes", "surface": "asphalt"}, "geometry": {"type": "LineString", "coordinates": [[11.1019575, 36.8453208], [11.1016552, 36.8456654], [11.101438, 36.8458843], [11.1013277, 36.846019], [11.1012192, 36.8461221], [11.1011076, 36.846212], [11.1009732, 36.8463183], [11.1009071, 36.8463797], [11.1007122, 36.8466855], [11.1005386, 36.8469812], [11.1004679, 36.8470879], [11.1002482, 36.8474013], [11.1000873, 36.8476256]]}}, {"type": "Feature", "properties": {"highway": "residential"}, "geometry": {"type": "LineString", "coordinates": [[11.0972281, 36.849801], [11.0970705, 36.8497441], [11.0968505, 36.8496658], [11.0967546, 36.8496363], [11.096705, 36.8496223], [11.096675, 36.8496189], [11.0966462, 36.8496177], [11.0966242, 36.8496208], [11.0966018, 36.849629], [11.0965852, 36.8496435], [11.0965731, 36.8496612], [11.0965619, 36.8496777], [11.0964254, 36.8498858], [11.0963537, 36.8500006], [11.0967909, 36.8501734]]}}, {"type": "Feature", "properties": {"highway": "residential"}, "geometry": {"type": "LineString", "coordinates": [[11.095171, 36.8460632], [11.0955615, 36.8455279], [11.0956898, 36.845385], [11.0963508, 36.844753], [11.0965481, 36.8445444], [11.0966433, 36.8444489], [11.0967117, 36.844375], [11.0967815, 36.8442815], [11.0968395, 36.8441617]]}}, {"type": "Feature", "properties": {"highway": "residential"}, "geometry": {"type": "LineString", "coordinates": [[11.0956898, 36.845385], [11.0959627, 36.8455225], [11.0962091, 36.8456525], [11.0964295, 36.8457749], [11.0965403, 36.8458595], [11.0967993, 36.8460411], [11.0971418, 36.8462513], [11.0974299, 36.8464597], [11.0976549, 36.8465751], [11.0979392, 36.8467402], [11.0983519, 36.846939], [11.0989178, 36.8471845]]}}, {"type": "Feature", "properties": {"highway": "residential"}, "geometry": {"type": "LineString", "coordinates": [[11.0960774, 36.8466619], [11.0957126, 36.8470858], [11.0956751, 36.8470772], [11.0956315, 36.8470708], [11.0955939, 36.8470676], [11.0955604, 36.8470703], [11.0955389, 36.8470788], [11.0955141, 36.8470966], [11.0953458, 36.8472591], [11.0952808, 36.8473369], [11.0951896, 36.8474394], [11.0951279, 36.8475076], [11.095038, 36.8475956], [11.0949837, 36.8476466], [11.0948825, 36.8477329], [11.0948355, 36.8477802], [11.0947753, 36.8478418], [11.0945941, 36.8480883], [11.0944345, 36.8483876]]}}, {"type": "Feature", "properties": {"highway": "residential", "lanes": "2", "lit": "yes", "surface": "asphalt"}, "geometry": {"type": "LineString", "coordinates": [[11.0989178, 36.8471845], [11.0994999, 36.8474056], [11.1000873, 36.8476256], [11.1003435, 36.8477233], [11.1008839, 36.847939], [11.1015518, 36.848174], [11.1018508, 36.8482824], [11.1019528, 36.848306], [11.1020346, 36.8483103], [11.1021311, 36.8483168], [11.1022545, 36.8483071], [11.102394, 36.8482942], [11.1026032, 36.8482642], [11.102803, 36.8482449], [11.1029881, 36.8482288], [11.1037395, 36.8481843], [11.1038181, 36.84818], [11.1040033, 36.8481698], [11.1040945, 36.8481644], [11.1045103, 36.8481579], [11.1048281, 36.8481483], [11.1058046, 36.8481174]]}}, {"type": "Feature", "properties": {"highway": "residential"}, "geometry": {"type": "LineString", "coordinates": [[11.0794772, 36.846825], [11.0796341, 36.8463142], [11.0798527, 36.8457577], [11.0799634, 36.8454519], [11.0800474, 36.8452527], [11.0803939, 36.8446835], [11.0804388, 36.844664], [11.0804999, 36.8446551], [11.0805454, 36.8446599], [11.080589, 36.84467], [11.0811951, 36.8449054], [11.081558, 36.8450735]]}}, {"type": "Feature", "properties": {"highway": "residential"}, "geometry": {"type": "LineString", "coordinates": [[11.0962208, 36.8369243], [11.0965092, 36.8366031], [11.0968096, 36.8362865], [11.0970188, 36.8360815], [11.0970839, 36.8360117], [11.0970946, 36.8359849], [11.0970913, 36.8359613], [11.0970772, 36.8359387], [11.096702, 36.8357175], [11.0957637, 36.8350812], [11.095431, 36.8348535], [11.0948514, 36.8344568], [11.0944941, 36.8346693]]}}, {"type": "Feature", "properties": {"highway": "residential"}, "geometry": {"type": "LineString", "coordinates": [[11.0814446, 36.8540452], [11.0818427, 36.854245], [11.0819723, 36.8543069], [11.0823153, 36.8544726], [11.0824504, 36.8545367], [11.0826137, 36.8546127], [11.0829118, 36.8547374], [11.0829507, 36.8547315]]}}, {"type": "Feature", "properties": {"highway": "residential"}, "geometry": {"type": "LineString", "coordinates": [[11.0935792, 36.8498384], [11.0934998, 36.8499405], [11.0934594, 36.8499272], [11.0933871, 36.8499008], [11.0932285, 36.8498567], [11.0928078, 36.8497634], [11.0924008, 36.8496786], [11.0923826, 36.8496781], [11.0923712, 36.8496963], [11.0923337, 36.8498536], [11.092323, 36.8498713], [11.0923028, 36.8498799], [11.0922619, 36.8498754], [11.0918721, 36.8497839]]}}, {"type": "Feature", "properties": {"highway": "residential"}, "geometry": {"type": "LineString", "coordinates": [[11.0942857, 36.8493985], [11.094173, 36.8495692], [11.0939695, 36.8499311], [11.093941, 36.849981], [11.0938853, 36.8500602], [11.0939222, 36.850182], [11.0937707, 36.8505994], [11.0937197, 36.8507743], [11.0936634, 36.8510179], [11.0935588, 36.8515234], [11.0934971, 36.8518056], [11.0934066, 36.8522971], [11.0933791, 36.8523889], [11.0933623, 36.852427], [11.0933348, 36.8524785], [11.0932919, 36.8525568]]}}, {"type": "Feature", "properties": {"highway": "residential"}, "geometry": {"type": "LineString", "coordinates": [[11.100838, 36.8446738], [11.1015472, 36.845081], [11.1019575, 36.8453208], [11.1021854, 36.8454329], [11.102693, 36.8456615], [11.1027816, 36.8456939], [11.102862, 36.8457325], [11.1030753, 36.8458527], [11.1033714, 36.8460323], [11.1035127, 36.8461616], [11.1037086, 36.8462779], [11.1038933, 36.8463922], [11.1044637, 36.8467594]]}}, {"type": "Feature", "properties": {"highway": "residential", "maxspeed": "50", "name": "\u0646\u0647\u062c \u062c\u0631\u0628\u0629", "name:ar": "\u0646\u0647\u062c \u062c\u0631\u0628\u0629", "name:en": "Djerba Street", "name:fr": "Rue de Djerba", "oneway": "no", "surface": "asphalt"}, "geometry": {"type": "LineString", "coordinates": [[11.0859214, 36.8542287], [11.0859819, 36.8542667], [11.0863642, 36.8545739], [11.0866143, 36.8547607], [11.086745, 36.8548665], [11.0871778, 36.8551604], [11.0875404, 36.8553508], [11.0877109, 36.8554311], [11.0879801, 36.85553], [11.0887519, 36.8558236], [11.0891292, 36.8559524], [11.0898392, 36.8562118], [11.0900203, 36.856303], [11.0901759, 36.8563846], [11.090314, 36.8564613], [11.0904079, 36.8565101], [11.0905453, 36.8565783], [11.0907744, 36.8566757], [11.091354, 36.8568975]]}}, {"type": "Feature", "properties": {"highway": "residential"}, "geometry": {"type": "LineString", "coordinates": [[11.0866697, 36.8517646], [11.0864442, 36.8517026], [11.0861448, 36.8516341], [11.0859315, 36.8515556], [11.0856436, 36.8514504], [11.0854258, 36.8513288], [11.0854009, 36.8513184], [11.0849198, 36.8510234], [11.0845375, 36.8508123], [11.0837413, 36.8504585]]}}, {"type": "Feature", "properties": {"highway": "residential"}, "geometry": {"type": "LineString", "coordinates": [[11.0884452, 36.843747], [11.0885557, 36.8439077], [11.0886356, 36.8441066], [11.0886704, 36.8442343], [11.0886932, 36.8443802], [11.0887149, 36.8445179], [11.0888946, 36.8449272], [11.0889282, 36.8449984], [11.08903, 36.8452758]]}}, {"type": "Feature", "properties": {"highway": "residential", "lanes": "2", "lit": "yes", "oneway": "no", "surface": "asphalt"}, "geometry": {"type": "LineString", "coordinates": [[11.1009081, 36.8445787], [11.1011333, 36.8445706], [11.1012031, 36.8445584], [11.1013372, 36.8445069], [11.1016698, 36.844348], [11.1020227, 36.8442002], [11.1021767, 36.8440282], [11.102343, 36.8438479], [11.1025469, 36.843644], [11.1027507, 36.843468], [11.1028822, 36.8433757], [11.1029868, 36.843307], [11.1034722, 36.8430322], [11.1036546, 36.8429442], [11.10447, 36.8425299]]}}, {"type": "Feature", "properties": {"highway": "residential"}, "geometry": {"type": "LineString", "coordinates": [[11.0910454, 36.8432413], [11.0911654, 36.843324], [11.0912782, 36.8434164], [11.0916979, 36.8438295], [11.0919406, 36.844037], [11.0922705, 36.8443189], [11.0923725, 36.8444188]]}}, {"type": "Feature", "properties": {"highway": "residential"}, "geometry": {"type": "LineString", "coordinates": [[11.0946062, 36.8487557], [11.094806, 36.848834], [11.0948905, 36.8488737], [11.0949022, 36.8488827], [11.0949118, 36.848891], [11.0949163, 36.8488998], [11.0949185, 36.8489102], [11.094917, 36.8489212], [11.0949123, 36.8489307], [11.0948771, 36.8489709], [11.0948412, 36.8490098], [11.0948359, 36.849017], [11.0948328, 36.8490228], [11.0948322, 36.849028], [11.0948352, 36.8490347], [11.0948409, 36.8490409], [11.0948498, 36.8490476], [11.0949167, 36.849087], [11.0952158, 36.8492999], [11.0953914, 36.8494297], [11.0954184, 36.8494465], [11.0954306, 36.849456], [11.0954398, 36.8494622], [11.0954427, 36.849466], [11.0954444, 36.8494703], [11.0954447, 36.8494758], [11.0954435, 36.8494819], [11.0954403, 36.8494882], [11.0954353, 36.8494965], [11.095404, 36.8495369], [11.0953989, 36.8495441], [11.0953965, 36.8495501], [11.0953968, 36.8495561], [11.0953989, 36.8495602], [11.0954039, 36.849565], [11.0954095, 36.8495689], [11.0954263, 36.8495775], [11.0957703, 36.8497253], [11.0959017, 36.8497334], [11.0959245, 36.8497487], [11.0959399, 36.849765], [11.0959597, 36.8498002], [11.0959641, 36.8498291], [11.0959691, 36.8498595], [11.0959641, 36.8498799], [11.0959597, 36.8498936], [11.0959527, 36.8499078], [11.095561, 36.8505388]]}}, {"type": "Feature", "properties": {"access": "private", "highway": "service"}, "geometry": {"type": "LineString", "coordinates": [[11.091502, 36.8325294], [11.0918686, 36.8327382], [11.0918876, 36.8327531], [11.0919994, 36.8328222], [11.092267, 36.8329699], [11.0924844, 36.8330873], [11.0925888, 36.833149], [11.092614, 36.8331678], [11.0929387, 36.8333724], [11.0930394, 36.8334147], [11.0931474, 36.8334687], [11.0932423, 36.8335234], [11.0933492, 36.8335811], [11.0934082, 36.8336076]]}}, {"type": "Feature", "properties": {"highway": "residential"}, "geometry": {"type": "LineString", "coordinates": [[11.0963508, 36.844753], [11.0967828, 36.844992], [11.0971462, 36.8452077], [11.0974057, 36.8453535], [11.0976585, 36.8455018], [11.0978493, 36.8456177], [11.0979747, 36.8456861], [11.0983465, 36.8458956], [11.0986871, 36.8460814], [11.0989563, 36.8462344], [11.0989185, 36.8463324], [11.0989091, 36.8463555], [11.0989028, 36.8463794], [11.0988974, 36.8464022], [11.0988883, 36.8464556], [11.0988806, 36.8464974], [11.0988801, 36.846518], [11.0988843, 36.8465366], [11.0988917, 36.846553], [11.0989007, 36.8465642], [11.098913, 36.8465723], [11.0990449, 36.846637], [11.0992582, 36.8467405]]}}, {"type": "Feature", "properties": {"highway": "residential"}, "geometry": {"type": "LineString", "coordinates": [[11.0847554, 36.8458705], [11.0851748, 36.845301], [11.0853693, 36.845147], [11.0854518, 36.8450553], [11.0860164, 36.8444435], [11.0864429, 36.8441409], [11.0873408, 36.8435581]]}}, {"type": "Feature", "properties": {"highway": "residential", "lanes": "1", "lit": "yes", "surface": "asphalt"}, "geometry": {"type": "LineString", "coordinates": [[11.0929298, 36.8463754], [11.093076, 36.8464043], [11.0931142, 36.8464049], [11.0931457, 36.8464022], [11.0932161, 36.846388], [11.0932547, 36.8463858], [11.0932839, 36.8463915], [11.0933571, 36.8464187], [11.0935527, 36.8465189], [11.0938679, 36.8467306]]}}, {"type": "Feature", "properties": {"highway": "residential"}, "geometry": {"type": "LineString", "coordinates": [[11.1161327, 36.8477467], [11.115915, 36.8479326], [11.1157836, 36.8480678], [11.1157138, 36.8481816], [11.1156629, 36.8484198], [11.1156387, 36.8486988], [11.1156414, 36.8489607], [11.1156468, 36.8492183], [11.1156253, 36.8494436], [11.1155502, 36.8497656], [11.1154698, 36.8500553], [11.1154134, 36.8502506], [11.1153973, 36.8504352], [11.1153571, 36.8507593], [11.1153169, 36.851048], [11.1152565, 36.851224], [11.1151989, 36.8513656], [11.1151466, 36.8515052], [11.115058, 36.8517294], [11.1149776, 36.8519097], [11.1147724, 36.852339], [11.1145927, 36.8527532], [11.1144586, 36.8531202], [11.1144143, 36.8532874], [11.1143727, 36.8534443], [11.1142896, 36.8538242], [11.1141394, 36.8542041], [11.1140053, 36.8547234], [11.1138873, 36.8552385], [11.1137451, 36.8558394], [11.113619, 36.8563116], [11.1135841, 36.8564289], [11.1135225, 36.8566357], [11.1134125, 36.8569297], [11.1132811, 36.8572795], [11.113155, 36.8576422], [11.113037, 36.8579105], [11.1128707, 36.8582045], [11.1127366, 36.8583955], [11.1125193, 36.8586981], [11.1121921, 36.8591767], [11.1119105, 36.8595887], [11.11161, 36.8600586], [11.1113124, 36.8606445], [11.1105908, 36.8617304], [11.1100999, 36.8624085], [11.1100343, 36.8625877], [11.1099914, 36.86293], [11.1099512, 36.8632305], [11.1098492, 36.8634665], [11.109573, 36.8638313], [11.1093664, 36.8641833], [11.1092028, 36.8645674], [11.1091304, 36.8648592], [11.1090472, 36.8660502], [11.1090955, 36.8666746], [11.1091277, 36.8669514], [11.1092216, 36.8672347], [11.1093691, 36.8676252], [11.1093986, 36.8677883], [11.1093624, 36.8679578], [11.1093503, 36.8680201], [11.1093047, 36.8681473], [11.1092296, 36.868372]]}}, {"type": "Feature", "properties": {"highway": "secondary", "name": "\u0634\u0627\u0631\u0639 \u0627\u0644\u062d\u0628\u064a\u0628 \u0628\u0648\u0631\u0642\u064a\u0628\u0629", "name:ar": "\u0634\u0627\u0631\u0639 \u0627\u0644\u062d\u0628\u064a\u0628 \u0628\u0648\u0631\u0642\u064a\u0628\u0629"}, "geometry": {"type": "LineString", "coordinates": [[11.0889561, 36.8637627], [11.0908417, 36.8643335], [11.0922579, 36.8647605], [11.0926898, 36.8648785], [11.0930814, 36.8649976], [11.0937787, 36.8652187], [11.0945137, 36.8654708], [11.0951923, 36.8657605], [11.0975969, 36.8668313], [11.1004762, 36.8681456], [11.1007109, 36.8682304], [11.1014432, 36.8685683], [11.1019421, 36.8687861], [11.1022894, 36.8689363], [11.1025335, 36.8690619], [11.1032419, 36.8693743], [11.1040718, 36.8697529], [11.1042997, 36.8698569], [11.1046002, 36.8700274], [11.1048375, 36.8701487], [11.1050024, 36.8702774], [11.105213, 36.8704609], [11.1054691, 36.8707252], [11.1058554, 36.8711239], [11.1061639, 36.8714522], [11.1064482, 36.8717462], [11.1064978, 36.8717934], [11.1066976, 36.8720123], [11.1067805, 36.8721009], [11.1074258, 36.8727901], [11.1074781, 36.8728684], [11.1075841, 36.8730497], [11.1075854, 36.8731291], [11.1075962, 36.8731913], [11.1076216, 36.8732364], [11.1077021, 36.8733522], [11.107804, 36.8734627], [11.1079529, 36.8736408], [11.1080083, 36.8737307], [11.1080749, 36.8738297], [11.10826, 36.8741333], [11.1084437, 36.8744734], [11.1085416, 36.87463], [11.1086288, 36.8747544], [11.1087187, 36.8748971], [11.1088011, 36.875014], [11.1088367, 36.8750741], [11.1089198, 36.8751836], [11.1092269, 36.8755102], [11.1095595, 36.8758262], [11.1096641, 36.8759259], [11.1097714, 36.8760482], [11.1098814, 36.8761684], [11.1101872, 36.8764645], [11.1103669, 36.8766372], [11.1106042, 36.876885], [11.1116946, 36.8779685], [11.1118998, 36.8781562], [11.1124, 36.8786637], [11.1131886, 36.879465], [11.1134179, 36.8796999], [11.1139315, 36.8802224], [11.115565, 36.881825], [11.1159632, 36.882277], [11.1160934, 36.8824097], [11.1168388, 36.883162], [11.1171743, 36.8835028], [11.1175435, 36.8838733], [11.1181107, 36.8844458], [11.1183263, 36.8846634], [11.1192504, 36.8855891], [11.1193027, 36.8856438], [11.1193067, 36.8856835], [11.1192624, 36.8857618], [11.1189593, 36.8860386], [11.1183853, 36.8867272], [11.1181529, 36.8869941], [11.1180742, 36.8870844], [11.1177113, 36.887463], [11.1174613, 36.8877237], [11.1170724, 36.8881538], [11.1169066, 36.8883306], [11.1168672, 36.8883726], [11.1166553, 36.8885958], [11.1164997, 36.8887482], [11.1161377, 36.8891031], [11.1159213, 36.8893138], [11.1158386, 36.8894002]]}}, {"type": "Feature", "properties": {"highway": "residential", "lanes": "2", "oneway": "no", "surface": "paved"}, "geometry": {"type": "LineString", "coordinates": [[11.090654, 36.8373598], [11.0908511, 36.8374414], [11.0912373, 36.8376088], [11.0919988, 36.8379995]]}}, {"type": "Feature", "properties": {"highway": "residential", "lanes": "2", "oneway": "no", "surface": "paved"}, "geometry": {"type": "LineString", "coordinates": [[11.0964645, 36.8387695], [11.0959683, 36.8393659], [11.0957349, 36.8397848], [11.0954296, 36.8401933]]}}, {"type": "Feature", "properties": {"highway": "residential", "lanes": "2", "oneway": "no", "surface": "paved"}, "geometry": {"type": "LineString", "coordinates": [[11.0918006, 36.836002], [11.0921278, 36.8361373], [11.0924685, 36.8362543], [11.0928078, 36.8363906], [11.0932088, 36.836558]]}}, {"type": "Feature", "properties": {"highway": "residential", "lanes": "2", "oneway": "no", "surface": "paved"}, "geometry": {"type": "LineString", "coordinates": [[11.0906982, 36.8361289], [11.0912598, 36.8363638], [11.0915076, 36.8364675], [11.0926218, 36.8369395], [11.0928789, 36.8370443]]}}, {"type": "Feature", "properties": {"highway": "residential", "lanes": "2", "oneway": "no", "surface": "paved"}, "geometry": {"type": "LineString", "coordinates": [[11.0959683, 36.8393659], [11.0965005, 36.8395922], [11.0974163, 36.8400438]]}}, {"type": "Feature", "properties": {"highway": "residential", "lanes": "2", "oneway": "no", "surface": "paved"}, "geometry": {"type": "LineString", "coordinates": [[11.0978068, 36.8394455], [11.0981667, 36.8389132]]}}, {"type": "Feature", "properties": {"highway": "residential", "lanes": "2", "lit": "yes", "noexit": "yes", "surface": "asphalt"}, "geometry": {"type": "LineString", "coordinates": [[11.1017058, 36.8462146], [11.1013277, 36.846019]]}}, {"type": "Feature", "properties": {"highway": "residential", "lanes": "2", "lit": "yes", "surface": "asphalt"}, "geometry": {"type": "LineString", "coordinates": [[11.1032089, 36.848895], [11.1034219, 36.8486532], [11.1035004, 36.8485421], [11.1035956, 36.8483898], [11.1037395, 36.8481843]]}}, {"type": "Feature", "properties": {"highway": "path", "lanes": "1", "lit": "yes", "surface": "asphalt"}, "geometry": {"type": "LineString", "coordinates": [[11.098687, 36.8493107], [11.0989606, 36.849432]]}}, {"type": "Feature", "properties": {"highway": "path", "lanes": "1", "lit": "yes", "surface": "asphalt"}, "geometry": {"type": "LineString", "coordinates": [[11.0991108, 36.8486916], [11.0992285, 36.8484788]]}}, {"type": "Feature", "properties": {"highway": "path", "lanes": "1", "lit": "yes", "surface": "asphalt"}, "geometry": {"type": "LineString", "coordinates": [[11.0986132, 36.8493956], [11.098687, 36.8493107], [11.098828, 36.8491496]]}}, {"type": "Feature", "properties": {"highway": "residential", "lanes": "2", "lit": "yes", "name": "\u0646\u0647\u062c \u0644\u0648\u0643\u0633\u0645\u0628\u0648\u0631\u063a", "name:ar": "\u0646\u0647\u062c \u0644\u0648\u0643\u0633\u0645\u0628\u0648\u0631\u063a", "name:fr": "Rue Luxembourg", "surface": "asphalt"}, "geometry": {"type": "LineString", "coordinates": [[11.1008839, 36.847939], [11.1013156, 36.8473854], [11.1015673, 36.8470955], [11.1017885, 36.8468757], [11.1018472, 36.846813], [11.1023057, 36.8462308], [11.1024201, 36.8460552], [11.102693, 36.8456615], [11.1030835, 36.8452039], [11.1033506, 36.8448702], [11.1036538, 36.8444912]]}}, {"type": "Feature", "properties": {"highway": "residential", "lanes": "2", "lit": "yes", "surface": "asphalt"}, "geometry": {"type": "LineString", "coordinates": [[11.1031493, 36.8496321], [11.1032389, 36.8495295], [11.1034079, 36.8493674], [11.1036679, 36.8491187], [11.1040625, 36.8487007], [11.1041427, 36.8486355]]}}, {"type": "Feature", "properties": {"highway": "residential", "lanes": "1", "lit": "yes", "surface": "asphalt"}, "geometry": {"type": "LineString", "coordinates": [[11.0985202, 36.8490385], [11.0985417, 36.8489612], [11.0985645, 36.8488823], [11.0985837, 36.8488128], [11.0986067, 36.848731], [11.0986736, 36.8485134], [11.0986889, 36.8484786], [11.0987046, 36.8484501], [11.0987288, 36.848419], [11.0987556, 36.8483908], [11.0987871, 36.8483635], [11.0988495, 36.8483109]]}}, {"type": "Feature", "properties": {"highway": "residential", "lanes": "2", "lit": "yes", "surface": "asphalt"}, "geometry": {"type": "LineString", "coordinates": [[11.1004827, 36.8497034], [11.1006332, 36.8494232], [11.1006536, 36.8493964], [11.1006797, 36.8493688], [11.1007122, 36.8493446], [11.10078, 36.8492928], [11.1008215, 36.8492558], [11.100865, 36.8492099], [11.1010252, 36.8489727], [11.1015518, 36.848174]]}}, {"type": "Feature", "properties": {"highway": "residential", "lanes": "2", "lit": "yes", "surface": "asphalt"}, "geometry": {"type": "LineString", "coordinates": [[11.1036679, 36.8491187], [11.1032089, 36.848895], [11.1027223, 36.8486302], [11.1026582, 36.8485883], [11.102626, 36.84854], [11.1026112, 36.8484735], [11.1026032, 36.848393], [11.1026032, 36.8482642]]}}, {"type": "Feature", "properties": {"highway": "residential", "lanes": "2", "lit": "yes", "noexit": "yes", "surface": "asphalt"}, "geometry": {"type": "LineString", "coordinates": [[11.1028029, 36.8493075], [11.103023, 36.8490959], [11.1032089, 36.848895]]}}, {"type": "Feature", "properties": {"highway": "residential", "lanes": "1", "lit": "yes", "surface": "asphalt"}, "geometry": {"type": "LineString", "coordinates": [[11.0987435, 36.8491194], [11.0989324, 36.8491144], [11.0990942, 36.849119], [11.0992476, 36.8491261], [11.0993048, 36.8491302], [11.0993664, 36.8491362], [11.0994308, 36.8491447], [11.0995319, 36.8491648]]}}, {"type": "Feature", "properties": {"highway": "residential", "lanes": "2", "lit": "yes", "surface": "asphalt"}, "geometry": {"type": "LineString", "coordinates": [[11.1027223, 36.8486302], [11.1023403, 36.8490122], [11.1019924, 36.8493871]]}}, {"type": "Feature", "properties": {"highway": "residential", "lit": "yes", "surface": "asphalt"}, "geometry": {"type": "LineString", "coordinates": [[11.0938679, 36.8467306], [11.0940335, 36.8468605], [11.094118, 36.8469216], [11.0941308, 36.8469415], [11.0941227, 36.8469608], [11.0940248, 36.8470794], [11.0940114, 36.8471025], [11.0940081, 36.8471223], [11.0941321, 36.8472173], [11.0941422, 36.8472361], [11.0941335, 36.8472532], [11.0939698, 36.8474115], [11.0939522, 36.8474189], [11.0939385, 36.8474223], [11.0936808, 36.8474821], [11.0936398, 36.8475013], [11.0936218, 36.8475076], [11.0936081, 36.8475116], [11.0935752, 36.8475151], [11.093533, 36.8475213], [11.0934941, 36.8475338], [11.0934653, 36.8475433], [11.0934514, 36.8475503], [11.0930994, 36.8479192]]}}, {"type": "Feature", "properties": {"highway": "path", "lanes": "1", "lit": "yes", "surface": "asphalt"}, "geometry": {"type": "LineString", "coordinates": [[11.090391, 36.8483858], [11.090234, 36.8482848]]}}, {"type": "Feature", "properties": {"access": "no", "foot": "yes", "highway": "service", "oneway": "no", "service": "alley", "surface": "unpaved"}, "geometry": {"type": "LineString", "coordinates": [[11.096662, 36.8475486], [11.0961621, 36.847307], [11.0961173, 36.8472506]]}}, {"type": "Feature", "properties": {"highway": "service", "surface": "unpaved"}, "geometry": {"type": "LineString", "coordinates": [[11.0971528, 36.8477139], [11.0966936, 36.8483817], [11.0965729, 36.8485523]]}}, {"type": "Feature", "properties": {"highway": "residential", "lanes": "1", "lit": "yes", "surface": "asphalt"}, "geometry": {"type": "LineString", "coordinates": [[11.0896426, 36.8488615], [11.0898188, 36.8486846], [11.0899723, 36.8485354], [11.090234, 36.8482848], [11.0904112, 36.8481151], [11.09054, 36.8479873]]}}, {"type": "Feature", "properties": {"highway": "service", "lanes": "1", "lit": "yes", "surface": "asphalt"}, "geometry": {"type": "LineString", "coordinates": [[11.0901737, 36.8489754], [11.0901309, 36.8490358], [11.0900298, 36.8491558]]}}, {"type": "Feature", "properties": {"bicycle": "yes", "foot": "yes", "highway": "tertiary", "lanes": "2", "lit": "yes", "maxspeed": "50", "name": "\u0634\u0627\u0631\u0639 \u0627\u0628\u0646 \u062e\u0644\u062f\u0648\u0646", "name:ar": "\u0634\u0627\u0631\u0639 \u0627\u0628\u0646 \u062e\u0644\u062f\u0648\u0646", "name:fr": "Avenue Ibn Khaldoun", "oneway": "yes", "surface": "asphalt"}, "geometry": {"type": "LineString", "coordinates": [[11.0888807, 36.8494224], [11.0891486, 36.8490841], [11.0894342, 36.8487332]]}}, {"type": "Feature", "properties": {"highway": "tertiary", "lanes": "2", "lit": "yes", "maxspeed": "50", "name": "\u0634\u0627\u0631\u0639 \u0627\u0628\u0646 \u062e\u0644\u062f\u0648\u0646", "name:ar": "\u0634\u0627\u0631\u0639 \u0627\u0628\u0646 \u062e\u0644\u062f\u0648\u0646", "name:fr": "Avenue Ibn Khaldoun", "oneway": "yes", "sidewalk": "both", "surface": "asphalt"}, "geometry": {"type": "LineString", "coordinates": [[11.0907774, 36.847176], [11.0905916, 36.8473874], [11.090422, 36.8476053], [11.090234, 36.8478466], [11.0900041, 36.8481344], [11.0898459, 36.8483372], [11.0896864, 36.848533], [11.0894885, 36.8487761]]}}, {"type": "Feature", "properties": {"highway": "residential"}, "geometry": {"type": "LineString", "coordinates": [[11.0917474, 36.8419459], [11.0914323, 36.8416852], [11.0911358, 36.8413639], [11.0910456, 36.8412723]]}}, {"type": "Feature", "properties": {"highway": "residential"}, "geometry": {"type": "LineString", "coordinates": [[11.092791, 36.8418581], [11.0932811, 36.8421787]]}}, {"type": "Feature", "properties": {"highway": "residential"}, "geometry": {"type": "LineString", "coordinates": [[11.0915183, 36.8405611], [11.0908661, 36.8402039]]}}, {"type": "Feature", "properties": {"highway": "residential"}, "geometry": {"type": "LineString", "coordinates": [[11.0916079, 36.8404558], [11.0924299, 36.8409385]]}}, {"type": "Feature", "properties": {"highway": "residential"}, "geometry": {"type": "LineString", "coordinates": [[11.091757, 36.8386049], [11.0914771, 36.83898], [11.0914729, 36.8390111], [11.0914779, 36.8390341], [11.0914932, 36.8390562], [11.0923196, 36.8394566]]}}, {"type": "Feature", "properties": {"highway": "residential", "tracktype": "grade3"}, "geometry": {"type": "LineString", "coordinates": [[11.0910038, 36.8397858], [11.091012, 36.8397501], [11.0910615, 36.8395722], [11.0910898, 36.8395183], [11.0910985, 36.8394705], [11.0910905, 36.8394174], [11.0910724, 36.8393609], [11.0910536, 36.8393127], [11.0910033, 36.8390552], [11.0909758, 36.8389467], [11.0909651, 36.8388818], [11.0909658, 36.8388308], [11.0909819, 36.8387911], [11.0910201, 36.8387396], [11.091232, 36.838401]]}}, {"type": "Feature", "properties": {"highway": "residential"}, "geometry": {"type": "LineString", "coordinates": [[11.0920813, 36.8425768], [11.0916007, 36.8420733]]}}, {"type": "Feature", "properties": {"highway": "tertiary", "maxspeed": "50", "oneway": "yes", "surface": "asphalt"}, "geometry": {"type": "LineString", "coordinates": [[11.0917086, 36.8412618], [11.0913971, 36.8411785]]}}, {"type": "Feature", "properties": {"highway": "residential"}, "geometry": {"type": "LineString", "coordinates": [[11.0930336, 36.8425057], [11.0932811, 36.8421787], [11.0937504, 36.8416684]]}}, {"type": "Feature", "properties": {"highway": "residential"}, "geometry": {"type": "LineString", "coordinates": [[11.0906455, 36.8424358], [11.0906204, 36.8424291], [11.0905479, 36.842384], [11.0903475, 36.842216], [11.0903287, 36.8421935], [11.0903281, 36.842164], [11.0903468, 36.8421328], [11.0906069, 36.8418702], [11.0909373, 36.8415421], [11.0911358, 36.8413639]]}}, {"type": "Feature", "properties": {"highway": "residential"}, "geometry": {"type": "LineString", "coordinates": [[11.0930059, 36.8403939], [11.0937027, 36.8394844]]}}, {"type": "Feature", "properties": {"highway": "residential"}, "geometry": {"type": "LineString", "coordinates": [[11.0947971, 36.8416403], [11.0940428, 36.8412801], [11.0940039, 36.8412501], [11.0939838, 36.8412211], [11.093933, 36.84106]]}}, {"type": "Feature", "properties": {"highway": "residential"}, "geometry": {"type": "LineString", "coordinates": [[11.0926488, 36.839004], [11.0924809, 36.8392342], [11.0924693, 36.8392502], [11.0923196, 36.8394566], [11.0920661, 36.8398346], [11.0918141, 36.840181], [11.0916079, 36.8404558], [11.0915183, 36.8405611], [11.0911644, 36.8409942]]}}, {"type": "Feature", "properties": {"highway": "residential"}, "geometry": {"type": "LineString", "coordinates": [[11.0934194, 36.8406851], [11.0933748, 36.8406199], [11.0933106, 36.8405727], [11.0930059, 36.8403939]]}}, {"type": "Feature", "properties": {"highway": "residential"}, "geometry": {"type": "LineString", "coordinates": [[11.0934004, 36.8378463], [11.0937178, 36.8374339]]}}, {"type": "Feature", "properties": {"highway": "residential"}, "geometry": {"type": "LineString", "coordinates": [[11.0941529, 36.8372081], [11.0946022, 36.8373953], [11.0948583, 36.8375004], [11.0949509, 36.8375283], [11.0950139, 36.8375402], [11.0950546, 36.8375476]]}}, {"type": "Feature", "properties": {"highway": "residential"}, "geometry": {"type": "LineString", "coordinates": [[11.0938511, 36.838717], [11.093762, 36.8380827], [11.0937432, 36.8379893], [11.0937291, 36.8379335], [11.0937311, 36.8378772], [11.0937586, 36.8378278], [11.0937962, 36.8377795], [11.0939902, 36.8375524], [11.0941529, 36.8372081], [11.0942668, 36.8370059]]}}, {"type": "Feature", "properties": {"highway": "residential"}, "geometry": {"type": "LineString", "coordinates": [[11.0919932, 36.8387098], [11.0926621, 36.8379818], [11.092821, 36.8378076], [11.0929686, 36.8376337], [11.0932758, 36.8372214]]}}, {"type": "Feature", "properties": {"highway": "residential"}, "geometry": {"type": "LineString", "coordinates": [[11.0942812, 36.8377035], [11.0942323, 36.8387485], [11.0943033, 36.8388796]]}}, {"type": "Feature", "properties": {"highway": "residential", "lanes": "2", "oneway": "no", "surface": "paved"}, "geometry": {"type": "LineString", "coordinates": [[11.0940688, 36.8397192], [11.0942602, 36.8395743], [11.0946411, 36.8395505], [11.0950118, 36.8394837], [11.0959683, 36.8393659]]}}, {"type": "Feature", "properties": {"highway": "residential"}, "geometry": {"type": "LineString", "coordinates": [[11.0922823, 36.8377176], [11.0926621, 36.8379818], [11.0934433, 36.8385364], [11.0935843, 36.8386081], [11.0936808, 36.8386586], [11.09376, 36.838694], [11.0938511, 36.838717], [11.0940215, 36.8387412], [11.0942323, 36.8387485]]}}, {"type": "Feature", "properties": {"highway": "residential"}, "geometry": {"type": "LineString", "coordinates": [[11.0929778, 36.8391517], [11.0933092, 36.8387393], [11.0934433, 36.8385364]]}}, {"type": "Feature", "properties": {"highway": "residential"}, "geometry": {"type": "LineString", "coordinates": [[11.0941502, 36.839119], [11.0937102, 36.8389185], [11.0935666, 36.8388687]]}}, {"type": "Feature", "properties": {"highway": "residential"}, "geometry": {"type": "LineString", "coordinates": [[11.0929686, 36.8376337], [11.0934004, 36.8378463], [11.0936096, 36.8379536]]}}, {"type": "Feature", "properties": {"highway": "residential", "lanes": "2", "oneway": "no", "surface": "paved"}, "geometry": {"type": "LineString", "coordinates": [[11.0946879, 36.8403667], [11.0948492, 36.8408295], [11.0948814, 36.8409237], [11.095033, 36.8413907]]}}, {"type": "Feature", "properties": {"highway": "residential"}, "geometry": {"type": "LineString", "coordinates": [[11.1026275, 36.8429954], [11.1029868, 36.843307]]}}, {"type": "Feature", "properties": {"highway": "residential", "lanes": "2", "lit": "yes", "noexit": "yes", "oneway": "no", "surface": "asphalt"}, "geometry": {"type": "LineString", "coordinates": [[11.1034291, 36.8423434], [11.1030537, 36.8426031]]}}, {"type": "Feature", "properties": {"highway": "path"}, "geometry": {"type": "LineString", "coordinates": [[11.1017483, 36.8434334], [11.102343, 36.8438479]]}}, {"type": "Feature", "properties": {"highway": "residential", "lanes": "2", "lit": "yes", "oneway": "no", "surface": "asphalt"}, "geometry": {"type": "LineString", "coordinates": [[11.1026653, 36.8422219], [11.1030537, 36.8426031], [11.1034722, 36.8430322]]}}, {"type": "Feature", "properties": {"highway": "residential"}, "geometry": {"type": "LineString", "coordinates": [[11.1021163, 36.8429472], [11.1027507, 36.843468]]}}, {"type": "Feature", "properties": {"highway": "residential", "oneway": "no", "surface": "asphalt"}, "geometry": {"type": "LineString", "coordinates": [[11.1205157, 36.8482116], [11.1207919, 36.8483377], [11.1208845, 36.8483715], [11.1209106, 36.8483731], [11.1209307, 36.8483672], [11.1209468, 36.8483576], [11.1210219, 36.8482921], [11.1210997, 36.8482459], [11.1211703, 36.8482173], [11.1214083, 36.8481509], [11.1221605, 36.8480115]]}}, {"type": "Feature", "properties": {"highway": "residential"}, "geometry": {"type": "LineString", "coordinates": [[11.1120111, 36.8355953], [11.1123019, 36.8358929], [11.1124066, 36.8360021]]}}, {"type": "Feature", "properties": {"highway": "residential"}, "geometry": {"type": "LineString", "coordinates": [[11.1118245, 36.8357383], [11.1121693, 36.8361384]]}}, {"type": "Feature", "properties": {"highway": "residential"}, "geometry": {"type": "LineString", "coordinates": [[11.1118112, 36.8363283], [11.1115189, 36.8360407], [11.111246, 36.8356882], [11.1109355, 36.8351985], [11.1108849, 36.8351359]]}}, {"type": "Feature", "properties": {"highway": "residential"}, "geometry": {"type": "LineString", "coordinates": [[11.1163225, 36.8339556], [11.1163863, 36.8339714], [11.1164292, 36.833981], [11.1164962, 36.8340036], [11.1165539, 36.8340165], [11.1166035, 36.8340229], [11.116641, 36.8340337], [11.1166739, 36.8340385], [11.1167156, 36.8340429]]}}, {"type": "Feature", "properties": {"highway": "residential", "name": "\u0634\u0627\u0631\u0639 \u0627\u0644\u0634\u0647\u062f\u0627\u0621", "name:ar": "\u0634\u0627\u0631\u0639 \u0627\u0644\u0634\u0647\u062f\u0627\u0621", "name:fr": "Avenue des Martyrs"}, "geometry": {"type": "LineString", "coordinates": [[11.1108849, 36.8351359], [11.1108476, 36.8352066], [11.1108389, 36.8352625], [11.1108459, 36.8353095], [11.1109175, 36.8356878], [11.1109261, 36.8357514], [11.1109234, 36.8358518], [11.1108859, 36.8359548], [11.1108456, 36.8360214], [11.1106471, 36.8362704], [11.1105224, 36.8364486], [11.1104554, 36.8365559], [11.1104379, 36.8366257], [11.1104406, 36.8366965], [11.110509, 36.8370561]]}}, {"type": "Feature", "properties": {"access": "permissive", "highway": "service", "surface": "asphalt"}, "geometry": {"type": "LineString", "coordinates": [[11.1152234, 36.8333645], [11.1149762, 36.8331641], [11.114818, 36.8330482], [11.1146438, 36.8329528]]}}, {"type": "Feature", "properties": {"access": "permissive", "highway": "service"}, "geometry": {"type": "LineString", "coordinates": [[11.1141208, 36.8344035], [11.1143137, 36.8344243], [11.1144451, 36.8343384]]}}, {"type": "Feature", "properties": {"access": "permissive", "highway": "service"}, "geometry": {"type": "LineString", "coordinates": [[11.114024, 36.8346733], [11.1141208, 36.8344035], [11.1141368, 36.8342739], [11.1141565, 36.834225], [11.1141619, 36.8341575]]}}, {"type": "Feature", "properties": {"highway": "residential"}, "geometry": {"type": "LineString", "coordinates": [[11.1161725, 36.835928], [11.1161683, 36.8359024], [11.1161678, 36.835885]]}}, {"type": "Feature", "properties": {"highway": "residential"}, "geometry": {"type": "LineString", "coordinates": [[11.1162474, 36.8360816], [11.1162054, 36.8360278], [11.1161916, 36.8359999], [11.1161725, 36.835928]]}}, {"type": "Feature", "properties": {"highway": "residential", "oneway": "no", "surface": "asphalt"}, "geometry": {"type": "LineString", "coordinates": [[11.1144436, 36.8391051], [11.1148101, 36.8392918], [11.1149896, 36.8394281], [11.1151868, 36.8395312], [11.1152981, 36.8395827], [11.1154027, 36.8396009], [11.1155388, 36.8395993], [11.1157031, 36.8395736], [11.1157856, 36.8395494], [11.1158466, 36.8395414], [11.1159472, 36.8395306], [11.1160142, 36.8395317], [11.1160619, 36.8395381], [11.1161269, 36.839551], [11.1162456, 36.8395607], [11.116367, 36.8395623], [11.1164213, 36.83955], [11.1165225, 36.8395113], [11.1165601, 36.8394856], [11.1166151, 36.8394147], [11.1166708, 36.8393355], [11.1167244, 36.8392569], [11.116799, 36.8391261], [11.1168571, 36.839038], [11.116886, 36.8390004], [11.116955, 36.8389446], [11.1170482, 36.838862], [11.1170798, 36.8388287], [11.1170915, 36.8388094], [11.1170948, 36.8387925], [11.1170995, 36.8387705], [11.1171089, 36.8387452], [11.117125, 36.8387254], [11.1171555, 36.8386913], [11.1172122, 36.8386626], [11.1172461, 36.8386588], [11.1172809, 36.8386602], [11.1173064, 36.8386674], [11.1174469, 36.8387195], [11.1175317, 36.8387375], [11.1176249, 36.8387423], [11.1176772, 36.838734], [11.1177218, 36.8387114], [11.117748, 36.8386704], [11.1177738, 36.8386312], [11.1177919, 36.838596], [11.1178157, 36.8385335], [11.1178278, 36.8384318], [11.1178234, 36.8379974], [11.1177604, 36.8376056], [11.1177496, 36.8374575], [11.1177295, 36.8373502], [11.1176812, 36.8372568], [11.1176088, 36.8371602], [11.1175431, 36.8370786], [11.1174542, 36.8369904], [11.1171356, 36.8366895], [11.1169739, 36.8365516], [11.1168336, 36.8364548], [11.1166405, 36.836329], [11.1163686, 36.8361653], [11.1162474, 36.8360816]]}}, {"type": "Feature", "properties": {"highway": "footway"}, "geometry": {"type": "LineString", "coordinates": [[11.1163544, 36.8381369], [11.1164124, 36.8382406], [11.1164927, 36.8383884], [11.1165233, 36.8384238], [11.1166892, 36.8385681], [11.1168053, 36.8386856], [11.1168509, 36.8387049], [11.1169019, 36.8387028], [11.1169582, 36.8386835], [11.1170092, 36.8386405], [11.1170306, 36.8386293]]}}, {"type": "Feature", "properties": {"highway": "residential", "lanes": "1", "oneway": "no", "surface": "asphalt"}, "geometry": {"type": "LineString", "coordinates": [[11.1119903, 36.838362], [11.1125889, 36.837984], [11.1127466, 36.8378461]]}}, {"type": "Feature", "properties": {"highway": "residential", "lanes": "1", "oneway": "no", "surface": "unpaved"}, "geometry": {"type": "LineString", "coordinates": [[11.11194, 36.8362725], [11.1122429, 36.8364863], [11.1126747, 36.8367922]]}}, {"type": "Feature", "properties": {"highway": "residential", "lanes": "2", "oneway": "no", "surface": "asphalt"}, "geometry": {"type": "LineString", "coordinates": [[11.1097327, 36.8395706], [11.1103555, 36.8391379], [11.110414, 36.8391017], [11.1107972, 36.8388104], [11.1115248, 36.8381867], [11.1115913, 36.8381155], [11.111622, 36.8380994], [11.1124664, 36.837597]]}}, {"type": "Feature", "properties": {"highway": "residential", "lanes": "1", "noexit": "yes", "oneway": "no", "surface": "asphalt"}, "geometry": {"type": "LineString", "coordinates": [[11.1133552, 36.8375521], [11.1128024, 36.8371594]]}}, {"type": "Feature", "properties": {"highway": "residential", "lanes": "2", "oneway": "no", "surface": "asphalt"}, "geometry": {"type": "LineString", "coordinates": [[11.1088113, 36.8386004], [11.1106859, 36.8377364], [11.1110173, 36.8375842], [11.1110736, 36.8375627], [11.1111065, 36.837567], [11.1111299, 36.8375906], [11.1112775, 36.8378256], [11.1114053, 36.8379943], [11.1115248, 36.8381867]]}}, {"type": "Feature", "properties": {"highway": "residential", "lanes": "1", "oneway": "no", "surface": "asphalt"}, "geometry": {"type": "LineString", "coordinates": [[11.1117928, 36.8376165], [11.1121997, 36.8373606]]}}, {"type": "Feature", "properties": {"highway": "residential", "lanes": "2", "oneway": "no", "surface": "asphalt"}, "geometry": {"type": "LineString", "coordinates": [[11.1114053, 36.8379943], [11.1101348, 36.8388482], [11.1094408, 36.8392886]]}}, {"type": "Feature", "properties": {"highway": "residential", "lanes": "1", "oneway": "no", "surface": "asphalt"}, "geometry": {"type": "LineString", "coordinates": [[11.1120877, 36.8366562], [11.1124464, 36.8369783]]}}, {"type": "Feature", "properties": {"highway": "residential", "lanes": "2", "oneway": "no", "surface": "asphalt"}, "geometry": {"type": "LineString", "coordinates": [[11.1115913, 36.8381155], [11.1119903, 36.838362], [11.1123465, 36.8386232], [11.1123638, 36.8386382], [11.1124415, 36.8387069], [11.1124835, 36.8387499], [11.1125046, 36.8388206], [11.1125006, 36.838943], [11.1125059, 36.8390439], [11.1127513, 36.839419]]}}, {"type": "Feature", "properties": {"highway": "residential", "lanes": "1", "oneway": "no", "surface": "asphalt"}, "geometry": {"type": "LineString", "coordinates": [[11.1123465, 36.8386232], [11.1128478, 36.8383531]]}}, {"type": "Feature", "properties": {"highway": "residential", "lanes": "1", "noexit": "yes", "oneway": "no", "surface": "asphalt"}, "geometry": {"type": "LineString", "coordinates": [[11.1129971, 36.8369488], [11.1128024, 36.8371594], [11.1123899, 36.8375289]]}}, {"type": "Feature", "properties": {"highway": "residential", "lanes": "1", "oneway": "no", "surface": "asphalt"}, "geometry": {"type": "LineString", "coordinates": [[11.110414, 36.8391017], [11.1101348, 36.8388482]]}}, {"type": "Feature", "properties": {"highway": "residential", "lanes": "1", "oneway": "no", "surface": "asphalt"}, "geometry": {"type": "LineString", "coordinates": [[11.1126747, 36.8367922], [11.1124464, 36.8369783], [11.112125, 36.8372904]]}}, {"type": "Feature", "properties": {"highway": "residential", "lanes": "2", "oneway": "no", "surface": "asphalt"}, "geometry": {"type": "LineString", "coordinates": [[11.1104835, 36.8396235], [11.1104664, 36.839439], [11.1104504, 36.839321], [11.1104134, 36.8392272], [11.1103555, 36.8391379]]}}, {"type": "Feature", "properties": {"highway": "residential", "lanes": "1", "oneway": "no", "surface": "asphalt"}, "geometry": {"type": "LineString", "coordinates": [[11.111534, 36.8372387], [11.1110589, 36.8367394]]}}, {"type": "Feature", "properties": {"highway": "residential", "lanes": "1", "oneway": "no", "surface": "asphalt"}, "geometry": {"type": "LineString", "coordinates": [[11.1125059, 36.8390439], [11.1129854, 36.8388115], [11.1130256, 36.8387868], [11.1130343, 36.8387739], [11.113039, 36.83876], [11.1130028, 36.8386865], [11.1128478, 36.8383531], [11.1125889, 36.837984]]}}, {"type": "Feature", "properties": {"highway": "residential", "lanes": "2", "oneway": "no", "surface": "asphalt"}, "geometry": {"type": "LineString", "coordinates": [[11.1123638, 36.8386382], [11.1118622, 36.8388636], [11.1115202, 36.8390085], [11.1111648, 36.8391555], [11.1111152, 36.8391598], [11.1110817, 36.8391448], [11.1107972, 36.8388104]]}}, {"type": "Feature", "properties": {"highway": "residential", "lanes": "1", "oneway": "no", "surface": "asphalt"}, "geometry": {"type": "LineString", "coordinates": [[11.111889, 36.8395183], [11.1115202, 36.8390085]]}}, {"type": "Feature", "properties": {"highway": "footway"}, "geometry": {"type": "LineString", "coordinates": [[11.1165345, 36.8383614], [11.1165828, 36.8381763], [11.1166311, 36.8381377], [11.1166821, 36.8381033], [11.1167652, 36.8380733], [11.1168296, 36.8380625], [11.1168913, 36.8380539], [11.1169279, 36.8380175], [11.1169449, 36.8379745], [11.1169342, 36.837923], [11.1168966, 36.8378564], [11.1168403, 36.8378221], [11.116784, 36.8377835], [11.1167303, 36.8377105], [11.1166311, 36.8375323], [11.116564, 36.8373777], [11.1165131, 36.837309], [11.1164836, 36.8372747], [11.1164424, 36.8372576], [11.1163227, 36.8372232], [11.1162288, 36.8371824], [11.1161805, 36.8371502], [11.116092, 36.8370751], [11.1160276, 36.8370192], [11.1159579, 36.836972], [11.1158935, 36.8369527], [11.1158318, 36.8369527], [11.1156736, 36.8369784], [11.115577, 36.8370106], [11.1154965, 36.8370579], [11.115467, 36.8370944], [11.1154527, 36.8371374], [11.1154295, 36.8371631], [11.1151924, 36.8373125], [11.1151293, 36.8372887], [11.1150746, 36.8372907], [11.1149694, 36.8373649], [11.1149306, 36.8374207], [11.1149317, 36.8374799], [11.1149129, 36.8375398], [11.1147955, 36.8378093], [11.1148045, 36.8378414], [11.114817, 36.8378694], [11.114927, 36.8379381], [11.1151737, 36.838097], [11.11534, 36.8382193], [11.1154473, 36.8383159], [11.1154679, 36.8384154], [11.1155358, 36.8384904], [11.1156143, 36.8385105], [11.1157002, 36.8384985], [11.1158496, 36.8383954], [11.1161237, 36.8382933], [11.1161935, 36.8383186], [11.1162915, 36.8382924], [11.1163589, 36.8382418], [11.1163544, 36.8381369]]}}, {"type": "Feature", "properties": {"highway": "footway"}, "geometry": {"type": "LineString", "coordinates": [[11.1162057, 36.8386982], [11.116151, 36.8387154], [11.1160947, 36.8387411], [11.1160357, 36.8387819], [11.1160062, 36.8388442], [11.1160106, 36.8389066], [11.1160401, 36.8389753], [11.1160937, 36.8390504], [11.1161286, 36.8390998], [11.116159, 36.8391619], [11.1161527, 36.8391986], [11.1161349, 36.8392155], [11.1160759, 36.8392499], [11.1159874, 36.8392563], [11.1158855, 36.8392477], [11.1158318, 36.8392477], [11.1158104, 36.8392756], [11.1158067, 36.8393295], [11.1158265, 36.8394044], [11.1158336, 36.8394583], [11.1158466, 36.8395414]]}}, {"type": "Feature", "properties": {"highway": "residential", "lanes": "2", "oneway": "no", "surface": "unpaved"}, "geometry": {"type": "LineString", "coordinates": [[11.1123288, 36.8406795], [11.1130933, 36.8401279], [11.1130987, 36.8400549], [11.1130236, 36.8399176], [11.1128466, 36.8397115], [11.1126628, 36.8394281]]}}, {"type": "Feature", "properties": {"highway": "residential", "lanes": "2", "oneway": "no", "surface": "unpaved"}, "geometry": {"type": "LineString", "coordinates": [[11.1140884, 36.8400485], [11.1136352, 36.8397308], [11.1131523, 36.839368]]}}, {"type": "Feature", "properties": {"highway": "residential", "lanes": "1", "noexit": "yes", "oneway": "no", "surface": "unpaved"}, "geometry": {"type": "LineString", "coordinates": [[11.1125398, 36.8399155], [11.1128466, 36.8397115]]}}, {"type": "Feature", "properties": {"highway": "residential", "lanes": "2", "oneway": "no", "surface": "unpaved"}, "geometry": {"type": "LineString", "coordinates": [[11.1133159, 36.8405336], [11.1133857, 36.84048], [11.1138041, 36.8401794], [11.1140884, 36.8400485], [11.1142896, 36.8399412], [11.1143405, 36.8399004], [11.1143754, 36.8398693], [11.1144022, 36.8397909], [11.1143942, 36.8397512], [11.1143432, 36.8396406], [11.1142869, 36.8395548], [11.1142283, 36.8395056], [11.1140053, 36.8393423]]}}, {"type": "Feature", "properties": {"highway": "residential", "lanes": "1", "noexit": "yes", "oneway": "no", "surface": "unpaved"}, "geometry": {"type": "LineString", "coordinates": [[11.116379, 36.8424527], [11.1164327, 36.8419654], [11.1164273, 36.8418237], [11.1164487, 36.8416821], [11.1164729, 36.8415919], [11.1165846, 36.8413108], [11.1166248, 36.8411906], [11.116598, 36.8410919], [11.1165443, 36.8410039], [11.1164746, 36.8409008], [11.1164782, 36.8408857]]}}, {"type": "Feature", "properties": {"highway": "residential", "lanes": "1", "noexit": "yes", "oneway": "no", "surface": "unpaved"}, "geometry": {"type": "LineString", "coordinates": [[11.114595, 36.8421681], [11.1147402, 36.8420534], [11.1149789, 36.8418141], [11.1150808, 36.8417261], [11.115101, 36.8416874], [11.1150956, 36.8416617], [11.1150741, 36.8416305], [11.1147938, 36.841505], [11.1147617, 36.8414631], [11.1147724, 36.841418], [11.1149709, 36.8411239], [11.1149682, 36.841066], [11.1149655, 36.8410188], [11.1149896, 36.8409672], [11.1152069, 36.8407139]]}}, {"type": "Feature", "properties": {"highway": "residential", "lanes": "1", "noexit": "yes", "oneway": "no", "surface": "unpaved"}, "geometry": {"type": "LineString", "coordinates": [[11.1167911, 36.8413172], [11.1167455, 36.8412658], [11.1166248, 36.8411906]]}}, {"type": "Feature", "properties": {"highway": "track", "tracktype": "grade3"}, "geometry": {"type": "LineString", "coordinates": [[11.0985185, 36.8371484], [11.0986949, 36.8371114], [11.0988638, 36.8370685], [11.0989953, 36.8370599], [11.0991727, 36.8370775], [11.0993202, 36.8371011], [11.0993953, 36.837129], [11.0994775, 36.8371677]]}}, {"type": "Feature", "properties": {"highway": "track", "tracktype": "grade3"}, "geometry": {"type": "LineString", "coordinates": [[11.0995026, 36.8370968], [11.0994775, 36.8371677], [11.0994405, 36.8372724], [11.0990869, 36.8382388], [11.0990121, 36.838349]]}}, {"type": "Feature", "properties": {"highway": "residential"}, "geometry": {"type": "LineString", "coordinates": [[11.0982131, 36.8379346], [11.0982309, 36.8378876], [11.0982403, 36.8378498], [11.0982493, 36.8377908], [11.0982641, 36.8377371], [11.0982932, 36.8376735], [11.0983455, 36.8375898], [11.0983817, 36.837538], [11.0984146, 36.8374865], [11.0984478, 36.8374202], [11.0984753, 36.8373526], [11.0984904, 36.8373037], [11.0985051, 36.8372463], [11.0985185, 36.8371484], [11.0985544, 36.8370266], [11.0986429, 36.8367368]]}}, {"type": "Feature", "properties": {"access": "permissive", "highway": "service", "surface": "asphalt"}, "geometry": {"type": "LineString", "coordinates": [[11.1146438, 36.8329528], [11.1146566, 36.8329929], [11.1146446, 36.8330317], [11.1146137, 36.833118], [11.1145987, 36.8332033], [11.1146016, 36.8332612], [11.114624, 36.8333303], [11.1147516, 36.8335472], [11.1147666, 36.8336025], [11.114765, 36.8336452], [11.1147469, 36.8337015], [11.1147099, 36.8337497], [11.1142595, 36.8340744], [11.1141619, 36.8341575], [11.1140916, 36.8342367], [11.1140403, 36.8343094], [11.1138077, 36.8347386], [11.1137403, 36.8348349], [11.1136365, 36.8349424], [11.1135453, 36.8350077], [11.1134538, 36.8350637], [11.1133578, 36.835126], [11.1132397, 36.8351776], [11.1131197, 36.8352074], [11.1129957, 36.8352279], [11.1128625, 36.835241], [11.112752, 36.8352523], [11.1124903, 36.8352566], [11.1122523, 36.8352371], [11.1121113, 36.8352104], [11.112029, 36.8351515], [11.1120034, 36.8351374], [11.1118611, 36.8350734], [11.1116961, 36.8349992], [11.1116028, 36.8349655], [11.111529, 36.8349447], [11.1114612, 36.8349362], [11.1113539, 36.8349384], [11.1111289, 36.8349676]]}}, {"type": "Feature", "properties": {"access": "permissive", "highway": "service", "surface": "asphalt"}, "geometry": {"type": "LineString", "coordinates": [[11.1109068, 36.8323153], [11.1110682, 36.8322904], [11.1111588, 36.8322629], [11.112441, 36.8321536], [11.1132127, 36.8321047], [11.113302, 36.832109], [11.1134128, 36.8321358], [11.1139658, 36.8323129], [11.1140428, 36.8323504], [11.1141033, 36.8323984], [11.114487, 36.8327638], [11.1145743, 36.8328542], [11.1146438, 36.8329528]]}}, {"type": "Feature", "properties": {"highway": "residential"}, "geometry": {"type": "LineString", "coordinates": [[11.0963479, 36.8360831], [11.0964472, 36.8359736], [11.096702, 36.8357175]]}}, {"type": "Feature", "properties": {"highway": "residential"}, "geometry": {"type": "LineString", "coordinates": [[11.0974856, 36.836983], [11.0976005, 36.8370363], [11.0977484, 36.8370818], [11.0978875, 36.8371092], [11.0980404, 36.83712], [11.0982335, 36.837135], [11.0983144, 36.8371505], [11.0984454, 36.837193], [11.0985051, 36.8372463]]}}, {"type": "Feature", "properties": {"highway": "residential"}, "geometry": {"type": "LineString", "coordinates": [[11.0954534, 36.8353865], [11.0954863, 36.8353507], [11.0957637, 36.8350812]]}}, {"type": "Feature", "properties": {"highway": "residential"}, "geometry": {"type": "LineString", "coordinates": [[11.0972597, 36.837455], [11.0974856, 36.836983], [11.0976347, 36.8365637], [11.0976555, 36.836495], [11.0976626, 36.8364402], [11.0976683, 36.8363882], [11.0976887, 36.8363305], [11.0977963, 36.836154]]}}, {"type": "Feature", "properties": {"highway": "path"}, "geometry": {"type": "LineString", "coordinates": [[11.094516, 36.8347252], [11.0946125, 36.834765], [11.0951278, 36.8351104], [11.0954863, 36.8353507]]}}, {"type": "Feature", "properties": {"highway": "path"}, "geometry": {"type": "LineString", "coordinates": [[11.0951278, 36.8351104], [11.095431, 36.8348535]]}}, {"type": "Feature", "properties": {"bridge": "yes", "highway": "primary", "lanes": "2", "layer": "1", "lit": "no", "oneway": "no", "ref": "RR27", "surface": "asphalt"}, "geometry": {"type": "LineString", "coordinates": [[11.0735188, 36.8399019], [11.0737874, 36.8400257]]}}, {"type": "Feature", "properties": {"highway": "residential", "tracktype": "grade3"}, "geometry": {"type": "LineString", "coordinates": [[11.0951329, 36.8342884], [11.0948514, 36.8344568]]}}, {"type": "Feature", "properties": {"highway": "residential"}, "geometry": {"type": "LineString", "coordinates": [[11.0948942, 36.8339235], [11.0943559, 36.8343204]]}}, {"type": "Feature", "properties": {"highway": "primary", "lanes": "2", "lit": "yes", "oneway": "no", "ref": "RR27", "surface": "asphalt"}, "geometry": {"type": "LineString", "coordinates": [[11.0737874, 36.8400257], [11.0738607, 36.8400603], [11.0741329, 36.8401929], [11.0743052, 36.8402964], [11.0744353, 36.8403656], [11.0746164, 36.8404729], [11.0747079, 36.8405551], [11.0748394, 36.8406347], [11.0749067, 36.8406975], [11.0749472, 36.8407279], [11.0751314, 36.8408793], [11.0752263, 36.8409517], [11.0753595, 36.8410838], [11.0755995, 36.841308], [11.0756446, 36.8413542], [11.07589, 36.8415455], [11.0761081, 36.8417183], [11.076213, 36.841791], [11.076328, 36.8418696], [11.076459, 36.8419569], [11.076681, 36.842091], [11.0768017, 36.84215], [11.0770083, 36.8422594], [11.0773832, 36.8424546], [11.077825, 36.8426809], [11.0781359, 36.842836], [11.0787255, 36.8430939], [11.0790781, 36.8432424], [11.079274, 36.8433303], [11.079348, 36.8433794], [11.0796448, 36.8435163], [11.0798064, 36.8435954], [11.0801001, 36.8437395], [11.0802725, 36.8438254], [11.0806024, 36.8439735], [11.0808411, 36.8440701], [11.0810677, 36.8441548], [11.0814298, 36.844281], [11.0815478, 36.8443244], [11.0819317, 36.8444659], [11.081985, 36.8444865], [11.0823653, 36.8446303], [11.0825631, 36.8447194], [11.0827689, 36.844824]]}}, {"type": "Feature", "properties": {"highway": "residential", "tracktype": "grade2"}, "geometry": {"type": "LineString", "coordinates": [[11.072765, 36.8434261], [11.0724816, 36.8436478], [11.0722295, 36.8437808], [11.0720772, 36.8438393], [11.0718996, 36.843915], [11.0717454, 36.8439867], [11.0712779, 36.8441773]]}}, {"type": "Feature", "properties": {"highway": "residential", "surface": "unpaved"}, "geometry": {"type": "LineString", "coordinates": [[11.0751987, 36.8417846], [11.0752997, 36.8416778], [11.0753962, 36.8415962], [11.0756446, 36.8413542]]}}, {"type": "Feature", "properties": {"highway": "residential"}, "geometry": {"type": "LineString", "coordinates": [[11.0747079, 36.8405551], [11.0746368, 36.8406384], [11.0745301, 36.8407546], [11.0744321, 36.8408748], [11.0743195, 36.8410004], [11.0742646, 36.8410638], [11.0742108, 36.8411185], [11.0741078, 36.8412453], [11.074026, 36.8413663]]}}, {"type": "Feature", "properties": {"highway": "residential", "tracktype": "grade3"}, "geometry": {"type": "LineString", "coordinates": [[11.0722295, 36.8437808], [11.0723412, 36.8439177], [11.0724766, 36.8440346], [11.0725902, 36.8441155], [11.0726711, 36.8441731], [11.0727695, 36.8442514]]}}, {"type": "Feature", "properties": {"highway": "residential"}, "geometry": {"type": "LineString", "coordinates": [[11.0750422, 36.8433092], [11.0755179, 36.8435276], [11.0759318, 36.8437084]]}}, {"type": "Feature", "properties": {"highway": "residential", "tracktype": "grade3"}, "geometry": {"type": "LineString", "coordinates": [[11.0740499, 36.8429388], [11.0736018, 36.8435259]]}}, {"type": "Feature", "properties": {"highway": "residential", "surface": "unpaved"}, "geometry": {"type": "LineString", "coordinates": [[11.0753721, 36.8429196], [11.0757808, 36.8431262], [11.0761711, 36.8433145]]}}, {"type": "Feature", "properties": {"highway": "residential", "tracktype": "grade3"}, "geometry": {"type": "LineString", "coordinates": [[11.0722929, 36.8444178], [11.0720998, 36.8442933], [11.0719402, 36.8441774], [11.0718057, 36.8440492], [11.0717454, 36.8439867]]}}, {"type": "Feature", "properties": {"highway": "residential", "tracktype": "grade3"}, "geometry": {"type": "LineString", "coordinates": [[11.0712779, 36.8441773], [11.0713422, 36.8443286], [11.0713984, 36.8444285], [11.0714547, 36.8445037], [11.0715268, 36.844575], [11.0716815, 36.8446754], [11.0719398, 36.8448429], [11.0719643, 36.8448466], [11.0719865, 36.8448433], [11.0720093, 36.8448315], [11.0720381, 36.8447934], [11.072195, 36.8445187], [11.0722245, 36.8444833], [11.0722929, 36.8444178], [11.0725902, 36.8441155]]}}, {"type": "Feature", "properties": {"highway": "residential", "tracktype": "grade3"}, "geometry": {"type": "LineString", "coordinates": [[11.0727695, 36.8442514], [11.0726858, 36.8443566], [11.0725979, 36.8444668], [11.0724927, 36.8446206], [11.0722872, 36.8448853], [11.0721664, 36.8450108], [11.0720068, 36.8451783], [11.0718839, 36.8453225], [11.0713796, 36.8457636], [11.0711369, 36.8459461], [11.0709223, 36.8461307], [11.0708949, 36.8461424], [11.0708579, 36.8461468], [11.070812, 36.8461431], [11.0707667, 36.8461307], [11.0707205, 36.846113], [11.070695, 36.846113], [11.0706628, 36.8461156], [11.0706353, 36.8461291], [11.0702873, 36.8464237], [11.0696301, 36.8470139], [11.0691815, 36.8474121], [11.0686015, 36.8479116], [11.0680713, 36.8483983]]}}, {"type": "Feature", "properties": {"highway": "residential", "tracktype": "grade3"}, "geometry": {"type": "LineString", "coordinates": [[11.0733681, 36.842774], [11.0729769, 36.8434433]]}}, {"type": "Feature", "properties": {"highway": "residential", "tracktype": "grade3"}, "geometry": {"type": "LineString", "coordinates": [[11.0708017, 36.8431521], [11.0706514, 36.843381], [11.0705376, 36.8435366], [11.0703882, 36.8437514], [11.0702254, 36.8439813]]}}, {"type": "Feature", "properties": {"highway": "residential", "tracktype": "grade3"}, "geometry": {"type": "LineString", "coordinates": [[11.0685787, 36.8427553], [11.0685231, 36.8428895], [11.068407, 36.843146], [11.0684027, 36.8431704], [11.0684144, 36.84319], [11.0684345, 36.8432039], [11.0686813, 36.8433338], [11.0688422, 36.8434207], [11.0689321, 36.8434444], [11.0689817, 36.8434551], [11.0690595, 36.8434669], [11.0694028, 36.8435689], [11.0696412, 36.8436982], [11.0698075, 36.8437959], [11.0699473, 36.8438672], [11.0702254, 36.8439813], [11.0703362, 36.8440475], [11.0705213, 36.8441785], [11.0706703, 36.8442761], [11.0707199, 36.8442975], [11.0707857, 36.844305], [11.0708509, 36.8442971], [11.0711445, 36.8442037], [11.0712779, 36.8441773]]}}, {"type": "Feature", "properties": {"highway": "residential", "tracktype": "grade4"}, "geometry": {"type": "LineString", "coordinates": [[11.0701066, 36.8440841], [11.070018, 36.8441479], [11.0699294, 36.8442042]]}}, {"type": "Feature", "properties": {"highway": "residential", "tracktype": "grade3"}, "geometry": {"type": "LineString", "coordinates": [[11.0716815, 36.8446754], [11.0715687, 36.8447811], [11.0714178, 36.8449308], [11.0713997, 36.844956], [11.0713964, 36.8449705], [11.0714031, 36.8449871], [11.0714239, 36.8450059], [11.0718839, 36.8453225], [11.072018, 36.8454127], [11.0725517, 36.8457733], [11.0726309, 36.8458409], [11.0732102, 36.8463196], [11.0735307, 36.8465889], [11.0739245, 36.8469145], [11.0748504, 36.8476847], [11.0748906, 36.8477276], [11.074918, 36.8477884]]}}, {"type": "Feature", "properties": {"highway": "track", "tracktype": "grade4"}, "geometry": {"type": "LineString", "coordinates": [[11.0659081, 36.8493191], [11.0659558, 36.8492607], [11.066584, 36.8487567], [11.0667444, 36.8486297], [11.067604, 36.848078]]}}, {"type": "Feature", "properties": {"highway": "residential", "tracktype": "grade4"}, "geometry": {"type": "LineString", "coordinates": [[11.0661677, 36.8470456], [11.066667, 36.8473852], [11.0670475, 36.8476659]]}}, {"type": "Feature", "properties": {"highway": "track", "tracktype": "grade4"}, "geometry": {"type": "LineString", "coordinates": [[11.0678337, 36.8507572], [11.0672004, 36.8503081], [11.0659081, 36.8493191]]}}, {"type": "Feature", "properties": {"highway": "residential", "tracktype": "grade3"}, "geometry": {"type": "LineString", "coordinates": [[11.0670475, 36.8476659], [11.067604, 36.848078], [11.0680713, 36.8483983], [11.0683583, 36.8485958], [11.0690905, 36.849157], [11.0694042, 36.8494146], [11.0695714, 36.8495784], [11.0697173, 36.8497237]]}}, {"type": "Feature", "properties": {"highway": "track", "tracktype": "grade4"}, "geometry": {"type": "LineString", "coordinates": [[11.0645991, 36.8497483], [11.0650331, 36.8497286], [11.0651528, 36.8497117], [11.0653502, 36.849641], [11.0655267, 36.8495655], [11.0659081, 36.8493191]]}}, {"type": "Feature", "properties": {"highway": "track", "tracktype": "grade3"}, "geometry": {"type": "LineString", "coordinates": [[11.0702211, 36.8521951], [11.0696251, 36.8518191], [11.0695398, 36.8517272], [11.0691374, 36.851474], [11.0689277, 36.8513812], [11.0688097, 36.8512782], [11.0680324, 36.8507914], [11.0679169, 36.8507089]]}}, {"type": "Feature", "properties": {"highway": "track", "tracktype": "grade3"}, "geometry": {"type": "LineString", "coordinates": [[11.0669536, 36.852463], [11.0670448, 36.8523256], [11.0670662, 36.8522827], [11.0670668, 36.8521178], [11.0663129, 36.8516393]]}}, {"type": "Feature", "properties": {"highway": "residential", "tracktype": "grade3"}, "geometry": {"type": "LineString", "coordinates": [[11.0755377, 36.8440534], [11.0748835, 36.8449517], [11.074742, 36.8451336], [11.0746454, 36.8452356], [11.0745059, 36.8453558], [11.07439, 36.8454723], [11.0743028, 36.8455796], [11.0742737, 36.8456359], [11.0742545, 36.845697], [11.0742415, 36.845747], [11.0742286, 36.8457775], [11.0740873, 36.8459654], [11.073984, 36.8460722], [11.0738955, 36.8461886], [11.073759, 36.8463577], [11.073694, 36.846429], [11.0735307, 36.8465889]]}}, {"type": "Feature", "properties": {"highway": "track", "tracktype": "grade4"}, "geometry": {"type": "LineString", "coordinates": [[11.0775743, 36.8488146], [11.0784058, 36.8478961], [11.0786138, 36.8476942], [11.0792515, 36.847022], [11.0793132, 36.8469222], [11.0793631, 36.8468408]]}}, {"type": "Feature", "properties": {"highway": "residential"}, "geometry": {"type": "LineString", "coordinates": [[11.0828858, 36.8432801], [11.081985, 36.8444865]]}}, {"type": "Feature", "properties": {"highway": "residential", "surface": "unpaved"}, "geometry": {"type": "LineString", "coordinates": [[11.0851055, 36.8437669], [11.0846601, 36.8441462], [11.0843425, 36.8444247]]}}, {"type": "Feature", "properties": {"highway": "primary", "lanes": "2", "lit": "yes", "oneway": "no", "ref": "RR27", "surface": "asphalt"}, "geometry": {"type": "LineString", "coordinates": [[11.0829511, 36.8449119], [11.0835233, 36.8452077], [11.0842073, 36.8455672], [11.084346, 36.8456477], [11.0846587, 36.8458179], [11.0847554, 36.8458705], [11.0849197, 36.8459606], [11.0849707, 36.84599]]}}, {"type": "Feature", "properties": {"highway": "service", "surface": "unpaved"}, "geometry": {"type": "LineString", "coordinates": [[11.0838622, 36.8447532], [11.0835233, 36.8452077]]}}, {"type": "Feature", "properties": {"highway": "tertiary", "lanes": "2", "oneway": "no", "surface": "unpaved"}, "geometry": {"type": "LineString", "coordinates": [[11.0767306, 36.8470729], [11.076401, 36.8470528], [11.0762176, 36.8470619], [11.0760755, 36.8470791], [11.0760312, 36.8470853], [11.07594, 36.8470982], [11.0758126, 36.8471336], [11.075702, 36.847176], [11.07559, 36.8472339], [11.0754861, 36.8473112], [11.0751769, 36.8475693], [11.0749617, 36.847756], [11.074918, 36.8477884], [11.0747827, 36.8478886], [11.0746616, 36.8479599], [11.0745691, 36.8479999], [11.074514, 36.8480235], [11.074433, 36.8480581], [11.0742744, 36.8481198], [11.0735294, 36.8483447], [11.0733269, 36.8484166], [11.0730198, 36.8485604], [11.0723105, 36.8489184], [11.0720595, 36.8490455], [11.0717498, 36.8491678], [11.0712589, 36.8493363], [11.0708257, 36.8494543], [11.0699862, 36.8496486], [11.0697173, 36.8497237], [11.0696308, 36.8497511], [11.0695155, 36.8497935], [11.0693653, 36.8498643], [11.0691768, 36.8499673], [11.0679169, 36.8507089], [11.0678337, 36.8507572], [11.0663129, 36.8516393], [11.0654117, 36.8521651], [11.0645239, 36.8527339], [11.0643415, 36.8528197], [11.0634242, 36.8532146], [11.0619168, 36.8538457], [11.0618417, 36.8538832], [11.0617807, 36.8539147], [11.0607313, 36.8544906], [11.0602766, 36.854731], [11.0600071, 36.8548705], [11.0597885, 36.8549767], [11.0596094, 36.8550631], [11.0593942, 36.8551602], [11.0591622, 36.8552675], [11.0588993, 36.8553856], [11.058674, 36.8554843], [11.0583629, 36.8556195], [11.0580236, 36.8557697], [11.0577486, 36.8558974], [11.0574295, 36.8560562], [11.0570084, 36.8562666], [11.0567737, 36.8563814], [11.0565323, 36.8564887], [11.0563204, 36.8565702], [11.0561487, 36.8566293], [11.0559422, 36.8567011], [11.0548545, 36.8570317], [11.0546252, 36.8571025], [11.0543932, 36.8571658], [11.0541277, 36.8572345], [11.0539158, 36.8572709], [11.0536207, 36.8573171], [11.0532546, 36.8573675], [11.0519517, 36.8575414], [11.0514736, 36.8576122], [11.0508433, 36.8576927], [11.0505107, 36.8577399], [11.0502291, 36.8577849], [11.0499971, 36.8578246], [11.0495934, 36.8578976], [11.0494083, 36.8579362], [11.0493548, 36.8579521], [11.0484494, 36.8582195], [11.0483837, 36.8582442], [11.0482697, 36.8582571], [11.0481973, 36.858241], [11.0479465, 36.8581948], [11.0476314, 36.8581616], [11.0475241, 36.8581745], [11.0474476, 36.8581809], [11.0473484, 36.8582088], [11.0472116, 36.8582828], [11.0470399, 36.8584095], [11.0466564, 36.858755], [11.0463989, 36.8589953], [11.046183, 36.8592207], [11.0460475, 36.8593312], [11.0457417, 36.8595276], [11.0456532, 36.8595769], [11.0455298, 36.8596381], [11.0454065, 36.8596896], [11.0452402, 36.8597636], [11.0446018, 36.8600126], [11.0442477, 36.8601456], [11.0437033, 36.8603667], [11.0432795, 36.8605491], [11.0428879, 36.8607272], [11.0425633, 36.8608967], [11.0416621, 36.8613431], [11.0407077, 36.8618299], [11.0406482, 36.8618603], [11.0398301, 36.862268], [11.0394754, 36.8624167], [11.0392762, 36.8624826], [11.0389805, 36.8625792], [11.0387166, 36.8626794], [11.0378158, 36.8630685], [11.0369226, 36.8634397], [11.0365485, 36.8635803], [11.0361797, 36.8637391], [11.0357988, 36.8638861], [11.0354662, 36.8640153], [11.0353007, 36.8640722], [11.0348294, 36.8642758], [11.0343227, 36.8645598], [11.0342243, 36.8646188], [11.0338864, 36.8648217], [11.033771, 36.8648979], [11.0336396, 36.8649859], [11.0334831, 36.8651166], [11.0333735, 36.865206], [11.0326552, 36.8657766], [11.0325254, 36.8658853], [11.0324822, 36.8659215], [11.0323122, 36.8660403], [11.0321711, 36.8661328], [11.0320356, 36.8661876], [11.0317326, 36.8663002], [11.0311425, 36.8665191], [11.030886, 36.8666052], [11.0301061, 36.8668668], [11.0299528, 36.8669182], [11.029737, 36.8670169], [11.0290611, 36.867401], [11.0287204, 36.8675963], [11.0283768, 36.8677756]]}}, {"type": "Feature", "properties": {"bridge": "yes", "highway": "primary", "lanes": "2", "layer": "1", "lit": "yes", "oneway": "no", "ref": "RR27", "surface": "asphalt"}, "geometry": {"type": "LineString", "coordinates": [[11.0827689, 36.844824], [11.0829511, 36.8449119]]}}, {"type": "Feature", "properties": {"highway": "residential", "maxspeed": "50", "oneway": "no", "surface": "unpaved"}, "geometry": {"type": "LineString", "coordinates": [[11.0800536, 36.8432784], [11.0808777, 36.8436303], [11.0817663, 36.8440098]]}}, {"type": "Feature", "properties": {"highway": "residential", "surface": "unpaved"}, "geometry": {"type": "LineString", "coordinates": [[11.0812617, 36.842906], [11.0818523, 36.8431277]]}}, {"type": "Feature", "properties": {"highway": "residential", "surface": "unpaved"}, "geometry": {"type": "LineString", "coordinates": [[11.0803651, 36.8429252], [11.0811236, 36.8431629], [11.0817437, 36.8433506], [11.0818885, 36.8433804], [11.0820159, 36.8434192], [11.0821567, 36.8434765]]}}, {"type": "Feature", "properties": {"highway": "residential", "name": "\u0646\u0647\u062c \u0628\u0644\u062d\u0633\u0646 \u062c\u0631\u0627\u062f", "name:ar": "\u0646\u0647\u062c \u0628\u0644\u062d\u0633\u0646 \u062c\u0631\u0627\u062f", "name:fr": "Rue Belhassen Jrad", "surface": "unpaved"}, "geometry": {"type": "LineString", "coordinates": [[11.0858018, 36.8416767], [11.085152, 36.8422829], [11.085079, 36.8423078], [11.0850253, 36.8423518], [11.0847833, 36.8426731], [11.0846408, 36.8428019], [11.0842874, 36.8431798], [11.0836666, 36.8438381]]}}, {"type": "Feature", "properties": {"highway": "residential", "surface": "unpaved"}, "geometry": {"type": "LineString", "coordinates": [[11.0842874, 36.8431798], [11.0845144, 36.8433166], [11.08502, 36.8435174]]}}, {"type": "Feature", "properties": {"highway": "residential", "surface": "unpaved"}, "geometry": {"type": "LineString", "coordinates": [[11.08366, 36.8427537], [11.0830503, 36.8434041]]}}, {"type": "Feature", "properties": {"highway": "residential"}, "geometry": {"type": "LineString", "coordinates": [[11.0832957, 36.8435683], [11.0836547, 36.8432018], [11.0837339, 36.8431267], [11.0838426, 36.843006]]}}, {"type": "Feature", "properties": {"highway": "residential", "surface": "unpaved"}, "geometry": {"type": "LineString", "coordinates": [[11.0832534, 36.8444087], [11.0829028, 36.8441755]]}}, {"type": "Feature", "properties": {"highway": "track"}, "geometry": {"type": "LineString", "coordinates": [[11.0914481, 36.8323699], [11.0912866, 36.8325431], [11.0911262, 36.8328164], [11.0909921, 36.8330225], [11.0908365, 36.8331899], [11.0906107, 36.8332859], [11.0902781, 36.8335907], [11.090085, 36.8338226], [11.0899723, 36.8340416], [11.0897416, 36.8344409], [11.0896773, 36.8345911], [11.0896066, 36.8348541]]}}, {"type": "Feature", "properties": {"highway": "residential"}, "geometry": {"type": "LineString", "coordinates": [[11.0915076, 36.8364675], [11.0918006, 36.836002]]}}, {"type": "Feature", "properties": {"highway": "residential", "sidewalk": "both", "surface": "asphalt", "tracktype": "grade3"}, "geometry": {"type": "LineString", "coordinates": [[11.0924685, 36.8362543], [11.0928105, 36.8356613], [11.0928561, 36.8355802], [11.0933818, 36.8347441], [11.0934542, 36.8346362], [11.0934884, 36.8346051], [11.0935353, 36.8345943], [11.093589, 36.8346034], [11.0936916, 36.8346405], [11.0939263, 36.8347129], [11.0940215, 36.8347301], [11.09411, 36.834728], [11.0942951, 36.8347022], [11.0944941, 36.8346693]]}}, {"type": "Feature", "properties": {"highway": "residential", "tracktype": "grade3"}, "geometry": {"type": "LineString", "coordinates": [[11.0918006, 36.836002], [11.0915431, 36.8358995], [11.0915002, 36.8358695], [11.0914881, 36.8358384], [11.0914888, 36.8357906], [11.0915847, 36.8355121]]}}, {"type": "Feature", "properties": {"highway": "residential", "oneway": "no", "surface": "asphalt"}, "geometry": {"type": "LineString", "coordinates": [[11.1009241, 36.839338], [11.1006019, 36.8396509], [11.1001028, 36.8401392]]}}, {"type": "Feature", "properties": {"highway": "residential", "oneway": "no", "surface": "asphalt"}, "geometry": {"type": "LineString", "coordinates": [[11.1001214, 36.8414473], [11.1004812, 36.8411299], [11.1009186, 36.8406766]]}}, {"type": "Feature", "properties": {"highway": "residential", "oneway": "no", "surface": "asphalt"}, "geometry": {"type": "LineString", "coordinates": [[11.1031624, 36.8402653], [11.103074, 36.8403565], [11.1029237, 36.8404703], [11.1028258, 36.8405465], [11.1026546, 36.8406821], [11.1023691, 36.840908]]}}, {"type": "Feature", "properties": {"highway": "residential", "oneway": "no", "surface": "asphalt"}, "geometry": {"type": "LineString", "coordinates": [[11.1017497, 36.8402355], [11.1013878, 36.8400523], [11.1010462, 36.8398682]]}}, {"type": "Feature", "properties": {"highway": "residential", "oneway": "no", "surface": "asphalt"}, "geometry": {"type": "LineString", "coordinates": [[11.1026546, 36.8406821], [11.1022273, 36.8404151], [11.1018132, 36.8401617]]}}, {"type": "Feature", "properties": {"highway": "residential", "oneway": "no", "surface": "asphalt"}, "geometry": {"type": "LineString", "coordinates": [[11.1007645, 36.8401698], [11.1010672, 36.8403947], [11.1013862, 36.8406168]]}}, {"type": "Feature", "properties": {"highway": "residential", "oneway": "no", "surface": "asphalt"}, "geometry": {"type": "LineString", "coordinates": [[11.1020469, 36.8420284], [11.1015142, 36.8422852], [11.1011303, 36.8424414], [11.1007447, 36.8426298]]}}, {"type": "Feature", "properties": {"highway": "residential", "oneway": "no", "surface": "asphalt"}, "geometry": {"type": "LineString", "coordinates": [[11.1011838, 36.842976], [11.1021439, 36.8422799], [11.102165, 36.8422552], [11.1021781, 36.8422321], [11.1021781, 36.8422015], [11.1021633, 36.8421704], [11.1020469, 36.8420284], [11.1017837, 36.8417267], [11.1017388, 36.8416637]]}}, {"type": "Feature", "properties": {"highway": "residential", "lanes": "2", "lit": "yes", "oneway": "no", "surface": "asphalt"}, "geometry": {"type": "LineString", "coordinates": [[11.1055733, 36.8419048], [11.1050396, 36.8414057], [11.1046248, 36.8410274]]}}, {"type": "Feature", "properties": {"highway": "residential", "lanes": "2", "lit": "yes", "oneway": "no", "surface": "asphalt"}, "geometry": {"type": "LineString", "coordinates": [[11.1068738, 36.8409331], [11.1066185, 36.8406978], [11.1065872, 36.8406791]]}}, {"type": "Feature", "properties": {"highway": "residential", "lanes": "2", "lit": "yes", "oneway": "no", "surface": "asphalt"}, "geometry": {"type": "LineString", "coordinates": [[11.1055278, 36.8405342], [11.1058993, 36.8408873], [11.106012, 36.8409882], [11.1063137, 36.8412887]]}}, {"type": "Feature", "properties": {"highway": "residential", "lanes": "2", "lit": "yes", "oneway": "no", "surface": "asphalt"}, "geometry": {"type": "LineString", "coordinates": [[11.1043767, 36.841834], [11.1043855, 36.8418023], [11.1044137, 36.8417701], [11.1050396, 36.8414057], [11.1058993, 36.8408873]]}}, {"type": "Feature", "properties": {"highway": "residential", "lanes": "2", "lit": "yes", "oneway": "no", "surface": "asphalt"}, "geometry": {"type": "LineString", "coordinates": [[11.1058058, 36.8403351], [11.1055278, 36.8405342], [11.1046248, 36.8410274], [11.1040275, 36.841257], [11.1035098, 36.8414588], [11.1032613, 36.841578]]}}, {"type": "Feature", "properties": {"highway": "residential", "lanes": "2", "lit": "yes", "oneway": "no", "surface": "asphalt"}, "geometry": {"type": "LineString", "coordinates": [[11.1065872, 36.8406791], [11.106546, 36.8406721], [11.1065098, 36.8406893], [11.106012, 36.8409882]]}}, {"type": "Feature", "properties": {"highway": "residential", "lanes": "2", "lit": "yes", "oneway": "no", "surface": "asphalt"}, "geometry": {"type": "LineString", "coordinates": [[11.10447, 36.8425299], [11.1046118, 36.8425337], [11.1047248, 36.8425192], [11.1049629, 36.8424376], [11.1052052, 36.8423142], [11.1052827, 36.8422444], [11.1054262, 36.8420942], [11.1055733, 36.8419048], [11.1058496, 36.8416257], [11.1059502, 36.8415345], [11.1060861, 36.8414352], [11.1063137, 36.8412887], [11.1065836, 36.841125], [11.1068738, 36.8409331]]}}, {"type": "Feature", "properties": {"highway": "tertiary", "lanes": "2", "lit": "yes", "surface": "asphalt"}, "geometry": {"type": "LineString", "coordinates": [[11.1037626, 36.8408017], [11.1035826, 36.8410304]]}}, {"type": "Feature", "properties": {"highway": "tertiary", "lanes": "2", "lit": "yes", "surface": "asphalt"}, "geometry": {"type": "LineString", "coordinates": [[11.103476, 36.8411582], [11.1035283, 36.8410927], [11.1035826, 36.8410304]]}}, {"type": "Feature", "properties": {"highway": "residential", "lanes": "2", "oneway": "no", "surface": "paved"}, "geometry": {"type": "LineString", "coordinates": [[11.0976523, 36.8403452], [11.0978389, 36.8400964], [11.0979498, 36.8399672], [11.0982, 36.8396393], [11.0985928, 36.8391405], [11.0991875, 36.8384947], [11.099215, 36.8384525]]}}, {"type": "Feature", "properties": {"highway": "residential", "lanes": "1", "oneway": "no", "surface": "paved"}, "geometry": {"type": "LineString", "coordinates": [[11.0976923, 36.8386831], [11.097202, 36.839137]]}}, {"type": "Feature", "properties": {"highway": "residential", "lanes": "2", "oneway": "no", "surface": "paved"}, "geometry": {"type": "LineString", "coordinates": [[11.0962684, 36.8406416], [11.0965303, 36.8403146]]}}, {"type": "Feature", "properties": {"highway": "residential", "lanes": "2", "oneway": "no", "surface": "paved"}, "geometry": {"type": "LineString", "coordinates": [[11.0965497, 36.8411671], [11.0964569, 36.8406728]]}}, {"type": "Feature", "properties": {"highway": "residential", "lanes": "2", "lit": "yes", "oneway": "no", "surface": "asphalt"}, "geometry": {"type": "LineString", "coordinates": [[11.1043526, 36.8441583], [11.1042105, 36.8439479], [11.1040596, 36.8437277], [11.1038411, 36.8435139]]}}, {"type": "Feature", "properties": {"highway": "residential"}, "geometry": {"type": "LineString", "coordinates": [[11.1064884, 36.8426228], [11.1066017, 36.842531], [11.1066037, 36.8425133], [11.1065928, 36.8424956], [11.1063763, 36.8423115], [11.1063427, 36.8422954], [11.10631, 36.8422895], [11.1062455, 36.8422981], [11.1057774, 36.8424044], [11.1056803, 36.842411], [11.105595, 36.8424054], [11.1055079, 36.8423926], [11.105418, 36.8423668], [11.1052919, 36.8423368], [11.1052052, 36.8423142]]}}, {"type": "Feature", "properties": {"highway": "residential", "lanes": "2", "lit": "yes", "oneway": "no", "surface": "unpaved"}, "geometry": {"type": "LineString", "coordinates": [[11.1045779, 36.8431344], [11.1048891, 36.8433405]]}}, {"type": "Feature", "properties": {"highway": "residential", "lanes": "2", "lit": "yes", "surface": "asphalt"}, "geometry": {"type": "LineString", "coordinates": [[11.1036538, 36.8444912], [11.1035377, 36.8443873], [11.1034025, 36.8442954]]}}, {"type": "Feature", "properties": {"highway": "residential"}, "geometry": {"type": "LineString", "coordinates": [[11.1072444, 36.8467307], [11.1069028, 36.8462927], [11.106794, 36.8460951], [11.1067907, 36.8459968], [11.1067993, 36.8459362], [11.1068288, 36.8458406], [11.1068599, 36.8457422], [11.1068846, 36.845678], [11.1068572, 36.8456166], [11.1067834, 36.8455275], [11.1067579, 36.8454492], [11.1067566, 36.8453891], [11.106766, 36.8452839], [11.1067995, 36.8451615], [11.1068639, 36.8450381], [11.1069269, 36.8448943], [11.1069363, 36.8448492], [11.1069444, 36.8447966], [11.1069618, 36.8447494], [11.1069926, 36.8446947], [11.107006, 36.8446528], [11.1070027, 36.844626], [11.1069839, 36.8445922], [11.106939, 36.8445595], [11.1068485, 36.8444983], [11.106658, 36.8443856], [11.1064522, 36.84423], [11.1061196, 36.8439896], [11.1058822, 36.8437792], [11.1058245, 36.8437331], [11.1056489, 36.8435506], [11.1053417, 36.8431878], [11.1052343, 36.8430902]]}}, {"type": "Feature", "properties": {"highway": "residential"}, "geometry": {"type": "LineString", "coordinates": [[11.1058822, 36.8437792], [11.1061679, 36.843674], [11.1062537, 36.8436504], [11.1064642, 36.8436043], [11.1065528, 36.8435689], [11.1066359, 36.8435206], [11.1067365, 36.8434175], [11.1070737, 36.8431269]]}}, {"type": "Feature", "properties": {"highway": "residential", "lanes": "2", "lit": "yes", "oneway": "no", "surface": "unpaved"}, "geometry": {"type": "LineString", "coordinates": [[11.1052343, 36.8430902], [11.1048891, 36.8433405], [11.1044894, 36.8437011]]}}, {"type": "Feature", "properties": {"highway": "residential", "lanes": "2", "lit": "yes", "surface": "unpaved"}, "geometry": {"type": "LineString", "coordinates": [[11.1058245, 36.8437331], [11.1055891, 36.8439158], [11.1054282, 36.844008], [11.1052806, 36.8440402], [11.1051009, 36.8440639], [11.10494, 36.8440767], [11.1043526, 36.8441583], [11.1041825, 36.8441862], [11.1035755, 36.8442858], [11.1034025, 36.8442954], [11.1032744, 36.844286], [11.1031704, 36.8442683], [11.103053, 36.8442441], [11.1028959, 36.8442225]]}}, {"type": "Feature", "properties": {"highway": "residential"}, "geometry": {"type": "LineString", "coordinates": [[11.1070737, 36.8431269], [11.1071466, 36.8431761], [11.1072099, 36.8432179], [11.1076069, 36.8433907], [11.1081634, 36.8436043], [11.1088494, 36.8439091], [11.1088715, 36.8439139], [11.1088937, 36.8439166]]}}, {"type": "Feature", "properties": {"highway": "residential", "lanes": "2", "lit": "yes", "oneway": "no", "surface": "asphalt"}, "geometry": {"type": "LineString", "coordinates": [[11.1041158, 36.8433436], [11.1038411, 36.8435139], [11.1035956, 36.8436418], [11.1034079, 36.8437535], [11.1032664, 36.8438771], [11.1028959, 36.8442225]]}}, {"type": "Feature", "properties": {"highway": "residential", "lanes": "2", "lit": "yes", "oneway": "no", "surface": "asphalt"}, "geometry": {"type": "LineString", "coordinates": [[11.10494, 36.8440767], [11.1044894, 36.8437011], [11.1041158, 36.8433436], [11.1036546, 36.8429442]]}}, {"type": "Feature", "properties": {"highway": "residential"}, "geometry": {"type": "LineString", "coordinates": [[11.1067365, 36.8434175], [11.1064359, 36.8431804], [11.1062066, 36.8429561], [11.1061792, 36.842909], [11.1061784, 36.842868], [11.1062066, 36.8428348], [11.1063863, 36.8426984], [11.1064884, 36.8426228]]}}, {"type": "Feature", "properties": {"highway": "residential"}, "geometry": {"type": "LineString", "coordinates": [[11.1088937, 36.8439166], [11.1089104, 36.8439128], [11.1089268, 36.8439045], [11.1092464, 36.8435528], [11.1093798, 36.8434197], [11.109414, 36.8434079], [11.1094474, 36.8434092], [11.1094909, 36.8434249], [11.1099764, 36.8437468], [11.1103778, 36.8440071]]}}, {"type": "Feature", "properties": {"highway": "residential"}, "geometry": {"type": "LineString", "coordinates": [[11.1033506, 36.8448702], [11.1037278, 36.8450303], [11.1040214, 36.8451578], [11.1040536, 36.8451739], [11.1040677, 36.8451927], [11.1040663, 36.8452072], [11.1040576, 36.8452246], [11.1033714, 36.8460323]]}}, {"type": "Feature", "properties": {"highway": "residential", "lanes": "2", "lit": "yes", "oneway": "no", "surface": "unpaved"}, "geometry": {"type": "LineString", "coordinates": [[11.1061196, 36.8439896], [11.105555, 36.8444596], [11.1051929, 36.844773], [11.104977, 36.8449845], [11.1047999, 36.8451626], [11.1048656, 36.8453676], [11.1047195, 36.8455179], [11.1045913, 36.8456479], [11.1043647, 36.8458947], [11.1042166, 36.8460641], [11.1040851, 36.8462155], [11.1038933, 36.8463922]]}}, {"type": "Feature", "properties": {"highway": "residential", "lanes": "2", "lit": "yes", "oneway": "no", "surface": "unpaved"}, "geometry": {"type": "LineString", "coordinates": [[11.1054457, 36.8457188], [11.104959, 36.8462072], [11.1048026, 36.8464043], [11.1046765, 36.846546], [11.1044637, 36.8467594], [11.1041007, 36.8471514], [11.1039819, 36.8472897], [11.1039349, 36.8473638], [11.1039041, 36.8474507], [11.103888, 36.8475763], [11.1038799, 36.8476482], [11.1038359, 36.8477276], [11.1038084, 36.8477904]]}}, {"type": "Feature", "properties": {"highway": "residential", "lanes": "2", "lit": "yes", "oneway": "no", "surface": "asphalt"}, "geometry": {"type": "LineString", "coordinates": [[11.1049629, 36.8424376], [11.1043949, 36.841887], [11.1043815, 36.8418591], [11.1043767, 36.841834]]}}, {"type": "Feature", "properties": {"highway": "residential"}, "geometry": {"type": "LineString", "coordinates": [[11.1016552, 36.8456654], [11.1024201, 36.8460552]]}}, {"type": "Feature", "properties": {"highway": "residential", "lanes": "2", "lit": "yes", "oneway": "no", "surface": "unpaved"}, "geometry": {"type": "LineString", "coordinates": [[11.1043647, 36.8458947], [11.104959, 36.8462072]]}}, {"type": "Feature", "properties": {"highway": "residential"}, "geometry": {"type": "LineString", "coordinates": [[11.0924215, 36.8534244], [11.0917472, 36.853229], [11.0910254, 36.8530633]]}}, {"type": "Feature", "properties": {"highway": "service", "maxspeed": "50", "oneway": "no", "service": "alley"}, "geometry": {"type": "LineString", "coordinates": [[11.0918046, 36.8516972], [11.0917083, 36.8518221], [11.0915836, 36.852026], [11.0912487, 36.852545], [11.0911622, 36.8527012], [11.0910768, 36.8529085], [11.0910254, 36.8530633], [11.0909745, 36.8532801]]}}, {"type": "Feature", "properties": {"highway": "residential"}, "geometry": {"type": "LineString", "coordinates": [[11.0910187, 36.850975], [11.090681, 36.8515482]]}}, {"type": "Feature", "properties": {"highway": "residential"}, "geometry": {"type": "LineString", "coordinates": [[11.0912534, 36.8520739], [11.091405, 36.8517369]]}}, {"type": "Feature", "properties": {"highway": "residential"}, "geometry": {"type": "LineString", "coordinates": [[11.0901631, 36.8524973], [11.090147, 36.8525372], [11.0901446, 36.8525452], [11.0901433, 36.8525536], [11.0901447, 36.8525628], [11.0901484, 36.8525721], [11.0901537, 36.8525828], [11.0901624, 36.8525938], [11.0901765, 36.8526043], [11.0901928, 36.8526122], [11.0902215, 36.8526215], [11.0902818, 36.8526362], [11.09055, 36.8526545], [11.0906473, 36.8526746], [11.090661, 36.8526829], [11.0906727, 36.852699], [11.0906781, 36.8527248], [11.0906768, 36.8527543], [11.0906513, 36.8528498], [11.090526, 36.8531813]]}}, {"type": "Feature", "properties": {"highway": "service", "name": "\u0646\u0647\u062c \u0645\u0646\u0632\u0644 \u062a\u0645\u064a\u0645", "name:ar": "\u0646\u0647\u062c \u0645\u0646\u0632\u0644 \u062a\u0645\u064a\u0645", "name:fr": "Rue de Menzel Temime", "oneway": "no", "service": "alley"}, "geometry": {"type": "LineString", "coordinates": [[11.0917083, 36.8518221], [11.091405, 36.8517369], [11.0911073, 36.8516736], [11.090953, 36.8516232], [11.090681, 36.8515482], [11.0906352, 36.8515438], [11.0897824, 36.8513159]]}}, {"type": "Feature", "properties": {"highway": "residential"}, "geometry": {"type": "LineString", "coordinates": [[11.0901834, 36.8528523], [11.0902818, 36.8526362]]}}, {"type": "Feature", "properties": {"highway": "residential"}, "geometry": {"type": "LineString", "coordinates": [[11.090953, 36.8516232], [11.0908853, 36.8517826], [11.0908417, 36.8518797], [11.0906942, 36.8522268], [11.0906542, 36.8523361], [11.0906204, 36.8524409], [11.09055, 36.8526545]]}}, {"type": "Feature", "properties": {"highway": "service", "name": "\u0646\u0647\u062c \u0627\u0644\u0635\u0645\u0639\u0629", "name:ar": "\u0646\u0647\u062c \u0627\u0644\u0635\u0645\u0639\u0629", "oneway": "no", "service": "alley", "surface": "asphalt"}, "geometry": {"type": "LineString", "coordinates": [[11.0911073, 36.8516736], [11.0913983, 36.8512272]]}}, {"type": "Feature", "properties": {"highway": "residential"}, "geometry": {"type": "LineString", "coordinates": [[11.0902932, 36.8522284], [11.0901304, 36.8520941], [11.0898448, 36.8518657], [11.0897071, 36.8517606], [11.0896522, 36.8517198], [11.0894859, 36.8516168]]}}, {"type": "Feature", "properties": {"highway": "residential"}, "geometry": {"type": "LineString", "coordinates": [[11.0909244, 36.8522942], [11.0906942, 36.8522268]]}}, {"type": "Feature", "properties": {"highway": "residential"}, "geometry": {"type": "LineString", "coordinates": [[11.092392, 36.8537126], [11.0921489, 36.853627], [11.0919057, 36.8535389], [11.0916661, 36.8534743], [11.0909745, 36.8532801], [11.090526, 36.8531813], [11.0902919, 36.8531562], [11.0900478, 36.8531406], [11.0899485, 36.8531299], [11.0898426, 36.8531148], [11.0896601, 36.853081], [11.0890252, 36.853]]}}, {"type": "Feature", "properties": {"highway": "residential"}, "geometry": {"type": "LineString", "coordinates": [[11.0901631, 36.8524973], [11.0902932, 36.8522284], [11.0906352, 36.8515438]]}}, {"type": "Feature", "properties": {"highway": "residential"}, "geometry": {"type": "LineString", "coordinates": [[11.0911622, 36.8527012], [11.0914566, 36.8527945], [11.0915532, 36.8528235], [11.0915978, 36.8528358], [11.0916631, 36.852846], [11.0917346, 36.8528525], [11.0918053, 36.8528525], [11.0923384, 36.8528348]]}}, {"type": "Feature", "properties": {"highway": "residential"}, "geometry": {"type": "LineString", "coordinates": [[11.0929204, 36.850814], [11.0929741, 36.850704], [11.0929949, 36.8506732], [11.0930136, 36.8506512], [11.0930207, 36.8506456], [11.0930289, 36.8506419], [11.0930448, 36.850638], [11.0930591, 36.8506348], [11.0930748, 36.8506312], [11.0930914, 36.8506226], [11.0931087, 36.8506077], [11.09313, 36.8505825], [11.0931457, 36.8504288], [11.0932477, 36.8502764], [11.0933885, 36.8500489], [11.0934207, 36.8500172], [11.0934488, 36.8499931], [11.0934998, 36.8499405]]}}, {"type": "Feature", "properties": {"highway": "residential"}, "geometry": {"type": "LineString", "coordinates": [[11.0923632, 36.8515395], [11.0922713, 36.851679]]}}, {"type": "Feature", "properties": {"highway": "residential"}, "geometry": {"type": "LineString", "coordinates": [[11.0923632, 36.8515395], [11.0923396, 36.851509], [11.0923359, 36.8514998], [11.0923344, 36.8514907], [11.0923345, 36.851473], [11.0923372, 36.851461], [11.0923419, 36.8514493], [11.0923511, 36.8514335], [11.0924376, 36.8512809], [11.0927474, 36.8507475], [11.0929318, 36.8503998], [11.0928936, 36.8503467], [11.0930934, 36.8500789], [11.0931698, 36.849963], [11.0932285, 36.8498567]]}}, {"type": "Feature", "properties": {"highway": "residential"}, "geometry": {"type": "LineString", "coordinates": [[11.0937999, 36.8494838], [11.093772, 36.8495281], [11.0937458, 36.8495696], [11.0937247, 36.8496031], [11.0937015, 36.84964], [11.0936757, 36.8496811], [11.0936261, 36.8497627], [11.0935792, 36.8498384]]}}, {"type": "Feature", "properties": {"highway": "residential"}, "geometry": {"type": "LineString", "coordinates": [[11.0932342, 36.8509203], [11.0931216, 36.8512036], [11.0930384, 36.851429], [11.0929271, 36.8516747]]}}, {"type": "Feature", "properties": {"highway": "residential"}, "geometry": {"type": "LineString", "coordinates": [[11.0927474, 36.8507475], [11.0929204, 36.850814], [11.0932342, 36.8509203], [11.0936634, 36.8510179]]}}, {"type": "Feature", "properties": {"highway": "residential"}, "geometry": {"type": "LineString", "coordinates": [[11.0931457, 36.8504288], [11.0928936, 36.8503467]]}}, {"type": "Feature", "properties": {"highway": "residential"}, "geometry": {"type": "LineString", "coordinates": [[11.0929318, 36.8503998], [11.0921448, 36.8501575], [11.0921348, 36.8501562], [11.0921248, 36.8501555], [11.0921157, 36.8501552], [11.0921051, 36.8501562], [11.092092, 36.8501615], [11.0920843, 36.8501667], [11.0920768, 36.8501742], [11.0920594, 36.8501951], [11.0920385, 36.8502243]]}}, {"type": "Feature", "properties": {"highway": "residential"}, "geometry": {"type": "LineString", "coordinates": [[11.0924376, 36.8512809], [11.0930384, 36.851429]]}}, {"type": "Feature", "properties": {"highway": "residential"}, "geometry": {"type": "LineString", "coordinates": [[11.0920385, 36.8502243], [11.09181, 36.8508441]]}}, {"type": "Feature", "properties": {"highway": "residential"}, "geometry": {"type": "LineString", "coordinates": [[11.0916638, 36.852574], [11.091806, 36.852339], [11.0919173, 36.8521705], [11.0920098, 36.8520353]]}}, {"type": "Feature", "properties": {"highway": "residential"}, "geometry": {"type": "LineString", "coordinates": [[11.0920098, 36.8520353], [11.0921352, 36.8518126], [11.0921573, 36.8517809], [11.0921915, 36.8517343], [11.0922086, 36.8517109], [11.0922371, 36.8516919], [11.0922713, 36.851679], [11.0924821, 36.851748]]}}, {"type": "Feature", "properties": {"highway": "residential"}, "geometry": {"type": "LineString", "coordinates": [[11.0929271, 36.8516747], [11.0923632, 36.8515395]]}}, {"type": "Feature", "properties": {"highway": "residential"}, "geometry": {"type": "LineString", "coordinates": [[11.0940485, 36.8488333], [11.0939584, 36.8489897], [11.0938579, 36.8491582]]}}, {"type": "Feature", "properties": {"highway": "service", "oneway": "no", "service": "alley"}, "geometry": {"type": "LineString", "coordinates": [[11.0920133, 36.8492874], [11.092521, 36.849399], [11.0925436, 36.849405], [11.0925644, 36.849398], [11.0926106, 36.8493503], [11.0926445, 36.8493358], [11.0926777, 36.8493406], [11.0928497, 36.8493905], [11.0928654, 36.8493878], [11.0928748, 36.8493803], [11.0929586, 36.8491517], [11.0930391, 36.848929]]}}, {"type": "Feature", "properties": {"access": "private", "highway": "service", "surface": "asphalt"}, "geometry": {"type": "LineString", "coordinates": [[11.0901325, 36.8537784], [11.0908288, 36.8539803], [11.0906178, 36.8544689]]}}, {"type": "Feature", "properties": {"access": "private", "highway": "service", "surface": "asphalt"}, "geometry": {"type": "LineString", "coordinates": [[11.0919094, 36.8539952], [11.0917826, 36.8542855]]}}, {"type": "Feature", "properties": {"access": "private", "highway": "service", "surface": "asphalt"}, "geometry": {"type": "LineString", "coordinates": [[11.0900145, 36.8541733], [11.0906178, 36.8544689], [11.0907065, 36.8545124], [11.0917311, 36.8548043], [11.092017, 36.8544311], [11.0920406, 36.8543595]]}}, {"type": "Feature", "properties": {"access": "private", "highway": "service", "surface": "asphalt"}, "geometry": {"type": "LineString", "coordinates": [[11.0914253, 36.8541862], [11.0917826, 36.8542855], [11.0920406, 36.8543595], [11.0920822, 36.8543688], [11.0922184, 36.8544037]]}}, {"type": "Feature", "properties": {"highway": "residential", "surface": "unpaved"}, "geometry": {"type": "LineString", "coordinates": [[11.090526, 36.8531813], [11.0904521, 36.8532769], [11.090369, 36.8533538], [11.0901485, 36.8535864], [11.0898884, 36.8538535], [11.0896515, 36.8542148], [11.089651, 36.8542409], [11.0896615, 36.8542593], [11.0900025, 36.8544321], [11.0904675, 36.8546735], [11.0905011, 36.8546886], [11.0905416, 36.8547041], [11.0906245, 36.8547299], [11.0913909, 36.854908], [11.0919991, 36.855069]]}}, {"type": "Feature", "properties": {"highway": "residential", "surface": "asphalt"}, "geometry": {"type": "LineString", "coordinates": [[11.0884685, 36.8546118], [11.0878379, 36.8543815], [11.0874688, 36.854233], [11.0871244, 36.854089], [11.0870102, 36.8540066], [11.0869435, 36.8539587], [11.0866407, 36.853762]]}}, {"type": "Feature", "properties": {"highway": "residential", "surface": "unpaved"}, "geometry": {"type": "LineString", "coordinates": [[11.087236, 36.8534392], [11.0875238, 36.8536713], [11.0877458, 36.8538827], [11.0877627, 36.8538943], [11.0879047, 36.8539851], [11.088035, 36.8540702], [11.0885106, 36.8542942], [11.0890837, 36.8545467], [11.0896991, 36.8548554], [11.0906385, 36.8553625], [11.0906147, 36.8553904], [11.0905842, 36.8554247], [11.090327, 36.8556852], [11.090261, 36.855774], [11.0901859, 36.8558727], [11.0899874, 36.8560508], [11.0898392, 36.8562118]]}}, {"type": "Feature", "properties": {"highway": "residential", "surface": "asphalt"}, "geometry": {"type": "LineString", "coordinates": [[11.0866143, 36.8547607], [11.0868466, 36.8544831], [11.0869867, 36.8542776], [11.0871244, 36.854089]]}}, {"type": "Feature", "properties": {"highway": "residential", "surface": "unpaved"}, "geometry": {"type": "LineString", "coordinates": [[11.0882712, 36.8551439], [11.0886155, 36.8552611], [11.0890315, 36.8554286]]}}, {"type": "Feature", "properties": {"highway": "residential", "surface": "unpaved"}, "geometry": {"type": "LineString", "coordinates": [[11.090664, 36.8561243], [11.0909289, 36.8557831]]}}, {"type": "Feature", "properties": {"highway": "residential", "name": "\u0646\u0647\u062c \u0627\u0644\u0645\u064a\u062f\u0629", "name:ar": "\u0646\u0647\u062c \u0627\u0644\u0645\u064a\u062f\u0629", "oneway": "no", "surface": "asphalt"}, "geometry": {"type": "LineString", "coordinates": [[11.0875589, 36.854763], [11.0879228, 36.8549166], [11.087925, 36.8549277], [11.0879194, 36.8549407], [11.0877418, 36.8551376], [11.0875404, 36.8553508]]}}, {"type": "Feature", "properties": {"highway": "residential", "surface": "unpaved"}, "geometry": {"type": "LineString", "coordinates": [[11.091515, 36.8564377], [11.0909959, 36.8562569], [11.090664, 36.8561243], [11.0901859, 36.8558727]]}}, {"type": "Feature", "properties": {"highway": "residential", "surface": "unpaved"}, "geometry": {"type": "LineString", "coordinates": [[11.0884692, 36.854764], [11.0888435, 36.8549187], [11.0892581, 36.8551316], [11.0897259, 36.855392], [11.090327, 36.8556852]]}}, {"type": "Feature", "properties": {"highway": "residential", "surface": "unpaved"}, "geometry": {"type": "LineString", "coordinates": [[11.0871654, 36.857774], [11.087375, 36.8575488], [11.0875547, 36.8573718], [11.0877371, 36.8571486], [11.087898, 36.8569544], [11.0879339, 36.8569053], [11.0879986, 36.856817], [11.0881743, 36.8566185], [11.0882769, 36.8564848], [11.0883365, 36.8564071], [11.0884252, 36.856298], [11.0885659, 36.8561152], [11.0886785, 36.855965], [11.0887519, 36.8558236]]}}, {"type": "Feature", "properties": {"highway": "residential", "name": "\u0646\u0647\u062c \u0627\u0628\u0646 \u0627\u0644\u0647\u064a\u062b\u0645", "name:ar": "\u0646\u0647\u062c \u0627\u0628\u0646 \u0627\u0644\u0647\u064a\u062b\u0645", "name:fr": "Rue Ibn El Haytham", "surface": "asphalt"}, "geometry": {"type": "LineString", "coordinates": [[11.092846, 36.8565412], [11.092506, 36.8561936], [11.0917604, 36.8557547]]}}, {"type": "Feature", "properties": {"highway": "path"}, "geometry": {"type": "LineString", "coordinates": [[11.0898053, 36.8533985], [11.0895627, 36.853666]]}}, {"type": "Feature", "properties": {"highway": "residential", "surface": "asphalt"}, "geometry": {"type": "LineString", "coordinates": [[11.0871778, 36.8551604], [11.087347, 36.8549878], [11.0875589, 36.854763], [11.0877089, 36.8545678], [11.0878379, 36.8543815], [11.0879463, 36.8542126], [11.088035, 36.8540702]]}}, {"type": "Feature", "properties": {"highway": "residential", "surface": "asphalt"}, "geometry": {"type": "LineString", "coordinates": [[11.0914834, 36.856523], [11.0916598, 36.8566158], [11.092093, 36.8568948]]}}, {"type": "Feature", "properties": {"highway": "residential"}, "geometry": {"type": "LineString", "coordinates": [[11.0898884, 36.8538535], [11.0895627, 36.853666], [11.0893499, 36.8535551], [11.0888481, 36.8533029]]}}, {"type": "Feature", "properties": {"highway": "residential", "surface": "unpaved"}, "geometry": {"type": "LineString", "coordinates": [[11.0909289, 36.8557831], [11.0913958, 36.8559568], [11.0916497, 36.8560449]]}}, {"type": "Feature", "properties": {"highway": "residential"}, "geometry": {"type": "LineString", "coordinates": [[11.0899581, 36.8526759], [11.0898166, 36.8526296], [11.0896294, 36.8525724], [11.0894263, 36.8525136]]}}, {"type": "Feature", "properties": {"highway": "residential"}, "geometry": {"type": "LineString", "coordinates": [[11.0828798, 36.8540209], [11.083392, 36.8542524], [11.0843908, 36.854609], [11.0852814, 36.8549377]]}}, {"type": "Feature", "properties": {"highway": "residential"}, "geometry": {"type": "LineString", "coordinates": [[11.083148, 36.8528576], [11.0833963, 36.8525848]]}}, {"type": "Feature", "properties": {"highway": "residential"}, "geometry": {"type": "LineString", "coordinates": [[11.0827844, 36.8537415], [11.0829332, 36.8537126], [11.0829855, 36.8536943], [11.0830258, 36.8536707], [11.0831813, 36.8535398], [11.0832336, 36.8534819], [11.0832874, 36.8533943], [11.0835474, 36.853088], [11.083826, 36.8527662]]}}, {"type": "Feature", "properties": {"highway": "residential", "surface": "unpaved"}, "geometry": {"type": "LineString", "coordinates": [[11.0908605, 36.8550582], [11.0913556, 36.8552936], [11.0918341, 36.855524]]}}, {"type": "Feature", "properties": {"highway": "residential", "surface": "unpaved"}, "geometry": {"type": "LineString", "coordinates": [[11.0906385, 36.8553625], [11.090774, 36.8554048], [11.0909403, 36.8554462], [11.0910878, 36.8554826], [11.0912107, 36.8555168], [11.091466, 36.8556028], [11.0917745, 36.8557147]]}}, {"type": "Feature", "properties": {"highway": "footway"}, "geometry": {"type": "LineString", "coordinates": [[11.0939757, 36.8502033], [11.0940485, 36.8500632], [11.094239, 36.8501319], [11.094164, 36.8502733]]}}, {"type": "Feature", "properties": {"highway": "footway"}, "geometry": {"type": "LineString", "coordinates": [[11.0942, 36.8502867], [11.0941317, 36.8504238], [11.0939305, 36.8503508], [11.0940003, 36.8502125]]}}, {"type": "Feature", "properties": {"highway": "residential"}, "geometry": {"type": "LineString", "coordinates": [[11.0940698, 36.8508892], [11.0942347, 36.8505404], [11.0942642, 36.8504771], [11.0943527, 36.8503161], [11.0944694, 36.8500929]]}}, {"type": "Feature", "properties": {"highway": "footway"}, "geometry": {"type": "LineString", "coordinates": [[11.0943527, 36.8503161], [11.0942, 36.8502867], [11.094164, 36.8502733], [11.0940003, 36.8502125], [11.0939757, 36.8502033], [11.0939222, 36.850182]]}}, {"type": "Feature", "properties": {"highway": "residential"}, "geometry": {"type": "LineString", "coordinates": [[11.0937197, 36.8507743], [11.0940698, 36.8508892], [11.0949012, 36.8511617]]}}, {"type": "Feature", "properties": {"highway": "residential", "maxspeed": "50", "oneway": "no"}, "geometry": {"type": "LineString", "coordinates": [[11.091196, 36.8505139], [11.0913674, 36.8502335], [11.091523, 36.849978]]}}, {"type": "Feature", "properties": {"highway": "service", "oneway": "no", "service": "alley"}, "geometry": {"type": "LineString", "coordinates": [[11.0906995, 36.8488277], [11.090896, 36.8489035], [11.0909076, 36.8489138], [11.0909071, 36.848928], [11.0908843, 36.848958], [11.0908424, 36.8490063], [11.0908462, 36.8490138], [11.0908538, 36.8490256], [11.0911093, 36.8491533]]}}, {"type": "Feature", "properties": {"highway": "residential"}, "geometry": {"type": "LineString", "coordinates": [[11.0817437, 36.8433506], [11.0818523, 36.8431277], [11.0820803, 36.8427435]]}}, {"type": "Feature", "properties": {"highway": "primary", "junction": "roundabout", "lanes": "2", "lit": "no", "ref": "RR27", "surface": "asphalt"}, "geometry": {"type": "LineString", "coordinates": [[11.0510879, 36.825776], [11.0510414, 36.8258123], [11.0509831, 36.8258353], [11.0509188, 36.8258426], [11.0508548, 36.8258336], [11.0507943, 36.8258072], [11.050748, 36.8257664], [11.050721, 36.8257157], [11.0507163, 36.8256607], [11.050728, 36.8256199], [11.0507522, 36.8255827], [11.0507872, 36.8255516], [11.0508309, 36.8255285], [11.0508804, 36.8255149], [11.0509326, 36.8255118], [11.0509683, 36.8255157], [11.0510223, 36.8255323], [11.0510685, 36.8255602], [11.0511033, 36.8255973], [11.0511238, 36.8256406], [11.0511285, 36.8256868], [11.0511181, 36.8257299], [11.0510879, 36.825776]]}}, {"type": "Feature", "properties": {"bridge": "yes", "highway": "primary", "lanes": "2", "layer": "1", "lit": "no", "oneway": "no", "ref": "RR27", "surface": "asphalt"}, "geometry": {"type": "LineString", "coordinates": [[11.0481385, 36.8226963], [11.0485339, 36.8230714]]}}, {"type": "Feature", "properties": {"highway": "primary", "lanes": "2", "lit": "no", "oneway": "no", "ref": "RR27", "surface": "asphalt"}, "geometry": {"type": "LineString", "coordinates": [[11.0512824, 36.8261229], [11.0515625, 36.8263913], [11.0516668, 36.8264866], [11.0517737, 36.8265842], [11.0518867, 36.8266772], [11.0520833, 36.8268346], [11.0523905, 36.8270408], [11.053711, 36.8279118], [11.0537538, 36.8279404], [11.0543758, 36.8283486], [11.0548888, 36.8286805], [11.0553494, 36.8289788], [11.0558201, 36.8292804], [11.0561594, 36.829494], [11.0563874, 36.82964], [11.0566409, 36.8297989], [11.0569694, 36.8300077], [11.0573483, 36.8302486], [11.0576454, 36.8304376], [11.0577205, 36.8304875], [11.057809, 36.8305438], [11.0578927, 36.8305962], [11.0579337, 36.8306227], [11.0579773, 36.8306506], [11.0580239, 36.8306818], [11.0581235, 36.8307502], [11.0583625, 36.8309195], [11.0584517, 36.8309783], [11.0585187, 36.831022], [11.0585868, 36.8310698], [11.058666, 36.8311203], [11.0587397, 36.8311686], [11.0588323, 36.8312281], [11.0588792, 36.8312582], [11.059025, 36.831354], [11.0592762, 36.8315158], [11.0595712, 36.8317037], [11.0598917, 36.8319082], [11.0602941, 36.8321658], [11.0608251, 36.8324985], [11.0613562, 36.8328367], [11.0626709, 36.8336653], [11.0639317, 36.8344488], [11.0651965, 36.8352348], [11.0669184, 36.8363056], [11.0672439, 36.8364938], [11.0674488, 36.8366117], [11.0676987, 36.8367367], [11.0682271, 36.8370085], [11.069848, 36.8377494], [11.0709853, 36.838241], [11.0712589, 36.8383623], [11.0714279, 36.8384707], [11.07168, 36.838592], [11.071849, 36.8387144], [11.0719938, 36.8388314], [11.0723828, 36.8392156], [11.0725638, 36.8393594], [11.0727529, 36.8394936], [11.0729339, 36.8396042], [11.0731593, 36.839719], [11.0735188, 36.8399019]]}}, {"type": "Feature", "properties": {"highway": "primary", "lanes": "2", "lit": "no", "oneway": "yes", "ref": "RR27", "surface": "asphalt"}, "geometry": {"type": "LineString", "coordinates": [[11.0505348, 36.8252929], [11.0506314, 36.8253477], [11.0507333, 36.8254105], [11.0508145, 36.8254572], [11.0509326, 36.8255118]]}}, {"type": "Feature", "properties": {"highway": "primary", "lanes": "2", "lit": "no", "oneway": "yes", "ref": "RR27", "surface": "asphalt"}, "geometry": {"type": "LineString", "coordinates": [[11.0512824, 36.8261229], [11.0510955, 36.8260081], [11.0508548, 36.8258336]]}}, {"type": "Feature", "properties": {"highway": "primary", "lanes": "2", "lit": "no", "oneway": "yes", "ref": "RR27", "surface": "asphalt"}, "geometry": {"type": "LineString", "coordinates": [[11.0507163, 36.8256607], [11.0506046, 36.8254314], [11.0505348, 36.8252929]]}}, {"type": "Feature", "properties": {"highway": "primary", "lanes": "2", "lit": "no", "oneway": "no", "ref": "RR27", "surface": "asphalt"}, "geometry": {"type": "LineString", "coordinates": [[11.0485339, 36.8230714], [11.0493386, 36.8239065], [11.0498616, 36.8245281], [11.0505348, 36.8252929]]}}, {"type": "Feature", "properties": {"highway": "primary", "lanes": "2", "lit": "no", "oneway": "yes", "ref": "RR27", "surface": "asphalt"}, "geometry": {"type": "LineString", "coordinates": [[11.0511181, 36.8257299], [11.0511328, 36.8257906], [11.0511537, 36.82584], [11.0511819, 36.8259128], [11.0512824, 36.8261229]]}}, {"type": "Feature", "properties": {"highway": "service", "lit": "yes", "oneway": "yes", "service": "alley", "surface": "asphalt"}, "geometry": {"type": "LineString", "coordinates": [[11.0916985, 36.8474281], [11.091839, 36.8475145], [11.0920172, 36.8476382], [11.0921867, 36.8477606], [11.0922533, 36.8478041], [11.0924006, 36.8478976], [11.0924111, 36.8478999], [11.092421, 36.8478993], [11.0924656, 36.8478687], [11.0924791, 36.8478652], [11.0924925, 36.8478668], [11.0925977, 36.8479376], [11.0928508, 36.8480534]]}}, {"type": "Feature", "properties": {"addr:city": "Kelibia", "addr:governorate": "Nabeul", "alt_name": "Route de la Plage", "bicycle": "yes", "foot": "yes", "highway": "tertiary", "lit": "yes", "maxspeed": "50", "name": "\u0634\u0627\u0631\u0639 \u0627\u0644\u0634\u0647\u062f\u0627\u0621", "name:ar": "\u0634\u0627\u0631\u0639 \u0627\u0644\u0634\u0647\u062f\u0627\u0621", "name:fr": "Avenue des Martyrs", "postal_code": "8090", "surface": "asphalt"}, "geometry": {"type": "LineString", "coordinates": [[11.1104487, 36.8370968], [11.110509, 36.8370561], [11.110902, 36.8368264], [11.1110589, 36.8367394], [11.1113056, 36.8366053], [11.111473, 36.8365136], [11.1118112, 36.8363283], [11.11194, 36.8362725], [11.1121693, 36.8361384], [11.1124066, 36.8360021], [11.1125649, 36.8359151], [11.1126839, 36.8358403], [11.112809, 36.8357616], [11.113033, 36.8356264], [11.1133937, 36.835401], [11.1135232, 36.8353241], [11.1137987, 36.8351605], [11.1148502, 36.8345208]]}}, {"type": "Feature", "properties": {"highway": "footway"}, "geometry": {"type": "LineString", "coordinates": [[11.0932119, 36.8450726], [11.093136, 36.8450975], [11.0929309, 36.8451317], [11.0927615, 36.8451342], [11.0925782, 36.8450935], [11.0924673, 36.8450762], [11.0923287, 36.8450097], [11.0921239, 36.8450035], [11.0920469, 36.8450405], [11.0919899, 36.8450602], [11.0919495, 36.8450449], [11.0916938, 36.8448987]]}}, {"type": "Feature", "properties": {"highway": "residential"}, "geometry": {"type": "LineString", "coordinates": [[11.100575, 36.8388173], [11.1018975, 36.837552], [11.1019615, 36.8374809], [11.1020568, 36.8373788], [11.1021665, 36.8372788], [11.102462, 36.8373368], [11.102665, 36.8373815], [11.1028266, 36.8374095], [11.1033823, 36.8375369], [11.103768, 36.8376346], [11.1045311, 36.8378288], [11.1054915, 36.8380495], [11.105677, 36.8381058], [11.1058002, 36.838123], [11.1059346, 36.8381461], [11.1060835, 36.8381528], [11.1062782, 36.8381555], [11.1072861, 36.8381693], [11.1077021, 36.8385705], [11.1077611, 36.8386285]]}}, {"type": "Feature", "properties": {"access": "private", "highway": "residential"}, "geometry": {"type": "LineString", "coordinates": [[11.0942871, 36.8342133], [11.0941372, 36.8339973]]}}, {"type": "Feature", "properties": {"highway": "tertiary", "lanes": "2", "lit": "yes", "oneway": "no", "surface": "asphalt"}, "geometry": {"type": "LineString", "coordinates": [[11.0977525, 36.8488802], [11.0982046, 36.8481496], [11.0982983, 36.8480045]]}}, {"type": "Feature", "properties": {"highway": "residential"}, "geometry": {"type": "LineString", "coordinates": [[11.1021183, 36.8444593], [11.1019313, 36.8446786], [11.1015472, 36.845081]]}}, {"type": "Feature", "properties": {"highway": "residential"}, "geometry": {"type": "LineString", "coordinates": [[11.1079632, 36.839357], [11.1089014, 36.8387089]]}}, {"type": "Feature", "properties": {"highway": "residential"}, "geometry": {"type": "LineString", "coordinates": [[11.1022545, 36.8483071], [11.1019688, 36.8486551], [11.1018998, 36.8487369], [11.1018736, 36.8487605], [11.1018482, 36.8487654], [11.1018207, 36.8487638], [11.1017368, 36.8487369], [11.1016457, 36.8487058]]}}, {"type": "Feature", "properties": {"highway": "residential"}, "geometry": {"type": "LineString", "coordinates": [[11.101158, 36.8469144], [11.1015673, 36.8470955]]}}, {"type": "Feature", "properties": {"highway": "residential"}, "geometry": {"type": "LineString", "coordinates": [[11.0977941, 36.8469026], [11.0982066, 36.8471102]]}}, {"type": "Feature", "properties": {"highway": "residential"}, "geometry": {"type": "LineString", "coordinates": [[11.0985242, 36.8476973], [11.099229, 36.8479884], [11.0999934, 36.8482873]]}}, {"type": "Feature", "properties": {"highway": "residential", "oneway": "yes"}, "geometry": {"type": "LineString", "coordinates": [[11.100575, 36.8388173], [11.1004054, 36.8390248]]}}, {"type": "Feature", "properties": {"highway": "residential"}, "geometry": {"type": "LineString", "coordinates": [[11.1005046, 36.8441396], [11.1009955, 36.8444653]]}}, {"type": "Feature", "properties": {"highway": "residential"}, "geometry": {"type": "LineString", "coordinates": [[11.1073346, 36.8395505], [11.1077343, 36.8400656]]}}, {"type": "Feature", "properties": {"highway": "residential"}, "geometry": {"type": "LineString", "coordinates": [[11.0959627, 36.8455225], [11.0954371, 36.8462363]]}}, {"type": "Feature", "properties": {"highway": "residential"}, "geometry": {"type": "LineString", "coordinates": [[11.0993742, 36.8465927], [11.099925, 36.846824], [11.1004679, 36.8470879]]}}, {"type": "Feature", "properties": {"bridge": "yes", "highway": "secondary", "lane_markings": "no", "layer": "1", "surface": "asphalt"}, "geometry": {"type": "LineString", "coordinates": [[11.0810108, 36.8300951], [11.0808317, 36.8300259]]}}, {"type": "Feature", "properties": {"highway": "residential"}, "geometry": {"type": "LineString", "coordinates": [[11.1083244, 36.8397009], [11.1092575, 36.8391014]]}}, {"type": "Feature", "properties": {"highway": "residential"}, "geometry": {"type": "LineString", "coordinates": [[11.0977699, 36.8445707], [11.0978261, 36.8445224], [11.0979298, 36.844433], [11.0982013, 36.8441993], [11.0982929, 36.8441205], [11.0983144, 36.8440894], [11.098313, 36.8440647], [11.0983023, 36.8440454], [11.0981333, 36.843937], [11.0979603, 36.8438227], [11.0978872, 36.8437814], [11.0978309, 36.8437658], [11.0977707, 36.8437552], [11.0977143, 36.8437409], [11.0976624, 36.8437238], [11.0975861, 36.8437026], [11.0974946, 36.8436617], [11.0969705, 36.8433795], [11.0966627, 36.8432056], [11.0962921, 36.8430174]]}}, {"type": "Feature", "properties": {"highway": "residential"}, "geometry": {"type": "LineString", "coordinates": [[11.1063194, 36.846825], [11.1059653, 36.8466121], [11.1059452, 36.8465954], [11.1059372, 36.8465728], [11.1059506, 36.8465439], [11.1061558, 36.8463045], [11.1062148, 36.8462541], [11.1062416, 36.8462326], [11.1062604, 36.8462095], [11.1062832, 36.8461655], [11.1063449, 36.8460217]]}}, {"type": "Feature", "properties": {"highway": "residential"}, "geometry": {"type": "LineString", "coordinates": [[11.0955615, 36.8455279], [11.0952929, 36.845396], [11.0949663, 36.8452264]]}}, {"type": "Feature", "properties": {"highway": "residential"}, "geometry": {"type": "LineString", "coordinates": [[11.0974299, 36.8464597], [11.0970958, 36.8467917]]}}, {"type": "Feature", "properties": {"bridge": "yes", "highway": "secondary", "layer": "1"}, "geometry": {"type": "LineString", "coordinates": [[11.0847598, 36.8321776], [11.0846244, 36.8321003]]}}, {"type": "Feature", "properties": {"highway": "residential"}, "geometry": {"type": "LineString", "coordinates": [[11.104922, 36.847015], [11.1046859, 36.8472897], [11.1046043, 36.8474212], [11.1043279, 36.8478596], [11.104242, 36.8479669], [11.104091, 36.84813]]}}, {"type": "Feature", "properties": {"highway": "residential"}, "geometry": {"type": "LineString", "coordinates": [[11.0990363, 36.8457179], [11.0986871, 36.8460814]]}}, {"type": "Feature", "properties": {"highway": "residential"}, "geometry": {"type": "LineString", "coordinates": [[11.0985983, 36.8450401], [11.0983459, 36.8453014], [11.0981735, 36.845476], [11.0979747, 36.8456861]]}}, {"type": "Feature", "properties": {"highway": "secondary", "lane_markings": "no", "surface": "asphalt"}, "geometry": {"type": "LineString", "coordinates": [[11.0846244, 36.8321003], [11.0839538, 36.8317257], [11.0818367, 36.8305667], [11.0812608, 36.8302089], [11.0810108, 36.8300951]]}}, {"type": "Feature", "properties": {"highway": "residential"}, "geometry": {"type": "LineString", "coordinates": [[11.0962091, 36.8456525], [11.0958614, 36.846071], [11.0956231, 36.8463574]]}}, {"type": "Feature", "properties": {"highway": "residential"}, "geometry": {"type": "LineString", "coordinates": [[11.0983519, 36.846939], [11.0982066, 36.8471102], [11.0980052, 36.8473536], [11.097709, 36.8476801]]}}, {"type": "Feature", "properties": {"highway": "residential"}, "geometry": {"type": "LineString", "coordinates": [[11.1023057, 36.8462308], [11.1031195, 36.8465787], [11.1033958, 36.8467519], [11.1034166, 36.8467606], [11.103438, 36.8467628], [11.1034642, 36.8467574], [11.1034843, 36.8467408], [11.1037317, 36.8465283], [11.1038933, 36.8463922]]}}, {"type": "Feature", "properties": {"highway": "residential"}, "geometry": {"type": "LineString", "coordinates": [[11.1013763, 36.8454744], [11.1011816, 36.8457105], [11.1011843, 36.845725], [11.1011911, 36.8457415], [11.101438, 36.8458843]]}}, {"type": "Feature", "properties": {"highway": "residential"}, "geometry": {"type": "LineString", "coordinates": [[11.0979392, 36.8467402], [11.0977941, 36.8469026], [11.0975539, 36.8471468]]}}, {"type": "Feature", "properties": {"highway": "service", "service": "parking_aisle"}, "geometry": {"type": "LineString", "coordinates": [[11.0922445, 36.8458221], [11.0921211, 36.8459514], [11.0920822, 36.8459761], [11.0920392, 36.8459809], [11.0913787, 36.8455043]]}}, {"type": "Feature", "properties": {"highway": "residential"}, "geometry": {"type": "LineString", "coordinates": [[11.0964295, 36.8457749], [11.0962726, 36.8459466], [11.0961048, 36.8461276], [11.0960798, 36.8461516], [11.096063, 36.8461631], [11.0960503, 36.8461698], [11.0960369, 36.8461714], [11.0960228, 36.846169], [11.096008, 36.8461629], [11.0958614, 36.846071]]}}, {"type": "Feature", "properties": {"highway": "residential"}, "geometry": {"type": "LineString", "coordinates": [[11.0983459, 36.8453014], [11.0990363, 36.8457179], [11.0992209, 36.8458244]]}}, {"type": "Feature", "properties": {"highway": "residential"}, "geometry": {"type": "LineString", "coordinates": [[11.1053626, 36.8472717], [11.1057427, 36.8474915], [11.1061593, 36.8477204]]}}, {"type": "Feature", "properties": {"highway": "residential"}, "geometry": {"type": "LineString", "coordinates": [[11.1003435, 36.8477233], [11.0999934, 36.8482873], [11.0997547, 36.8486457]]}}, {"type": "Feature", "properties": {"highway": "secondary", "oneway": "no", "surface": "asphalt"}, "geometry": {"type": "LineString", "coordinates": [[11.0808317, 36.8300259], [11.080528, 36.8299185], [11.0802993, 36.8298504], [11.080133, 36.8298149], [11.0800224, 36.8297929], [11.0799908, 36.8297913], [11.0796529, 36.8297774], [11.0792801, 36.8297785], [11.0789052, 36.8297962], [11.0755491, 36.8299695], [11.0751548, 36.8299829], [11.0746861, 36.8299846], [11.0742214, 36.8299497], [11.0737715, 36.8298901], [11.0729735, 36.8297114], [11.0725625, 36.8296078], [11.0711785, 36.8292729], [11.0708164, 36.8291902], [11.0703309, 36.8290711], [11.0699031, 36.8289476], [11.0696241, 36.8288628], [11.0692553, 36.8287469], [11.0687497, 36.8285633], [11.0683675, 36.8283894], [11.0680322, 36.8282477], [11.0672893, 36.8279225], [11.0666643, 36.8276466], [11.0658959, 36.8273095], [11.0648699, 36.8268672], [11.0640492, 36.8265033], [11.0632083, 36.8261469], [11.0630541, 36.8260814], [11.062244, 36.825724], [11.061379, 36.8253515], [11.0605113, 36.8249746], [11.0599454, 36.8247234], [11.0591286, 36.824367], [11.0582583, 36.824002], [11.057923, 36.8238839], [11.0574456, 36.8237616], [11.0571389, 36.8237058], [11.0569909, 36.8236789], [11.0565336, 36.8236295], [11.0561232, 36.8236081], [11.055737, 36.8236059], [11.0552756, 36.8236467], [11.0547942, 36.8237068], [11.0544723, 36.8237648], [11.05407, 36.8238528], [11.0537709, 36.8239408], [11.0534772, 36.8240546], [11.0532115, 36.8241787]]}}, {"type": "Feature", "properties": {"highway": "residential"}, "geometry": {"type": "LineString", "coordinates": [[11.1062591, 36.8394646], [11.1066882, 36.8398424], [11.1067633, 36.839851], [11.1068652, 36.8398338], [11.1073346, 36.8395505], [11.1078308, 36.8392306]]}}, {"type": "Feature", "properties": {"highway": "tertiary", "oneway": "yes"}, "geometry": {"type": "LineString", "coordinates": [[11.103542, 36.8404375], [11.1035906, 36.8404717], [11.103656, 36.8405293], [11.1037002, 36.8405894], [11.1037312, 36.8406486], [11.1037561, 36.8407091], [11.1037626, 36.8408017]]}}, {"type": "Feature", "properties": {"highway": "residential", "surface": "ground"}, "geometry": {"type": "LineString", "coordinates": [[11.107395, 36.8405444], [11.1071922, 36.8406985], [11.1070825, 36.8407731], [11.1069871, 36.8408558], [11.1068738, 36.8409331]]}}, {"type": "Feature", "properties": {"highway": "residential"}, "geometry": {"type": "LineString", "coordinates": [[11.1035127, 36.8461616], [11.1031195, 36.8465787], [11.1025434, 36.8472422], [11.1024959, 36.8472956]]}}, {"type": "Feature", "properties": {"highway": "residential", "oneway": "yes"}, "geometry": {"type": "LineString", "coordinates": [[11.094747, 36.836206], [11.0947879, 36.8361682], [11.0948227, 36.8361372], [11.0948651, 36.8360568]]}}, {"type": "Feature", "properties": {"highway": "residential"}, "geometry": {"type": "LineString", "coordinates": [[11.1041915, 36.8493403], [11.1042735, 36.8492736], [11.1043238, 36.8492064], [11.1044406, 36.8490302], [11.1046336, 36.8486194], [11.1047248, 36.8484348], [11.1047704, 36.8483447], [11.1048026, 36.8482696], [11.1048241, 36.8481944], [11.1048281, 36.8481483]]}}, {"type": "Feature", "properties": {"highway": "residential"}, "geometry": {"type": "LineString", "coordinates": [[11.1020909, 36.8470551], [11.1018307, 36.8473577], [11.101671, 36.8475266], [11.1014639, 36.8478035]]}}, {"type": "Feature", "properties": {"highway": "residential", "lanes": "2", "lit": "yes", "oneway": "no", "surface": "asphalt"}, "geometry": {"type": "LineString", "coordinates": [[11.1029101, 36.8412384], [11.102842, 36.8411798], [11.1023691, 36.840908], [11.1015669, 36.8404465]]}}, {"type": "Feature", "properties": {"highway": "residential"}, "geometry": {"type": "LineString", "coordinates": [[11.1112775, 36.8378256], [11.1100651, 36.8384385], [11.1097996, 36.8385459], [11.1091089, 36.8389355]]}}, {"type": "Feature", "properties": {"highway": "residential"}, "geometry": {"type": "LineString", "coordinates": [[11.1058704, 36.8480387], [11.106432, 36.8479834], [11.1068719, 36.8479111], [11.1071425, 36.8478639], [11.1072287, 36.8478489], [11.1075344, 36.8477802], [11.1077685, 36.8477364], [11.1079019, 36.8477115], [11.1085328, 36.8476122], [11.1089092, 36.8475757], [11.1092183, 36.847557], [11.1093365, 36.8475643], [11.109479, 36.8475849], [11.1096024, 36.8476203], [11.1097391, 36.8476648], [11.1098825, 36.8477042], [11.1099551, 36.8477383], [11.1099766, 36.8477528], [11.1100355, 36.8477926], [11.1100825, 36.8478338], [11.1101582, 36.8478707], [11.1103977, 36.8479401], [11.1107319, 36.8480222], [11.1110602, 36.8480871], [11.1112949, 36.8481193], [11.1115424, 36.848135], [11.1118179, 36.8481178], [11.1122523, 36.8480567], [11.1136558, 36.8477682]]}}, {"type": "Feature", "properties": {"highway": "residential"}, "geometry": {"type": "LineString", "coordinates": [[11.1004679, 36.8470879], [11.1008169, 36.8472286], [11.1008514, 36.8472364], [11.1008879, 36.8472323], [11.1009134, 36.8472189], [11.101158, 36.8469144], [11.101272, 36.8467519], [11.1013551, 36.8466339]]}}, {"type": "Feature", "properties": {"highway": "residential", "lanes": "2", "oneway": "no", "surface": "paved"}, "geometry": {"type": "LineString", "coordinates": [[11.096177, 36.8369978], [11.0956922, 36.83767], [11.0953184, 36.8381691], [11.0942602, 36.8395743]]}}, {"type": "Feature", "properties": {"highway": "service"}, "geometry": {"type": "LineString", "coordinates": [[11.1140878, 36.8356983], [11.1140592, 36.8363186], [11.1140243, 36.8363482], [11.1139699, 36.836357], [11.1135735, 36.8363587]]}}, {"type": "Feature", "properties": {"highway": "secondary", "oneway": "yes"}, "geometry": {"type": "LineString", "coordinates": [[11.0509683, 36.8255157], [11.0511267, 36.8254822], [11.0512188, 36.8254534], [11.0512766, 36.8254177], [11.051888, 36.824994], [11.0525847, 36.8244966], [11.0527903, 36.8243747], [11.0529978, 36.8242634], [11.0532115, 36.8241787]]}}, {"type": "Feature", "properties": {"highway": "residential"}, "geometry": {"type": "LineString", "coordinates": [[11.1072444, 36.8467307], [11.1067827, 36.8471517], [11.1061593, 36.8477204], [11.1058704, 36.8480387], [11.1058046, 36.8481174], [11.1056957, 36.8482509], [11.1053687, 36.8486521], [11.1049528, 36.8491195], [11.1046157, 36.849502]]}}, {"type": "Feature", "properties": {"highway": "residential"}, "geometry": {"type": "LineString", "coordinates": [[11.1073735, 36.8387616], [11.1074204, 36.838812], [11.1078308, 36.8392306], [11.1079632, 36.839357], [11.1083244, 36.8397009], [11.1085819, 36.839925]]}}, {"type": "Feature", "properties": {"highway": "secondary", "oneway": "yes"}, "geometry": {"type": "LineString", "coordinates": [[11.0532115, 36.8241787], [11.0530414, 36.8242914], [11.0528319, 36.8244139], [11.0526521, 36.8245394], [11.051998, 36.8250272], [11.0513376, 36.825506], [11.0512116, 36.825603], [11.0511632, 36.825651], [11.0511285, 36.8256868]]}}, {"type": "Feature", "properties": {"highway": "residential"}, "geometry": {"type": "LineString", "coordinates": [[11.1069028, 36.8462927], [11.1067338, 36.8464301], [11.1065447, 36.8465997], [11.1063194, 36.846825], [11.1060257, 36.8471631], [11.1057427, 36.8474915], [11.1054946, 36.8477619], [11.1054504, 36.8477866], [11.1054168, 36.847792], [11.1053766, 36.8477791], [11.1050226, 36.8476031], [11.1049352, 36.8475825], [11.1048281, 36.8475473], [11.1048093, 36.8475806], [11.1047772, 36.8476277], [11.1045103, 36.8481579]]}}, {"type": "Feature", "properties": {"highway": "residential"}, "geometry": {"type": "LineString", "coordinates": [[11.1030835, 36.8452039], [11.1033743, 36.8453257], [11.1034049, 36.8453289], [11.1034387, 36.8453268], [11.1034736, 36.8453118], [11.1037278, 36.8450303]]}}, {"type": "Feature", "properties": {"highway": "residential"}, "geometry": {"type": "LineString", "coordinates": [[11.0851484, 36.8486935], [11.0847598, 36.8491345], [11.0845694, 36.8493352], [11.0843857, 36.8495681], [11.0842261, 36.8497945], [11.0839888, 36.8501417], [11.0837413, 36.8504585], [11.0836308, 36.8506508], [11.0835988, 36.8506995], [11.0834992, 36.8508334], [11.0834563, 36.850887], [11.0833921, 36.8509324], [11.0832852, 36.8510247], [11.0831789, 36.8511324], [11.0830482, 36.8512901], [11.0828554, 36.8515223], [11.0828374, 36.8515504], [11.0828514, 36.8515803], [11.083206, 36.8517905], [11.0836595, 36.8520549]]}}, {"type": "Feature", "properties": {"highway": "residential", "surface": "ground"}, "geometry": {"type": "LineString", "coordinates": [[11.0860004, 36.8592391], [11.0868925, 36.8591302], [11.0870504, 36.8591037], [11.0871859, 36.8590694], [11.0874286, 36.8590087], [11.08745, 36.8589998], [11.0874655, 36.8589916], [11.0875643, 36.8589023], [11.087797, 36.8587631], [11.088016, 36.8586424], [11.0881192, 36.8585855], [11.0883237, 36.8584367], [11.0885208, 36.8582081], [11.0888569, 36.8578183], [11.0889025, 36.8577833], [11.0889642, 36.8577517], [11.0890383, 36.857682], [11.089229, 36.8575526], [11.089376, 36.8574549], [11.0894532, 36.857399], [11.0897273, 36.857287], [11.0900438, 36.8571583], [11.090206, 36.8570821], [11.0903059, 36.857037], [11.0903878, 36.8570027], [11.0905473, 36.8569469]]}}, {"type": "Feature", "properties": {"highway": "tertiary", "maxspeed": "50", "name": "\u0646\u0647\u062c \u0627\u0628\u0648 \u0627\u0644\u0639\u0644\u0627\u0621 \u0627\u0644\u0645\u0639\u0631\u064a", "name:ar": "\u0646\u0647\u062c \u0627\u0628\u0648 \u0627\u0644\u0639\u0644\u0627\u0621 \u0627\u0644\u0645\u0639\u0631\u064a", "oneway": "no"}, "geometry": {"type": "LineString", "coordinates": [[11.091173, 36.8574544], [11.092093, 36.8568948], [11.0926763, 36.8566217], [11.092846, 36.8565412], [11.0934448, 36.8562944], [11.0942133, 36.8560272], [11.0946867, 36.8558963], [11.0951815, 36.8557579], [11.0952788, 36.8557316], [11.0953773, 36.8557032], [11.0954699, 36.855672], [11.0955008, 36.8556525], [11.0958709, 36.8554188], [11.096005, 36.8553179], [11.0962665, 36.8551226], [11.0963845, 36.8550142], [11.0965052, 36.8549037], [11.0966192, 36.8547846], [11.0967345, 36.8546365], [11.0967546, 36.8545614], [11.0967573, 36.8545013], [11.0967419, 36.8544439], [11.0967023, 36.8543876]]}}, {"type": "Feature", "properties": {"highway": "tertiary", "lanes": "2", "oneway": "no", "surface": "unpaved"}, "geometry": {"type": "LineString", "coordinates": [[11.0836903, 36.8460287], [11.08352, 36.8460829], [11.0833637, 36.8461274], [11.0830968, 36.8461945], [11.0826717, 36.8462981], [11.0817832, 36.8464725], [11.0814218, 36.8465347], [11.0809591, 36.8466115], [11.0806202, 36.8466743], [11.0799365, 36.8467591], [11.0794772, 36.846825], [11.0793631, 36.8468408], [11.0790219, 36.8468857], [11.078285, 36.8469871], [11.0780234, 36.8470247], [11.0778008, 36.8470547], [11.0775433, 36.8470772], [11.0773287, 36.8470869], [11.077082, 36.8470826], [11.0767306, 36.8470729]]}}, {"type": "Feature", "properties": {"highway": "residential"}, "geometry": {"type": "LineString", "coordinates": [[11.086687, 36.8574857], [11.0868593, 36.8572693], [11.0870217, 36.8570425], [11.0872181, 36.8568004], [11.0873133, 36.8566807], [11.0873826, 36.8565803], [11.0875527, 36.8563196], [11.087698, 36.8560177], [11.0879801, 36.85553], [11.0880743, 36.8554258], [11.0881159, 36.8553748], [11.0881421, 36.8553265], [11.0882712, 36.8551439], [11.0883814, 36.8549129], [11.0884692, 36.854764], [11.0884685, 36.8546118], [11.0885106, 36.8542942], [11.0885484, 36.8541225], [11.0885679, 36.8540334], [11.0885787, 36.8539543], [11.0886208, 36.8538574], [11.0887224, 36.8536501], [11.0887865, 36.8534733], [11.0888481, 36.8533029], [11.0890252, 36.853], [11.089225, 36.8527382], [11.0893165, 36.852636], [11.0894263, 36.8525136], [11.0896273, 36.852185], [11.0898448, 36.8518657]]}}, {"type": "Feature", "properties": {"highway": "residential", "surface": "ground"}, "geometry": {"type": "LineString", "coordinates": [[11.086687, 36.8574857], [11.0866523, 36.8576704], [11.0866186, 36.8577559], [11.0865797, 36.8578312], [11.086571, 36.8578399], [11.086495, 36.8579167], [11.0862358, 36.8581742], [11.0859132, 36.8584298], [11.0856088, 36.8587185], [11.0854413, 36.8589411], [11.0852813, 36.8591677], [11.0851739, 36.859308], [11.0848979, 36.8596627], [11.0848094, 36.8597774], [11.0845908, 36.8600608], [11.0845372, 36.8601123], [11.0844487, 36.860155], [11.0843702, 36.8601633], [11.0842804, 36.8601577], [11.0841737, 36.8601424], [11.0840872, 36.8601435], [11.0840517, 36.8601515], [11.0840205, 36.8601636], [11.0838861, 36.8602593], [11.0835696, 36.8604761], [11.0834616, 36.8605276], [11.0833584, 36.8605587], [11.083235, 36.8605812], [11.0831579, 36.8606016], [11.082901, 36.8607862]]}}, {"type": "Feature", "properties": {"highway": "residential"}, "geometry": {"type": "LineString", "coordinates": [[11.0876252, 36.8454734], [11.0882079, 36.8457155]]}}, {"type": "Feature", "properties": {"highway": "residential"}, "geometry": {"type": "LineString", "coordinates": [[11.0880202, 36.8433063], [11.0887496, 36.8429389]]}}, {"type": "Feature", "properties": {"access": "destination", "highway": "residential"}, "geometry": {"type": "LineString", "coordinates": [[11.0863157, 36.8488522], [11.0870009, 36.8480272]]}}, {"type": "Feature", "properties": {"highway": "residential"}, "geometry": {"type": "LineString", "coordinates": [[11.0859715, 36.8452656], [11.0860953, 36.8451357]]}}, {"type": "Feature", "properties": {"highway": "residential", "maxspeed": "50", "name": "\u0646\u0647\u062c \u0645\u0637\u0645\u0627\u0637\u0629", "name:ar": "\u0646\u0647\u062c \u0645\u0637\u0645\u0627\u0637\u0629", "name:fr": "Rue Matmata", "oneway": "no", "surface": "asphalt"}, "geometry": {"type": "LineString", "coordinates": [[11.086745, 36.8548665], [11.0864831, 36.8550958], [11.0862113, 36.8553388]]}}, {"type": "Feature", "properties": {"highway": "residential"}, "geometry": {"type": "LineString", "coordinates": [[11.0902339, 36.8415929], [11.0906069, 36.8418702]]}}, {"type": "Feature", "properties": {"highway": "residential"}, "geometry": {"type": "LineString", "coordinates": [[11.080941, 36.8411807], [11.0807634, 36.8410266]]}}, {"type": "Feature", "properties": {"highway": "residential"}, "geometry": {"type": "LineString", "coordinates": [[11.0872316, 36.859916], [11.0870155, 36.860144], [11.0867607, 36.8603784]]}}, {"type": "Feature", "properties": {"highway": "residential"}, "geometry": {"type": "LineString", "coordinates": [[11.0914323, 36.8416852], [11.0906912, 36.8424221], [11.0906727, 36.8424317], [11.0906455, 36.8424358]]}}, {"type": "Feature", "properties": {"highway": "residential"}, "geometry": {"type": "LineString", "coordinates": [[11.0901347, 36.8427868], [11.0893142, 36.8421446]]}}, {"type": "Feature", "properties": {"highway": "residential"}, "geometry": {"type": "LineString", "coordinates": [[11.0895435, 36.8481097], [11.0892579, 36.8486097]]}}, {"type": "Feature", "properties": {"highway": "residential", "surface": "ground"}, "geometry": {"type": "LineString", "coordinates": [[11.0867026, 36.8584431], [11.0864941, 36.8586906]]}}, {"type": "Feature", "properties": {"highway": "residential"}, "geometry": {"type": "LineString", "coordinates": [[11.0878347, 36.8419729], [11.0882936, 36.8416525], [11.0889577, 36.8412457]]}}, {"type": "Feature", "properties": {"highway": "service"}, "geometry": {"type": "LineString", "coordinates": [[11.0882888, 36.8462416], [11.08826, 36.8461679]]}}, {"type": "Feature", "properties": {"highway": "residential"}, "geometry": {"type": "LineString", "coordinates": [[11.0892526, 36.8477865], [11.0899206, 36.848089], [11.0900041, 36.8481344]]}}, {"type": "Feature", "properties": {"highway": "residential"}, "geometry": {"type": "LineString", "coordinates": [[11.0836427, 36.8463432], [11.083294, 36.8467225]]}}, {"type": "Feature", "properties": {"highway": "residential"}, "geometry": {"type": "LineString", "coordinates": [[11.0879442, 36.845165], [11.0876349, 36.8449525]]}}, {"type": "Feature", "properties": {"highway": "residential"}, "geometry": {"type": "LineString", "coordinates": [[11.0836037, 36.8415082], [11.0841673, 36.8408572], [11.0844165, 36.840597], [11.0846547, 36.8403166], [11.0847156, 36.8402449], [11.0848859, 36.8400249], [11.0851628, 36.8397126]]}}, {"type": "Feature", "properties": {"highway": "residential"}, "geometry": {"type": "LineString", "coordinates": [[11.0858783, 36.8536163], [11.0859899, 36.8534647], [11.0860929, 36.853316], [11.0861328, 36.8532562], [11.0861331, 36.8531895], [11.0860975, 36.8531285], [11.086007, 36.8530349], [11.0858519, 36.8529859]]}}, {"type": "Feature", "properties": {"highway": "path"}, "geometry": {"type": "LineString", "coordinates": [[11.0949884, 36.8459182], [11.0948549, 36.8460716], [11.0947253, 36.846209]]}}, {"type": "Feature", "properties": {"highway": "residential"}, "geometry": {"type": "LineString", "coordinates": [[11.087333, 36.8599711], [11.0875595, 36.8597147], [11.0876251, 36.859645], [11.0876546, 36.8596316], [11.0876814, 36.8596187], [11.0877853, 36.8595522], [11.0878182, 36.8595318], [11.0877746, 36.8595029], [11.0876479, 36.8594326], [11.0874487, 36.8593001], [11.0877468, 36.8590128]]}}, {"type": "Feature", "properties": {"highway": "residential"}, "geometry": {"type": "LineString", "coordinates": [[11.0847302, 36.8542235], [11.085146, 36.8544187], [11.0855549, 36.8546141]]}}, {"type": "Feature", "properties": {"highway": "residential"}, "geometry": {"type": "LineString", "coordinates": [[11.0891292, 36.8559524], [11.0888877, 36.8562596], [11.0886252, 36.8565957], [11.0885987, 36.8566416], [11.0885846, 36.8566528], [11.0885632, 36.8566539], [11.0884794, 36.8566056], [11.0882769, 36.8564848]]}}, {"type": "Feature", "properties": {"highway": "residential"}, "geometry": {"type": "LineString", "coordinates": [[11.085204, 36.8499811], [11.0856235, 36.8502269]]}}, {"type": "Feature", "properties": {"highway": "residential"}, "geometry": {"type": "LineString", "coordinates": [[11.07589, 36.8415455], [11.0761485, 36.8413107], [11.0763995, 36.8410778], [11.0764201, 36.8410676], [11.0764449, 36.8410622], [11.0764758, 36.8410601], [11.076516, 36.8410552], [11.0765381, 36.8410477], [11.0765576, 36.8410354], [11.076752, 36.8408792], [11.0768493, 36.8407923], [11.0768958, 36.8407441], [11.0770364, 36.840613], [11.077208, 36.8404757], [11.0774534, 36.8402921], [11.0775567, 36.8402502], [11.0777083, 36.8402589], [11.0780624, 36.8403759]]}}, {"type": "Feature", "properties": {"highway": "residential"}, "geometry": {"type": "LineString", "coordinates": [[11.0823153, 36.8544726], [11.0825021, 36.8542641], [11.0826797, 36.8540767], [11.0828259, 36.8539465]]}}, {"type": "Feature", "properties": {"highway": "residential"}, "geometry": {"type": "LineString", "coordinates": [[11.0800238, 36.8421563], [11.0797063, 36.8424872]]}}, {"type": "Feature", "properties": {"highway": "residential"}, "geometry": {"type": "LineString", "coordinates": [[11.0855306, 36.8539402], [11.0853452, 36.8541141]]}}, {"type": "Feature", "properties": {"highway": "residential"}, "geometry": {"type": "LineString", "coordinates": [[11.0869046, 36.8597232], [11.0872516, 36.8592335], [11.0872758, 36.8592178], [11.0873052, 36.8592249], [11.0874487, 36.8593001]]}}, {"type": "Feature", "properties": {"highway": "residential"}, "geometry": {"type": "LineString", "coordinates": [[11.0888207, 36.8386951], [11.0882078, 36.8384063]]}}, {"type": "Feature", "properties": {"highway": "residential", "surface": "ground"}, "geometry": {"type": "LineString", "coordinates": [[11.0854957, 36.8605181], [11.0852096, 36.8608601]]}}, {"type": "Feature", "properties": {"highway": "residential"}, "geometry": {"type": "LineString", "coordinates": [[11.0878799, 36.8452231], [11.0883802, 36.8455076]]}}, {"type": "Feature", "properties": {"highway": "residential"}, "geometry": {"type": "LineString", "coordinates": [[11.082984, 36.8500543], [11.0832269, 36.8497484], [11.0835193, 36.8494271]]}}, {"type": "Feature", "properties": {"highway": "residential"}, "geometry": {"type": "LineString", "coordinates": [[11.088016, 36.8586424], [11.0881166, 36.8588183], [11.0881877, 36.8589105], [11.0882199, 36.8589524], [11.0882531, 36.8589808], [11.0884183, 36.8591209], [11.088598, 36.8592196], [11.0889494, 36.8594621]]}}, {"type": "Feature", "properties": {"highway": "residential"}, "geometry": {"type": "LineString", "coordinates": [[11.0946871, 36.8471537], [11.0948771, 36.8469924]]}}, {"type": "Feature", "properties": {"highway": "residential"}, "geometry": {"type": "LineString", "coordinates": [[11.0907908, 36.8599374], [11.0907787, 36.8600673], [11.0907639, 36.8601896], [11.0907398, 36.8603066], [11.090717, 36.8603784], [11.0906781, 36.8604772], [11.0906178, 36.8606338], [11.0904006, 36.861092]]}}, {"type": "Feature", "properties": {"highway": "residential"}, "geometry": {"type": "LineString", "coordinates": [[11.0826137, 36.8546127], [11.0822343, 36.8550113]]}}, {"type": "Feature", "properties": {"highway": "residential", "surface": "ground", "tracktype": "grade2"}, "geometry": {"type": "LineString", "coordinates": [[11.0786011, 36.8423332], [11.0788107, 36.8421146], [11.0789193, 36.8419622]]}}, {"type": "Feature", "properties": {"highway": "residential", "maxspeed": "50", "name": "\u0646\u0647\u062c \u0628\u0648\u0633\u0627\u0644\u0645", "name:ar": "\u0646\u0647\u062c \u0628\u0648\u0633\u0627\u0644\u0645", "name:fr": "Rue de Bousalem", "oneway": "no", "surface": "earth"}, "geometry": {"type": "LineString", "coordinates": [[11.0837158, 36.8495381], [11.0846606, 36.848459]]}}, {"type": "Feature", "properties": {"highway": "residential"}, "geometry": {"type": "LineString", "coordinates": [[11.0770457, 36.8413613], [11.0768353, 36.8415415], [11.0766556, 36.8417325], [11.076459, 36.8419569]]}}, {"type": "Feature", "properties": {"highway": "residential"}, "geometry": {"type": "LineString", "coordinates": [[11.0763157, 36.8407107], [11.0759072, 36.8410112], [11.0755995, 36.841308]]}}, {"type": "Feature", "properties": {"highway": "residential"}, "geometry": {"type": "LineString", "coordinates": [[11.082244, 36.8412998], [11.0827776, 36.8416348]]}}, {"type": "Feature", "properties": {"highway": "residential"}, "geometry": {"type": "LineString", "coordinates": [[11.0864107, 36.849846], [11.0859868, 36.8495556], [11.0852976, 36.8491153]]}}, {"type": "Feature", "properties": {"highway": "residential"}, "geometry": {"type": "LineString", "coordinates": [[11.0890607, 36.8405355], [11.088615, 36.8409353]]}}, {"type": "Feature", "properties": {"highway": "residential"}, "geometry": {"type": "LineString", "coordinates": [[11.0818427, 36.854245], [11.08208, 36.8540093], [11.0821996, 36.8538446]]}}, {"type": "Feature", "properties": {"highway": "residential"}, "geometry": {"type": "LineString", "coordinates": [[11.0883085, 36.8447959], [11.0879829, 36.8444962]]}}, {"type": "Feature", "properties": {"highway": "residential"}, "geometry": {"type": "LineString", "coordinates": [[11.0898587, 36.8431159], [11.0889333, 36.8424183]]}}, {"type": "Feature", "properties": {"highway": "residential"}, "geometry": {"type": "LineString", "coordinates": [[11.0880825, 36.8449772], [11.0885389, 36.8453339]]}}, {"type": "Feature", "properties": {"highway": "residential"}, "geometry": {"type": "LineString", "coordinates": [[11.0747659, 36.8412838], [11.0748035, 36.8412667], [11.0752263, 36.8409517]]}}, {"type": "Feature", "properties": {"highway": "residential"}, "geometry": {"type": "LineString", "coordinates": [[11.0849444, 36.8532139], [11.0845949, 36.8535817], [11.0842463, 36.8539538]]}}, {"type": "Feature", "properties": {"highway": "residential"}, "geometry": {"type": "LineString", "coordinates": [[11.0879705, 36.8414166], [11.088615, 36.8409353]]}}, {"type": "Feature", "properties": {"highway": "residential"}, "geometry": {"type": "LineString", "coordinates": [[11.0850245, 36.8564786], [11.0845786, 36.8567812], [11.0843709, 36.8568841], [11.0843072, 36.8569023], [11.0842877, 36.8568996], [11.0842676, 36.8568948], [11.0841397, 36.8568644], [11.0840214, 36.8568047], [11.0839359, 36.8567494], [11.0838086, 36.8566606], [11.0836358, 36.8565252], [11.083583, 36.8564932], [11.0835121, 36.8564219], [11.0833631, 36.8562671]]}}, {"type": "Feature", "properties": {"highway": "residential"}, "geometry": {"type": "LineString", "coordinates": [[11.0791301, 36.8415527], [11.0795631, 36.8418366], [11.0798385, 36.8420308]]}}, {"type": "Feature", "properties": {"highway": "residential", "lanes": "2", "lit": "yes", "surface": "asphalt"}, "geometry": {"type": "LineString", "coordinates": [[11.1027479, 36.8497298], [11.1025483, 36.849816], [11.1024393, 36.8498442], [11.1022771, 36.8498786], [11.1014359, 36.8500065], [11.1012103, 36.8499321], [11.1007393, 36.8497864], [11.1004827, 36.8497034], [11.0997952, 36.849483], [11.0992746, 36.8493223], [11.0991338, 36.8492773], [11.0989919, 36.8492209], [11.098828, 36.8491496], [11.0987435, 36.8491194], [11.0986577, 36.8490873], [11.0985653, 36.8490527], [11.0985202, 36.8490385], [11.0983653, 36.8489993], [11.0982455, 36.8489723], [11.0977525, 36.8488802], [11.0975392, 36.8488201], [11.0972254, 36.8487332], [11.0968365, 36.8486264], [11.0966391, 36.8485738], [11.0965729, 36.8485523], [11.0964402, 36.8485228], [11.0963231, 36.8485014], [11.0962256, 36.848496], [11.0961284, 36.8484981], [11.0960184, 36.8485078], [11.0959332, 36.8485234], [11.0958447, 36.848533], [11.0957515, 36.84854], [11.0956811, 36.8485411], [11.0956087, 36.8485368], [11.0955329, 36.8485265], [11.0954417, 36.8485127], [11.0952681, 36.8484804]]}}, {"type": "Feature", "properties": {"highway": "residential"}, "geometry": {"type": "LineString", "coordinates": [[11.0795216, 36.8410267], [11.0799359, 36.8413665], [11.0803073, 36.8416692], [11.0806808, 36.8418946], [11.081063, 36.8421414], [11.0815732, 36.8424493], [11.0816133, 36.8424728], [11.0819797, 36.8426877], [11.0820803, 36.8427435], [11.0824453, 36.8429854], [11.0825249, 36.8430406], [11.0827319, 36.8431788], [11.0828858, 36.8432801], [11.0830503, 36.8434041], [11.0832957, 36.8435683], [11.0833415, 36.8435975], [11.0836666, 36.8438381], [11.0838056, 36.8439617], [11.0838827, 36.8440277]]}}, {"type": "Feature", "properties": {"highway": "residential"}, "geometry": {"type": "LineString", "coordinates": [[11.0850566, 36.8537237], [11.0855306, 36.8539402], [11.0859692, 36.854191]]}}, {"type": "Feature", "properties": {"highway": "residential"}, "geometry": {"type": "LineString", "coordinates": [[11.0849896, 36.855229], [11.0851381, 36.8553311], [11.0852931, 36.8554249], [11.085409, 36.8554999], [11.08562, 36.8556198], [11.0858863, 36.855767], [11.0862106, 36.8559573]]}}, {"type": "Feature", "properties": {"highway": "residential", "surface": "unpaved"}, "geometry": {"type": "LineString", "coordinates": [[11.0838362, 36.851285], [11.0836078, 36.8515438], [11.0835754, 36.851561], [11.0835314, 36.8515534], [11.0834626, 36.8515137], [11.083247, 36.8513957], [11.0830482, 36.8512901]]}}, {"type": "Feature", "properties": {"highway": "residential", "surface": "ground"}, "geometry": {"type": "LineString", "coordinates": [[11.0845908, 36.8600608], [11.085075, 36.8603076], [11.0854957, 36.8605181], [11.0858716, 36.8607116], [11.0859735, 36.8607658], [11.0860164, 36.8607781], [11.0860426, 36.8607749], [11.0860707, 36.8607497], [11.0861666, 36.860622], [11.0862417, 36.8605442], [11.0862974, 36.8604986], [11.0863524, 36.8604691], [11.0864509, 36.860431], [11.0867024, 36.8603431]]}}, {"type": "Feature", "properties": {"highway": "residential"}, "geometry": {"type": "LineString", "coordinates": [[11.0890232, 36.848144], [11.0888878, 36.8482932], [11.0888529, 36.8483103], [11.0888059, 36.8483146], [11.0887483, 36.8483629]]}}, {"type": "Feature", "properties": {"highway": "residential"}, "geometry": {"type": "LineString", "coordinates": [[11.0867819, 36.8423446], [11.0868935, 36.842004], [11.0869331, 36.8419552], [11.0869977, 36.8419472], [11.0870604, 36.8419893], [11.087103, 36.8420279], [11.0875557, 36.8425181], [11.0875922, 36.8425294], [11.0876338, 36.8425248], [11.0876764, 36.8425039], [11.0880643, 36.8422606]]}}, {"type": "Feature", "properties": {"highway": "residential"}, "geometry": {"type": "LineString", "coordinates": [[11.0819729, 36.8533207], [11.0824321, 36.853597], [11.0825556, 36.8536566], [11.0826932, 36.8537008], [11.0827602, 36.8537233], [11.0827844, 36.8537415], [11.0828031, 36.8537791], [11.0828259, 36.8539465], [11.0828514, 36.8539937], [11.0828798, 36.8540209]]}}, {"type": "Feature", "properties": {"highway": "service", "service": "alley"}, "geometry": {"type": "LineString", "coordinates": [[11.095171, 36.8460632], [11.0951172, 36.8461553], [11.0949958, 36.84629], [11.0947618, 36.8465036], [11.0947534, 36.846517], [11.0947517, 36.8465299], [11.0947574, 36.8465412], [11.0947681, 36.8465511], [11.0947946, 36.8465696], [11.0951051, 36.8467886]]}}, {"type": "Feature", "properties": {"highway": "residential"}, "geometry": {"type": "LineString", "coordinates": [[11.0789193, 36.8419622], [11.0792334, 36.8421379], [11.0794725, 36.8422686]]}}, {"type": "Feature", "properties": {"highway": "residential"}, "geometry": {"type": "LineString", "coordinates": [[11.0770458, 36.8393637], [11.0771611, 36.8394796], [11.0772332, 36.8395428], [11.0775015, 36.8397479]]}}, {"type": "Feature", "properties": {"highway": "service", "maxspeed": "50", "name": "\u0646\u0647\u062c \u063a\u0627\u0631 \u0627\u0644\u062f\u0645\u0627\u0621", "name:ar": "\u0646\u0647\u062c \u063a\u0627\u0631 \u0627\u0644\u062f\u0645\u0627\u0621", "oneway": "no", "service": "alley", "surface": "ground"}, "geometry": {"type": "LineString", "coordinates": [[11.0831447, 36.8487358], [11.0833089, 36.8484942], [11.0838291, 36.8479261]]}}, {"type": "Feature", "properties": {"highway": "tertiary", "name": "\u0646\u0647\u062c \u0627\u0644\u0645\u0642\u0637\u0639", "name:ar": "\u0646\u0647\u062c \u0627\u0644\u0645\u0642\u0637\u0639", "oneway": "no"}, "geometry": {"type": "LineString", "coordinates": [[11.096292, 36.8509074], [11.096005, 36.8507475], [11.0957971, 36.8506466], [11.095561, 36.8505388], [11.0953478, 36.8504481]]}}, {"type": "Feature", "properties": {"highway": "residential"}, "geometry": {"type": "LineString", "coordinates": [[11.0885904, 36.8402242], [11.0890607, 36.8405355], [11.0894201, 36.8407676]]}}, {"type": "Feature", "properties": {"highway": "residential", "surface": "unpaved"}, "geometry": {"type": "LineString", "coordinates": [[11.0895301, 36.8581111], [11.0897501, 36.8582174], [11.0898694, 36.8582828], [11.0901645, 36.8584556]]}}, {"type": "Feature", "properties": {"highway": "residential"}, "geometry": {"type": "LineString", "coordinates": [[11.0768017, 36.84215], [11.0770672, 36.8418871], [11.0772822, 36.8417016], [11.0773793, 36.8416127]]}}, {"type": "Feature", "properties": {"highway": "residential"}, "geometry": {"type": "LineString", "coordinates": [[11.0759615, 36.8400914], [11.0758522, 36.8400233], [11.0758046, 36.8400013], [11.0757744, 36.8399825], [11.0757274, 36.8399632], [11.0756879, 36.839983], [11.0755533, 36.8401489], [11.0754512, 36.840261], [11.0753262, 36.8403614], [11.0750971, 36.8405518], [11.0749067, 36.8406975]]}}, {"type": "Feature", "properties": {"highway": "residential"}, "geometry": {"type": "LineString", "coordinates": [[11.0826346, 36.8409684], [11.0830821, 36.8412194], [11.0836037, 36.8415082]]}}, {"type": "Feature", "properties": {"highway": "residential"}, "geometry": {"type": "LineString", "coordinates": [[11.0838838, 36.8537615], [11.0842463, 36.8539538], [11.084513, 36.8540855], [11.0847447, 36.8542008]]}}, {"type": "Feature", "properties": {"highway": "residential"}, "geometry": {"type": "LineString", "coordinates": [[11.0846052, 36.8555476], [11.0849536, 36.8557681], [11.0852911, 36.8559913], [11.0855806, 36.8561764], [11.0858522, 36.8563549]]}}, {"type": "Feature", "properties": {"highway": "tertiary", "lanes": "2", "oneway": "no", "surface": "unpaved"}, "geometry": {"type": "LineString", "coordinates": [[11.0847251, 36.8461123], [11.0844511, 36.8461285], [11.0842991, 36.8461495]]}}, {"type": "Feature", "properties": {"highway": "residential"}, "geometry": {"type": "LineString", "coordinates": [[11.0866799, 36.8596111], [11.086523, 36.8597999], [11.086133, 36.8601323]]}}, {"type": "Feature", "properties": {"highway": "residential"}, "geometry": {"type": "LineString", "coordinates": [[11.0833089, 36.8484942], [11.0837231, 36.8487179], [11.0840019, 36.8488763]]}}, {"type": "Feature", "properties": {"highway": "residential"}, "geometry": {"type": "LineString", "coordinates": [[11.0866496, 36.855545], [11.0864375, 36.8557665], [11.0863316, 36.8558593], [11.0862106, 36.8559573], [11.0858522, 36.8563549]]}}, {"type": "Feature", "properties": {"highway": "residential"}, "geometry": {"type": "LineString", "coordinates": [[11.0901142, 36.8604654], [11.0903616, 36.8605458], [11.0906178, 36.8606338], [11.0912172, 36.8608699], [11.0918343, 36.8611486]]}}, {"type": "Feature", "properties": {"highway": "service", "maxspeed": "50", "name": "\u0646\u0647\u062c \u0627\u0644\u062f\u0647\u0645\u0627\u0646\u064a", "name:ar": "\u0646\u0647\u062c \u0627\u0644\u062f\u0647\u0645\u0627\u0646\u064a", "oneway": "no", "service": "alley", "surface": "earth"}, "geometry": {"type": "LineString", "coordinates": [[11.0837231, 36.8487179], [11.0840222, 36.8484838], [11.0843548, 36.8482523]]}}, {"type": "Feature", "properties": {"highway": "residential", "surface": "unpaved"}, "geometry": {"type": "LineString", "coordinates": [[11.0887519, 36.8558236], [11.0890315, 36.8554286], [11.0890594, 36.855393], [11.0890842, 36.8553571], [11.0891425, 36.8552798], [11.0892581, 36.8551316]]}}, {"type": "Feature", "properties": {"highway": "residential"}, "geometry": {"type": "LineString", "coordinates": [[11.091181, 36.8596799], [11.0910717, 36.859931], [11.09106, 36.8599522], [11.0910415, 36.8599739], [11.0910244, 36.8599804], [11.091004, 36.8599844], [11.0909654, 36.8599804], [11.0907908, 36.8599374], [11.0903455, 36.8598076]]}}, {"type": "Feature", "properties": {"highway": "residential"}, "geometry": {"type": "LineString", "coordinates": [[11.0747659, 36.8412838], [11.0747297, 36.8412764], [11.0745607, 36.841169], [11.074546, 36.8411309], [11.0745621, 36.8410993], [11.0749472, 36.8407279]]}}, {"type": "Feature", "properties": {"highway": "service"}, "geometry": {"type": "LineString", "coordinates": [[11.088145, 36.8463693], [11.0882888, 36.8462416], [11.0883483, 36.8462684]]}}, {"type": "Feature", "properties": {"highway": "residential"}, "geometry": {"type": "LineString", "coordinates": [[11.0845375, 36.8508123], [11.0848792, 36.8503934], [11.085204, 36.8499811], [11.0853465, 36.8498337], [11.0853868, 36.8497962], [11.0854632, 36.8498219], [11.0856537, 36.8499035], [11.0858635, 36.8499904]]}}, {"type": "Feature", "properties": {"access": "destination", "bicycle": "yes", "foot": "yes", "highway": "residential", "maxspeed": "50", "motor_vehicle": "destination", "name": "\u0646\u0647\u062c \u062e\u064a\u0631 \u0627\u0644\u062f\u064a\u0646", "name:ar": "\u0646\u0647\u062c \u062e\u064a\u0631 \u0627\u0644\u062f\u064a\u0646", "name:fr": "Rue Khaireddine", "surface": "asphalt"}, "geometry": {"type": "LineString", "coordinates": [[11.0883459, 36.8481472], [11.0890178, 36.8475054], [11.0896267, 36.8469742], [11.0898792, 36.8466948]]}}, {"type": "Feature", "properties": {"highway": "residential"}, "geometry": {"type": "LineString", "coordinates": [[11.0840661, 36.8558743], [11.0844688, 36.856141], [11.0849188, 36.8564072], [11.0850245, 36.8564786], [11.085271, 36.8566404], [11.085361, 36.8566992], [11.085771, 36.8569318], [11.0859936, 36.8570638], [11.0863155, 36.8572591], [11.0865918, 36.8574212], [11.086687, 36.8574857]]}}, {"type": "Feature", "properties": {"highway": "residential", "surface": "ground"}, "geometry": {"type": "LineString", "coordinates": [[11.0862358, 36.8581742], [11.0867026, 36.8584431], [11.0875643, 36.8589023], [11.0877468, 36.8590128], [11.0881501, 36.8592571], [11.0887684, 36.8596037]]}}, {"type": "Feature", "properties": {"highway": "residential"}, "geometry": {"type": "LineString", "coordinates": [[11.0879651, 36.8442321], [11.0876392, 36.843878], [11.0873408, 36.8435581], [11.0871409, 36.8432861]]}}, {"type": "Feature", "properties": {"highway": "tertiary", "lanes": "2", "oneway": "yes", "surface": "unpaved"}, "geometry": {"type": "LineString", "coordinates": [[11.0847251, 36.8461123], [11.0848054, 36.8460722], [11.0848644, 36.8460271], [11.0849197, 36.8459606]]}}, {"type": "Feature", "properties": {"highway": "residential"}, "geometry": {"type": "LineString", "coordinates": [[11.0878176, 36.8430484], [11.0880202, 36.8433063], [11.0881699, 36.8434756], [11.0884452, 36.843747]]}}, {"type": "Feature", "properties": {"highway": "residential", "surface": "ground"}, "geometry": {"type": "LineString", "coordinates": [[11.0803035, 36.853412], [11.0804737, 36.8535084], [11.0809514, 36.8537787], [11.0812933, 36.8539937], [11.0813776, 36.8540223], [11.0814446, 36.8540452]]}}, {"type": "Feature", "properties": {"highway": "residential"}, "geometry": {"type": "LineString", "coordinates": [[11.0842261, 36.8497945], [11.084499, 36.8499469], [11.0845311, 36.8499523], [11.0845526, 36.8499491], [11.0845767, 36.8499373], [11.0848809, 36.8495939], [11.0852976, 36.8491153], [11.0855645, 36.8487809]]}}, {"type": "Feature", "properties": {"highway": "residential"}, "geometry": {"type": "LineString", "coordinates": [[11.0859962, 36.8552286], [11.0858179, 36.8554091], [11.08562, 36.8556198], [11.0855651, 36.8557042], [11.0854887, 36.8558008], [11.0854062, 36.8558926], [11.0852911, 36.8559913], [11.0851065, 36.8562059], [11.0849188, 36.8564072]]}}, {"type": "Feature", "properties": {"highway": "residential"}, "geometry": {"type": "LineString", "coordinates": [[11.0881951, 36.8441119], [11.0884452, 36.843747], [11.0886128, 36.8435565], [11.088652, 36.8435058], [11.0887114, 36.8434556], [11.0889776, 36.8432243]]}}, {"type": "Feature", "properties": {"highway": "residential", "surface": "ground", "tracktype": "grade2"}, "geometry": {"type": "LineString", "coordinates": [[11.0824453, 36.8429854], [11.0827897, 36.8425771], [11.0829976, 36.8423142], [11.0833651, 36.8418559], [11.0836037, 36.8415082]]}}, {"type": "Feature", "properties": {"highway": "residential"}, "geometry": {"type": "LineString", "coordinates": [[11.0874859, 36.8533079], [11.0877223, 36.8534829], [11.0877426, 36.8534964], [11.0878913, 36.8535967], [11.0880873, 36.8537029], [11.0883406, 36.8538274], [11.0885787, 36.8539543]]}}, {"type": "Feature", "properties": {"highway": "residential"}, "geometry": {"type": "LineString", "coordinates": [[11.0890996, 36.8422938], [11.0882936, 36.8416525], [11.0879705, 36.8414166], [11.0875909, 36.8411469], [11.0873482, 36.8409784]]}}, {"type": "Feature", "properties": {"highway": "residential"}, "geometry": {"type": "LineString", "coordinates": [[11.0885377, 36.8390085], [11.0888207, 36.8386951], [11.0890446, 36.8383924], [11.0887222, 36.8382313], [11.0884586, 36.838079]]}}, {"type": "Feature", "properties": {"highway": "residential"}, "geometry": {"type": "LineString", "coordinates": [[11.0825965, 36.8498695], [11.082984, 36.8500543], [11.0834772, 36.8503044], [11.0837413, 36.8504585]]}}, {"type": "Feature", "properties": {"highway": "service", "name": "\u0646\u0647\u062c \u062c\u0646\u062f\u0648\u0628\u0629", "name:ar": "\u0646\u0647\u062c \u062c\u0646\u062f\u0648\u0628\u0629", "name:fr": "Rue de Jendouba", "oneway": "no", "service": "alley", "surface": "earth"}, "geometry": {"type": "LineString", "coordinates": [[11.0835193, 36.8494271], [11.0838358, 36.8490412], [11.0840019, 36.8488763], [11.0844835, 36.8483581]]}}, {"type": "Feature", "properties": {"highway": "service", "oneway": "no"}, "geometry": {"type": "LineString", "coordinates": [[11.084346, 36.8456477], [11.0844566, 36.8455621], [11.0844821, 36.8455755]]}}, {"type": "Feature", "properties": {"highway": "residential"}, "geometry": {"type": "LineString", "coordinates": [[11.0871644, 36.8441634], [11.0876392, 36.843878], [11.087894, 36.8436611], [11.0881699, 36.8434756]]}}, {"type": "Feature", "properties": {"highway": "residential"}, "geometry": {"type": "LineString", "coordinates": [[11.0790781, 36.8432424], [11.0793666, 36.8428657], [11.0795033, 36.8427156], [11.0795296, 36.8427024], [11.0795577, 36.8427006], [11.0795878, 36.8427038], [11.0797728, 36.8427912], [11.0802286, 36.8430519]]}}, {"type": "Feature", "properties": {"highway": "residential"}, "geometry": {"type": "LineString", "coordinates": [[11.0879668, 36.8460289], [11.0882079, 36.8457155], [11.0883802, 36.8455076], [11.0885389, 36.8453339], [11.0888946, 36.8449272]]}}, {"type": "Feature", "properties": {"highway": "residential"}, "geometry": {"type": "LineString", "coordinates": [[11.087698, 36.8560177], [11.0871376, 36.8557697], [11.0866496, 36.855545], [11.0862113, 36.8553388], [11.0859962, 36.8552286], [11.0857281, 36.855114], [11.0852814, 36.8549377]]}}, {"type": "Feature", "properties": {"highway": "residential"}, "geometry": {"type": "LineString", "coordinates": [[11.0953478, 36.8504481], [11.0949083, 36.8502705], [11.0947191, 36.8501941], [11.0944694, 36.8500929], [11.0943301, 36.8500493], [11.0941207, 36.8499823], [11.0939695, 36.8499311]]}}, {"type": "Feature", "properties": {"highway": "residential", "surface": "unpaved"}, "geometry": {"type": "LineString", "coordinates": [[11.0839888, 36.8501417], [11.0837875, 36.8500274], [11.0837577, 36.8500247]]}}, {"type": "Feature", "properties": {"highway": "residential"}, "geometry": {"type": "LineString", "coordinates": [[11.0833235, 36.847572], [11.0834925, 36.8474443], [11.0836373, 36.8473466], [11.0838063, 36.847279], [11.0841831, 36.8471631], [11.0855933, 36.8467793]]}}, {"type": "Feature", "properties": {"highway": "residential"}, "geometry": {"type": "LineString", "coordinates": [[11.0829359, 36.8493577], [11.0830782, 36.8491562], [11.0832014, 36.848892], [11.0832172, 36.8488727], [11.0832527, 36.8488665], [11.0832967, 36.8488716], [11.0835893, 36.8489623], [11.0838358, 36.8490412]]}}, {"type": "Feature", "properties": {"highway": "residential", "surface": "unpaved"}, "geometry": {"type": "LineString", "coordinates": [[11.0907744, 36.8566757], [11.0905473, 36.8569469], [11.0904059, 36.8571464], [11.0902543, 36.8573353], [11.0901081, 36.8575091], [11.0899204, 36.8577194], [11.089738, 36.8578997], [11.0896874, 36.8579478], [11.0895301, 36.8581111], [11.0893337, 36.8583238], [11.089227, 36.8584448], [11.0891341, 36.858547]]}}, {"type": "Feature", "properties": {"highway": "residential"}, "geometry": {"type": "LineString", "coordinates": [[11.0775734, 36.8390431], [11.0770458, 36.8393637], [11.0767548, 36.8395601], [11.07663, 36.8396267], [11.0764932, 36.8396804], [11.0764047, 36.8397297], [11.0763149, 36.8397909], [11.0761875, 36.8398596], [11.0760829, 36.8399658], [11.0759615, 36.8400914], [11.0755894, 36.8404574], [11.0751314, 36.8408793]]}}, {"type": "Feature", "properties": {"highway": "residential"}, "geometry": {"type": "LineString", "coordinates": [[11.0875909, 36.8411469], [11.0881622, 36.8405899], [11.0884699, 36.8408298], [11.0885595, 36.840897], [11.088615, 36.8409353], [11.0889486, 36.8412376], [11.0889577, 36.8412457], [11.0890251, 36.8413068], [11.0894854, 36.8416961], [11.0896985, 36.8418817]]}}, {"type": "Feature", "properties": {"highway": "residential"}, "geometry": {"type": "LineString", "coordinates": [[11.0893115, 36.8436515], [11.0896884, 36.8433059], [11.0898587, 36.8431159], [11.09008, 36.8428906], [11.0901347, 36.8427868], [11.0903184, 36.8426077], [11.0905479, 36.842384]]}}, {"type": "Feature", "properties": {"highway": "residential"}, "geometry": {"type": "LineString", "coordinates": [[11.0829861, 36.8524243], [11.0825563, 36.8527839], [11.0819729, 36.8533207], [11.0818428, 36.8534505], [11.0817356, 36.8536235], [11.081621, 36.8537917], [11.0814446, 36.8540452]]}}, {"type": "Feature", "properties": {"highway": "residential"}, "geometry": {"type": "LineString", "coordinates": [[11.0830782, 36.8491562], [11.0832524, 36.8492397], [11.0833972, 36.8493277], [11.0835193, 36.8494271], [11.0835925, 36.8494629], [11.0837158, 36.8495381], [11.0842261, 36.8497945]]}}, {"type": "Feature", "properties": {"highway": "residential"}, "geometry": {"type": "LineString", "coordinates": [[11.0842404, 36.8514619], [11.0839274, 36.8517583], [11.0836595, 36.8520549], [11.0835595, 36.8522038], [11.0834951, 36.852266], [11.0834376, 36.8523144], [11.0832684, 36.8524072], [11.0831435, 36.8524909]]}}, {"type": "Feature", "properties": {"highway": "residential"}, "geometry": {"type": "LineString", "coordinates": [[11.0854413, 36.8589411], [11.0860004, 36.8592391], [11.0863691, 36.8594395], [11.0866799, 36.8596111], [11.086799, 36.8596627], [11.0869046, 36.8597232], [11.0870732, 36.8598264], [11.0872316, 36.859916], [11.087333, 36.8599711], [11.0879905, 36.8603216]]}}, {"type": "Feature", "properties": {"highway": "residential"}, "geometry": {"type": "LineString", "coordinates": [[11.0870517, 36.8433016], [11.0868184, 36.8430795], [11.0865998, 36.8428529], [11.0865489, 36.8427993], [11.0865596, 36.8427499], [11.0866066, 36.8426663], [11.0867138, 36.8423952], [11.0867819, 36.8423446], [11.0868677, 36.8424422], [11.0872169, 36.8428482]]}}, {"type": "Feature", "properties": {"highway": "residential"}, "geometry": {"type": "LineString", "coordinates": [[11.0819797, 36.8426877], [11.0822372, 36.8423196], [11.0824035, 36.8420856], [11.0825013, 36.8419715], [11.0827776, 36.8416348], [11.0830821, 36.8412194], [11.0833959, 36.8409179], [11.0836481, 36.8405701], [11.0841172, 36.8399965], [11.0847343, 36.8392865]]}}, {"type": "Feature", "properties": {"highway": "residential"}, "geometry": {"type": "LineString", "coordinates": [[11.0829507, 36.8547315], [11.0829802, 36.8547063], [11.083392, 36.8542524], [11.0836561, 36.8540163], [11.0836842, 36.8539776], [11.0836891, 36.8539418], [11.0838838, 36.8537615], [11.0841925, 36.8535226], [11.0844938, 36.8533061], [11.0845144, 36.8532887], [11.0846613, 36.8531154], [11.0849478, 36.8527181], [11.0849844, 36.8526733], [11.0850327, 36.8526142], [11.0851085, 36.8524999], [11.0852656, 36.8522669], [11.0854931, 36.8519582]]}}, {"type": "Feature", "properties": {"highway": "tertiary", "lanes": "2", "lit": "yes", "oneway": "no", "surface": "asphalt"}, "geometry": {"type": "LineString", "coordinates": [[11.096292, 36.8509074], [11.0964419, 36.8506642], [11.0964871, 36.8505908], [11.0965287, 36.8505254], [11.0965615, 36.8504749], [11.0966299, 36.8503848], [11.0967909, 36.8501734], [11.0969002, 36.8500419], [11.0969444, 36.8499915], [11.09699, 36.8499523], [11.0970477, 36.8499121], [11.0971141, 36.8498691], [11.0971717, 36.8498364], [11.0972281, 36.849801], [11.0972542, 36.8497597], [11.0973011, 36.849684], [11.097391, 36.8495305], [11.0977525, 36.8488802]]}}, {"type": "Feature", "properties": {"highway": "residential", "surface": "ground", "tracktype": "grade2"}, "geometry": {"type": "LineString", "coordinates": [[11.0775734, 36.8390431], [11.0775983, 36.8390884], [11.0776184, 36.8391587], [11.0776439, 36.839207], [11.0776828, 36.8392596], [11.0777311, 36.8393026], [11.0777767, 36.8393363], [11.0779752, 36.8395258], [11.078124, 36.83969], [11.0782877, 36.8398658], [11.078411, 36.8399916], [11.0785551, 36.8401377], [11.0789132, 36.8404959], [11.0789649, 36.8405447], [11.0790145, 36.8405916], [11.0791173, 36.8407132], [11.0792926, 36.8408574], [11.0794675, 36.8409794], [11.0795216, 36.8410267]]}}, {"type": "Feature", "properties": {"highway": "residential"}, "geometry": {"type": "LineString", "coordinates": [[11.1080641, 36.850241], [11.1078845, 36.850505], [11.1076672, 36.8508108], [11.1074607, 36.8511027], [11.1073279, 36.8513066], [11.1070838, 36.8516736], [11.1069752, 36.8518668], [11.1068495, 36.8520896], [11.1067737, 36.8522338], [11.1066775, 36.852384], [11.1065367, 36.8526298], [11.1063046, 36.8529635]]}}, {"type": "Feature", "properties": {"highway": "residential"}, "geometry": {"type": "LineString", "coordinates": [[11.110556, 36.8508055], [11.1106606, 36.8508881], [11.1108644, 36.8510212], [11.1110696, 36.8511328], [11.1112506, 36.8512079], [11.111374, 36.8512251], [11.1115336, 36.8511768], [11.1116932, 36.8511188], [11.1118649, 36.851092], [11.1120553, 36.8510909], [11.1122873, 36.8511124], [11.1124322, 36.8511757], [11.112514, 36.851297], [11.1125555, 36.851429], [11.1126454, 36.8515631], [11.1129028, 36.851959], [11.1130426, 36.8521071], [11.1132435, 36.8523154], [11.1134501, 36.8525483]]}}, {"type": "Feature", "properties": {"highway": "residential"}, "geometry": {"type": "LineString", "coordinates": [[11.1037333, 36.8500456], [11.1038125, 36.8495274]]}}, {"type": "Feature", "properties": {"highway": "residential"}, "geometry": {"type": "LineString", "coordinates": [[11.1019077, 36.8506104], [11.1021346, 36.8502584]]}}, {"type": "Feature", "properties": {"highway": "residential"}, "geometry": {"type": "LineString", "coordinates": [[11.1101134, 36.8506692], [11.1106981, 36.849948], [11.1122523, 36.8480567]]}}, {"type": "Feature", "properties": {"highway": "residential"}, "geometry": {"type": "LineString", "coordinates": [[11.1078845, 36.850505], [11.1081326, 36.8506155], [11.1084249, 36.8507411]]}}, {"type": "Feature", "properties": {"highway": "path"}, "geometry": {"type": "LineString", "coordinates": [[11.0989581, 36.8502281], [11.0992028, 36.8499566]]}}, {"type": "Feature", "properties": {"highway": "residential"}, "geometry": {"type": "LineString", "coordinates": [[11.1043505, 36.8499355], [11.1046999, 36.8495118]]}}, {"type": "Feature", "properties": {"highway": "residential"}, "geometry": {"type": "LineString", "coordinates": [[11.0986825, 36.8510673], [11.0981827, 36.8508318]]}}, {"type": "Feature", "properties": {"highway": "residential"}, "geometry": {"type": "LineString", "coordinates": [[11.1087152, 36.8513323], [11.1094013, 36.8516296]]}}, {"type": "Feature", "properties": {"highway": "residential"}, "geometry": {"type": "LineString", "coordinates": [[11.1028518, 36.8514924], [11.103322, 36.851712]]}}, {"type": "Feature", "properties": {"highway": "residential"}, "geometry": {"type": "LineString", "coordinates": [[11.1050637, 36.8510768], [11.1059908, 36.8515041]]}}, {"type": "Feature", "properties": {"highway": "residential"}, "geometry": {"type": "LineString", "coordinates": [[11.1036184, 36.8504846], [11.1043708, 36.850735]]}}, {"type": "Feature", "properties": {"highway": "residential"}, "geometry": {"type": "LineString", "coordinates": [[11.1062792, 36.8503778], [11.1062093, 36.8505241]]}}, {"type": "Feature", "properties": {"highway": "residential"}, "geometry": {"type": "LineString", "coordinates": [[11.1083015, 36.8502711], [11.108847, 36.849665], [11.1091021, 36.8493816]]}}, {"type": "Feature", "properties": {"highway": "residential"}, "geometry": {"type": "LineString", "coordinates": [[11.1014337, 36.8506369], [11.1017284, 36.8501083]]}}, {"type": "Feature", "properties": {"highway": "residential"}, "geometry": {"type": "LineString", "coordinates": [[11.1054802, 36.8468215], [11.1060257, 36.8471631]]}}, {"type": "Feature", "properties": {"highway": "residential"}, "geometry": {"type": "LineString", "coordinates": [[11.1066372, 36.8531417], [11.1074673, 36.8524692]]}}, {"type": "Feature", "properties": {"highway": "residential"}, "geometry": {"type": "LineString", "coordinates": [[11.1004353, 36.8502576], [11.1007393, 36.8497864]]}}, {"type": "Feature", "properties": {"highway": "residential"}, "geometry": {"type": "LineString", "coordinates": [[11.1053364, 36.8506413], [11.1064582, 36.8509722], [11.1064849, 36.8509801]]}}, {"type": "Feature", "properties": {"highway": "residential"}, "geometry": {"type": "LineString", "coordinates": [[11.1073105, 36.8535709], [11.1080642, 36.8527883]]}}, {"type": "Feature", "properties": {"highway": "residential"}, "geometry": {"type": "LineString", "coordinates": [[11.1082184, 36.8522714], [11.1083592, 36.8520396]]}}, {"type": "Feature", "properties": {"highway": "residential"}, "geometry": {"type": "LineString", "coordinates": [[11.1071133, 36.8499963], [11.1068639, 36.8503805], [11.1066004, 36.8507612], [11.1064582, 36.8509722]]}}, {"type": "Feature", "properties": {"highway": "residential"}, "geometry": {"type": "LineString", "coordinates": [[11.1074728, 36.8501057], [11.1078937, 36.8496451], [11.1081863, 36.8493432], [11.1084504, 36.8490755], [11.1086395, 36.8488652], [11.1086891, 36.8488104], [11.1087186, 36.84876], [11.1087347, 36.8487128], [11.1087466, 36.8486766], [11.1087498, 36.8486669], [11.1087642, 36.8486417], [11.1087991, 36.8486017], [11.109067, 36.848335], [11.1092638, 36.8481306], [11.1093047, 36.8480764], [11.1093429, 36.8480259], [11.109363, 36.8480082], [11.1094187, 36.8479712], [11.1094891, 36.8479197], [11.1095535, 36.8478623], [11.1097391, 36.8476648]]}}, {"type": "Feature", "properties": {"highway": "residential"}, "geometry": {"type": "LineString", "coordinates": [[11.1050467, 36.8504502], [11.1048804, 36.8500779], [11.104871, 36.8500103], [11.1048791, 36.8499469], [11.1050091, 36.8495703]]}}, {"type": "Feature", "properties": {"highway": "residential"}, "geometry": {"type": "LineString", "coordinates": [[11.097391, 36.8495305], [11.0977759, 36.8496293], [11.0978961, 36.8496648], [11.0979087, 36.8496692], [11.0979241, 36.8496754], [11.0979321, 36.8496802], [11.0979392, 36.849688], [11.0979422, 36.8496958], [11.0979442, 36.8497075], [11.0978959, 36.8498181]]}}, {"type": "Feature", "properties": {"highway": "residential"}, "geometry": {"type": "LineString", "coordinates": [[11.1075693, 36.8501336], [11.1072917, 36.8505211], [11.1067982, 36.8511843], [11.1062912, 36.8518625]]}}, {"type": "Feature", "properties": {"highway": "residential"}, "geometry": {"type": "LineString", "coordinates": [[11.1039695, 36.8515263], [11.1045988, 36.8518174], [11.1054101, 36.8521909]]}}, {"type": "Feature", "properties": {"highway": "residential"}, "geometry": {"type": "LineString", "coordinates": [[11.1058373, 36.8516769], [11.1062912, 36.8518625], [11.1068495, 36.8520896]]}}, {"type": "Feature", "properties": {"highway": "residential"}, "geometry": {"type": "LineString", "coordinates": [[11.1023111, 36.8516393], [11.1026716, 36.8517593], [11.1032006, 36.8519354]]}}, {"type": "Feature", "properties": {"highway": "residential"}, "geometry": {"type": "LineString", "coordinates": [[11.1023336, 36.8522703], [11.1026716, 36.8517593], [11.1028518, 36.8514924], [11.1034354, 36.8507975]]}}, {"type": "Feature", "properties": {"highway": "residential"}, "geometry": {"type": "LineString", "coordinates": [[11.107969, 36.8515631], [11.108015, 36.8514782], [11.1082311, 36.8510794], [11.1082418, 36.8510596], [11.1082533, 36.8510383], [11.1084249, 36.8507411], [11.1087004, 36.850348]]}}, {"type": "Feature", "properties": {"highway": "residential"}, "geometry": {"type": "LineString", "coordinates": [[11.108673, 36.8503107], [11.1087004, 36.850348], [11.108732, 36.8503912], [11.1089037, 36.8505973], [11.1090351, 36.8507636], [11.1093677, 36.8511918], [11.1095474, 36.8514418]]}}, {"type": "Feature", "properties": {"highway": "residential"}, "geometry": {"type": "LineString", "coordinates": [[11.1074165, 36.8524166], [11.1076751, 36.8520811], [11.1077799, 36.8519312], [11.1080266, 36.8515867]]}}, {"type": "Feature", "properties": {"highway": "residential"}, "geometry": {"type": "LineString", "coordinates": [[11.1035955, 36.8521799], [11.1037356, 36.8518882], [11.1039695, 36.8515263], [11.1042657, 36.8510924]]}}, {"type": "Feature", "properties": {"highway": "residential"}, "geometry": {"type": "LineString", "coordinates": [[11.1000873, 36.8501304], [11.0998191, 36.8503859], [11.0997373, 36.8504642], [11.099668, 36.8505422]]}}, {"type": "Feature", "properties": {"highway": "residential"}, "geometry": {"type": "LineString", "coordinates": [[11.1069752, 36.8518668], [11.1076751, 36.8520811], [11.1082184, 36.8522714], [11.1083807, 36.8523304], [11.1086181, 36.8524087], [11.1087052, 36.8524313], [11.1087897, 36.852428]]}}, {"type": "Feature", "properties": {"highway": "residential"}, "geometry": {"type": "LineString", "coordinates": [[11.1042889, 36.8503773], [11.1044434, 36.8501523], [11.1045537, 36.8499981], [11.1045552, 36.8499952], [11.104556, 36.8499916], [11.104556, 36.8499877], [11.1045552, 36.8499825], [11.1045448, 36.8499267], [11.1045439, 36.849917], [11.104547, 36.8499053], [11.1045537, 36.8498954], [11.1045959, 36.8498452], [11.1046749, 36.8497484], [11.1048348, 36.8495346]]}}, {"type": "Feature", "properties": {"highway": "residential"}, "geometry": {"type": "LineString", "coordinates": [[11.0984511, 36.8513468], [11.0986825, 36.8510673], [11.0988501, 36.8508387], [11.0988893, 36.8507801], [11.0989101, 36.8507361], [11.098914, 36.8507075], [11.0989123, 36.8506765], [11.0989044, 36.8506563], [11.0988925, 36.8506469], [11.0988768, 36.850639], [11.0987643, 36.850593], [11.0985343, 36.8505082], [11.0984069, 36.8504696]]}}, {"type": "Feature", "properties": {"highway": "residential"}, "geometry": {"type": "LineString", "coordinates": [[11.1070838, 36.8516736], [11.1074835, 36.8518174], [11.1077799, 36.8519312], [11.1080695, 36.8519827], [11.1083592, 36.8520396], [11.1085188, 36.8520589], [11.1086409, 36.8520793], [11.1087294, 36.852104], [11.109011, 36.8521866]]}}, {"type": "Feature", "properties": {"highway": "path"}, "geometry": {"type": "LineString", "coordinates": [[11.1027479, 36.8497298], [11.1028164, 36.8497886], [11.1029076, 36.849867], [11.1030109, 36.8499453], [11.1030401, 36.8499684], [11.1030478, 36.8499778], [11.1030507, 36.8499833], [11.1030515, 36.8499886], [11.1030505, 36.8499944], [11.1030449, 36.8500043], [11.1030087, 36.8500671], [11.103008, 36.8500739], [11.1030106, 36.8500798], [11.1030163, 36.8500849], [11.1031108, 36.8501267], [11.103195, 36.8501605], [11.1033103, 36.8501967], [11.103317, 36.850204], [11.103322, 36.8502139], [11.1033214, 36.8502238], [11.103315, 36.8502396], [11.1032751, 36.8503048]]}}, {"type": "Feature", "properties": {"highway": "residential"}, "geometry": {"type": "LineString", "coordinates": [[11.1073279, 36.8513066], [11.1076109, 36.8514225], [11.107969, 36.8515631], [11.1080266, 36.8515867], [11.1084759, 36.8517445], [11.1085792, 36.8517767]]}}, {"type": "Feature", "properties": {"highway": "residential"}, "geometry": {"type": "LineString", "coordinates": [[11.1044767, 36.851166], [11.1048845, 36.850755], [11.1051285, 36.8504825], [11.1051969, 36.8502731], [11.1052331, 36.8501154], [11.1052948, 36.8498675], [11.1053498, 36.8496411]]}}, {"type": "Feature", "properties": {"highway": "residential"}, "geometry": {"type": "LineString", "coordinates": [[11.1067737, 36.8522338], [11.1074165, 36.8524166], [11.1074673, 36.8524692], [11.1080642, 36.8527883], [11.1082734, 36.8529147], [11.1082861, 36.8529378]]}}, {"type": "Feature", "properties": {"highway": "residential"}, "geometry": {"type": "LineString", "coordinates": [[11.1006291, 36.8503494], [11.1005245, 36.8505072], [11.1003328, 36.8507647], [11.100208, 36.8509471], [11.1001477, 36.8510335], [11.0998298, 36.8514692], [11.0996635, 36.8516951]]}}, {"type": "Feature", "properties": {"highway": "residential"}, "geometry": {"type": "LineString", "coordinates": [[11.1095474, 36.8514418], [11.1094013, 36.8516296], [11.109011, 36.8521866], [11.108842, 36.8523873], [11.1087897, 36.852428]]}}, {"type": "Feature", "properties": {"highway": "residential"}, "geometry": {"type": "LineString", "coordinates": [[11.1076672, 36.8508108], [11.1079609, 36.8509235], [11.1082533, 36.8510383], [11.1086774, 36.8511991], [11.1087361, 36.8512245], [11.1087575, 36.8512454], [11.1087515, 36.8512744], [11.1087152, 36.8513323], [11.1084759, 36.8517445]]}}, {"type": "Feature", "properties": {"highway": "residential"}, "geometry": {"type": "LineString", "coordinates": [[11.1003328, 36.8507647], [11.1008607, 36.8510364], [11.1012718, 36.8511659], [11.1018901, 36.8514362], [11.1023371, 36.8516029]]}}, {"type": "Feature", "properties": {"highway": "residential"}, "geometry": {"type": "LineString", "coordinates": [[11.1062215, 36.8497902], [11.1059472, 36.8502565], [11.1059446, 36.8502748], [11.1059526, 36.8502914], [11.1059667, 36.8503043], [11.1062792, 36.8503778], [11.1064374, 36.8504019], [11.106467, 36.8503955], [11.106487, 36.8503848], [11.1065038, 36.8503655], [11.1067901, 36.849889]]}}, {"type": "Feature", "properties": {"highway": "residential"}, "geometry": {"type": "LineString", "coordinates": [[11.1054812, 36.8520997], [11.1058004, 36.852207], [11.1062503, 36.8523406], [11.1062751, 36.8523411], [11.1062953, 36.8523234], [11.1063315, 36.8522639], [11.1063502, 36.8522499], [11.1063744, 36.8522531], [11.1066775, 36.852384]]}}, {"type": "Feature", "properties": {"highway": "residential"}, "geometry": {"type": "LineString", "coordinates": [[11.1050611, 36.8526543], [11.1054101, 36.8521909], [11.1054812, 36.8520997], [11.1058373, 36.8516769], [11.1059908, 36.8515041], [11.1064849, 36.8509801], [11.1066858, 36.8508053], [11.1073852, 36.8500774]]}}, {"type": "Feature", "properties": {"highway": "service", "maxspeed": "50", "name": "\u0646\u0647\u062c \u0627\u0644\u0628\u064a\u0631\u0648\u0646\u064a", "name:ar": "\u0646\u0647\u062c \u0627\u0644\u0628\u064a\u0631\u0648\u0646\u064a", "name:fr": "Rue El Bayrouni", "oneway": "no", "service": "alley", "surface": "asphalt"}, "geometry": {"type": "LineString", "coordinates": [[11.0924004, 36.8536624], [11.0931417, 36.8539079], [11.0937117, 36.8541643], [11.093823, 36.8541418]]}}, {"type": "Feature", "properties": {"highway": "residential"}, "geometry": {"type": "LineString", "coordinates": [[11.0951091, 36.8519312], [11.0946129, 36.8526239]]}}, {"type": "Feature", "properties": {"highway": "residential"}, "geometry": {"type": "LineString", "coordinates": [[11.0955711, 36.8574603], [11.0959768, 36.8577221]]}}, {"type": "Feature", "properties": {"highway": "residential"}, "geometry": {"type": "LineString", "coordinates": [[11.0928306, 36.8542577], [11.0931417, 36.8539079]]}}, {"type": "Feature", "properties": {"highway": "residential"}, "geometry": {"type": "LineString", "coordinates": [[11.0971583, 36.852912], [11.0977492, 36.8532443], [11.0977793, 36.8532592], [11.0978031, 36.8532678], [11.0978154, 36.8532695], [11.0978289, 36.8532704], [11.0978409, 36.8532682], [11.0978544, 36.8532631], [11.0980622, 36.8530923]]}}, {"type": "Feature", "properties": {"highway": "residential"}, "geometry": {"type": "LineString", "coordinates": [[11.0942139, 36.8555382], [11.0946867, 36.8558963]]}}, {"type": "Feature", "properties": {"highway": "residential"}, "geometry": {"type": "LineString", "coordinates": [[11.0924108, 36.8556034], [11.0928983, 36.8551103]]}}, {"type": "Feature", "properties": {"highway": "residential"}, "geometry": {"type": "LineString", "coordinates": [[11.101702, 36.8526566], [11.1024088, 36.8529505]]}}, {"type": "Feature", "properties": {"highway": "residential"}, "geometry": {"type": "LineString", "coordinates": [[11.0987127, 36.8542497], [11.0984086, 36.8544775], [11.09825, 36.8546226], [11.0981497, 36.854721], [11.0980991, 36.8547586], [11.0980736, 36.8547689], [11.0980475, 36.8547771], [11.0980113, 36.85478], [11.0979626, 36.8547747], [11.0978584, 36.8547492], [11.0976767, 36.8546816], [11.0975271, 36.8546164]]}}, {"type": "Feature", "properties": {"highway": "residential"}, "geometry": {"type": "LineString", "coordinates": [[11.0944922, 36.8525772], [11.094063, 36.853161]]}}, {"type": "Feature", "properties": {"highway": "residential"}, "geometry": {"type": "LineString", "coordinates": [[11.0937117, 36.8541643], [11.0933429, 36.854614]]}}, {"type": "Feature", "properties": {"highway": "residential"}, "geometry": {"type": "LineString", "coordinates": [[11.0956295, 36.8551183], [11.0952955, 36.8553528], [11.0952751, 36.8553724], [11.095265, 36.8553877], [11.095257, 36.855403], [11.0952494, 36.8554333], [11.0952499, 36.8554521], [11.0952583, 36.8554665], [11.0952754, 36.8554851], [11.0955008, 36.8556525]]}}, {"type": "Feature", "properties": {"highway": "residential"}, "geometry": {"type": "LineString", "coordinates": [[11.0951416, 36.8529561], [11.0953438, 36.8530537]]}}, {"type": "Feature", "properties": {"highway": "residential", "name": "\u0646\u0647\u062c \u0627\u0644\u062e\u0646\u0633\u0627\u0621", "name:ar": "\u0646\u0647\u062c \u0627\u0644\u062e\u0646\u0633\u0627\u0621", "name:fr": "Rue El Khansa", "oneway": "no"}, "geometry": {"type": "LineString", "coordinates": [[11.0962665, 36.8551226], [11.0968391, 36.8554048], [11.097739, 36.8559049]]}}, {"type": "Feature", "properties": {"highway": "residential"}, "geometry": {"type": "LineString", "coordinates": [[11.1017824, 36.8557933], [11.1020024, 36.8554735], [11.1022559, 36.8551055], [11.102508, 36.8547395], [11.1027306, 36.8544283]]}}, {"type": "Feature", "properties": {"highway": "residential", "maxspeed": "50", "oneway": "no"}, "geometry": {"type": "LineString", "coordinates": [[11.0958709, 36.8554188], [11.0965186, 36.8557665], [11.0971449, 36.8561184], [11.0973447, 36.8562333], [11.0985262, 36.8568562]]}}, {"type": "Feature", "properties": {"highway": "residential"}, "geometry": {"type": "LineString", "coordinates": [[11.099402, 36.8540324], [11.099858, 36.8541955], [11.1001423, 36.8543028], [11.1003636, 36.8543886]]}}, {"type": "Feature", "properties": {"highway": "service", "name": "\u0646\u0647\u062c \u0627\u0628\u0646 \u062d\u0632\u0645", "name:ar": "\u0646\u0647\u062c \u0627\u0628\u0646 \u062d\u0632\u0645", "name:fr": "Rue Ibn Hazm", "oneway": "no", "service": "alley"}, "geometry": {"type": "LineString", "coordinates": [[11.094177, 36.8549724], [11.0939831, 36.8548804], [11.0938377, 36.8548007]]}}, {"type": "Feature", "properties": {"highway": "residential"}, "geometry": {"type": "LineString", "coordinates": [[11.0928675, 36.8532678], [11.0931256, 36.8533992], [11.0934904, 36.8535688]]}}, {"type": "Feature", "properties": {"highway": "residential"}, "geometry": {"type": "LineString", "coordinates": [[11.1025308, 36.8561442], [11.1027534, 36.8558362], [11.1030383, 36.8554696]]}}, {"type": "Feature", "properties": {"highway": "residential"}, "geometry": {"type": "LineString", "coordinates": [[11.0953451, 36.8566314], [11.0959741, 36.8569393], [11.0964623, 36.8571947]]}}, {"type": "Feature", "properties": {"highway": "residential"}, "geometry": {"type": "LineString", "coordinates": [[11.1022228, 36.8559957], [11.1024463, 36.8556828], [11.1026957, 36.8553147], [11.1028353, 36.8551219], [11.1031906, 36.8546311]]}}, {"type": "Feature", "properties": {"highway": "service", "name": "\u0646\u0647\u062c \u0627\u0628\u0646 \u062d\u0632\u0645", "name:ar": "\u0646\u0647\u062c \u0627\u0628\u0646 \u062d\u0632\u0645", "name:fr": "Rue Ibn Hazm", "oneway": "no", "service": "alley"}, "geometry": {"type": "LineString", "coordinates": [[11.0941268, 36.8550247], [11.0947041, 36.8553888], [11.0951815, 36.8557579]]}}, {"type": "Feature", "properties": {"highway": "residential"}, "geometry": {"type": "LineString", "coordinates": [[11.0972616, 36.854966], [11.0968391, 36.8554048], [11.0965186, 36.8557665]]}}, {"type": "Feature", "properties": {"highway": "residential"}, "geometry": {"type": "LineString", "coordinates": [[11.0957763, 36.8579668], [11.0955155, 36.8578005], [11.0953291, 36.8576733], [11.0954337, 36.8575655], [11.0954679, 36.8575311], [11.095494, 36.8575086], [11.0955316, 36.8574826], [11.0955711, 36.8574603]]}}, {"type": "Feature", "properties": {"highway": "service", "name": "\u0646\u0647\u062c \u0627\u0628\u0646 \u062d\u0632\u0645", "name:ar": "\u0646\u0647\u062c \u0627\u0628\u0646 \u062d\u0632\u0645", "name:fr": "Rue Ibn Hazm", "oneway": "no", "service": "alley"}, "geometry": {"type": "LineString", "coordinates": [[11.0928447, 36.8543618], [11.0933429, 36.854614], [11.0937935, 36.8548479]]}}, {"type": "Feature", "properties": {"highway": "residential"}, "geometry": {"type": "LineString", "coordinates": [[11.0960734, 36.8533681], [11.0962534, 36.8533311], [11.0962953, 36.8533195], [11.0963164, 36.8533108], [11.0963396, 36.853297], [11.0963882, 36.8532544], [11.0964345, 36.8532042], [11.0965609, 36.853058], [11.0965922, 36.8530219], [11.0966138, 36.8530014], [11.0966219, 36.8529959], [11.0966288, 36.8529922], [11.0966356, 36.85299], [11.0966453, 36.8529892], [11.0966551, 36.8529898], [11.0966661, 36.852992], [11.0966963, 36.8530027], [11.096984, 36.8531615]]}}, {"type": "Feature", "properties": {"highway": "residential"}, "geometry": {"type": "LineString", "coordinates": [[11.0949602, 36.8528884], [11.0942951, 36.8536514], [11.0940483, 36.8539057], [11.093823, 36.8541418]]}}, {"type": "Feature", "properties": {"highway": "residential"}, "geometry": {"type": "LineString", "coordinates": [[11.0956878, 36.8522129], [11.0951416, 36.8529561]]}}, {"type": "Feature", "properties": {"highway": "residential"}, "geometry": {"type": "LineString", "coordinates": [[11.0962879, 36.854046], [11.0964837, 36.8538371], [11.0966111, 36.8536815], [11.0967198, 36.8535484], [11.0968096, 36.8534325], [11.0969048, 36.8533021], [11.0969437, 36.8532361], [11.096984, 36.8531615]]}}, {"type": "Feature", "properties": {"highway": "residential"}, "geometry": {"type": "LineString", "coordinates": [[11.0945432, 36.8516779], [11.0951091, 36.8519312], [11.0956878, 36.8522129], [11.0957817, 36.8522606]]}}, {"type": "Feature", "properties": {"highway": "residential"}, "geometry": {"type": "LineString", "coordinates": [[11.0947041, 36.8553888], [11.0952613, 36.8548919], [11.0954283, 36.8546709], [11.0955128, 36.8545711], [11.0955383, 36.8545517], [11.0955765, 36.8545458], [11.095616, 36.8545501], [11.0956643, 36.8545657], [11.0963845, 36.8550142]]}}, {"type": "Feature", "properties": {"highway": "residential"}, "geometry": {"type": "LineString", "coordinates": [[11.0989272, 36.854769], [11.0986074, 36.8549214], [11.0985403, 36.8549579], [11.0985021, 36.8549858], [11.0984565, 36.8550244], [11.0984072, 36.8550851], [11.0983941, 36.8551165], [11.0983915, 36.8551387], [11.0983955, 36.8551618]]}}, {"type": "Feature", "properties": {"highway": "service", "name": "\u0646\u0647\u062c \u0627\u0628\u0646 \u062d\u0632\u0645", "name:ar": "\u0646\u0647\u062c \u0627\u0628\u0646 \u062d\u0632\u0645", "name:fr": "Rue Ibn Hazm", "oneway": "no", "service": "alley"}, "geometry": {"type": "LineString", "coordinates": [[11.0923189, 36.8540238], [11.0928306, 36.8542577], [11.0928965, 36.8542909], [11.0928447, 36.8543618], [11.092774, 36.8544585]]}}, {"type": "Feature", "properties": {"highway": "residential"}, "geometry": {"type": "LineString", "coordinates": [[11.0954699, 36.855672], [11.095498, 36.8557193], [11.0955249, 36.8557751], [11.0955544, 36.8558384], [11.0955383, 36.855935], [11.0955155, 36.8560369], [11.095486, 36.8561313], [11.0953451, 36.8566314], [11.0951735, 36.8572098]]}}, {"type": "Feature", "properties": {"highway": "service", "name": "\u0646\u0647\u062c \u0627\u0644\u0632\u0645\u062e\u0634\u0631\u064a", "name:ar": "\u0646\u0647\u062c \u0627\u0644\u0632\u0645\u062e\u0634\u0631\u064a", "oneway": "no", "service": "alley"}, "geometry": {"type": "LineString", "coordinates": [[11.0942642, 36.8543221], [11.0938377, 36.8548007], [11.0937935, 36.8548479], [11.0932906, 36.8553598], [11.0928131, 36.8558437], [11.092506, 36.8561936]]}}, {"type": "Feature", "properties": {"highway": "residential", "maxspeed": "50", "name": "\u0646\u0647\u062c \u0627\u0628\u0646 \u0628\u0631\u062f", "name:ar": "\u0646\u0647\u062c \u0627\u0628\u0646 \u0628\u0631\u062f", "oneway": "no"}, "geometry": {"type": "LineString", "coordinates": [[11.0942133, 36.8560272], [11.0936138, 36.8556071], [11.0932906, 36.8553598], [11.0928983, 36.8551103], [11.0922968, 36.8547326], [11.092148, 36.8546462]]}}, {"type": "Feature", "properties": {"highway": "residential"}, "geometry": {"type": "LineString", "coordinates": [[11.0967345, 36.8546365], [11.0972321, 36.8549477], [11.0972616, 36.854966], [11.0974741, 36.8551119], [11.0975151, 36.85515], [11.0975727, 36.8552106], [11.0976445, 36.8553233], [11.0977035, 36.8554102], [11.0977819, 36.8555218], [11.0980046, 36.8557783]]}}, {"type": "Feature", "properties": {"highway": "residential"}, "geometry": {"type": "LineString", "coordinates": [[11.0972321, 36.8549477], [11.0974265, 36.8547352], [11.0975271, 36.8546164], [11.0976827, 36.8544326], [11.0979053, 36.8541697], [11.0982258, 36.8538145], [11.0983559, 36.8535946]]}}, {"type": "Feature", "properties": {"highway": "residential"}, "geometry": {"type": "LineString", "coordinates": [[11.0939638, 36.8523197], [11.0944922, 36.8525772], [11.0946129, 36.8526239], [11.0946538, 36.8526432], [11.0946994, 36.8526644], [11.0947162, 36.8526794], [11.0947266, 36.8527049], [11.0947309, 36.852736], [11.0947416, 36.8527634], [11.0947678, 36.8527961], [11.0949602, 36.8528884], [11.0951416, 36.8529561]]}}, {"type": "Feature", "properties": {"highway": "residential"}, "geometry": {"type": "LineString", "coordinates": [[11.0991901, 36.8553244], [11.0994415, 36.8549107], [11.099576, 36.8546759], [11.099858, 36.8541955], [11.1001678, 36.8537319]]}}, {"type": "Feature", "properties": {"highway": "residential", "maxspeed": "50", "name": "\u0646\u0647\u062c \u0627\u0628\u0646 \u062d\u0645\u062f\u064a\u0633", "name:ar": "\u0646\u0647\u062c \u0627\u0628\u0646 \u062d\u0645\u062f\u064a\u0633", "name:fr": "Ibn Hamdis", "oneway": "no", "surface": "asphalt"}, "geometry": {"type": "LineString", "coordinates": [[11.0930975, 36.8560326], [11.0934522, 36.8557579], [11.0936138, 36.8556071], [11.0938914, 36.8553276], [11.093938, 36.8552809], [11.0939653, 36.8552483], [11.09399, 36.8552098], [11.0940099, 36.8551717], [11.0940356, 36.8551248], [11.0940771, 36.8550706], [11.0941268, 36.8550247], [11.094177, 36.8549724], [11.0946243, 36.8545077]]}}, {"type": "Feature", "properties": {"highway": "residential"}, "geometry": {"type": "LineString", "coordinates": [[11.0994415, 36.8549107], [11.0998727, 36.8550733], [11.1004628, 36.8552965], [11.1011629, 36.8555336], [11.1015672, 36.8557042], [11.1017824, 36.8557933], [11.1022228, 36.8559957], [11.1025308, 36.8561442], [11.1026998, 36.8562258], [11.1029358, 36.8563416], [11.1032013, 36.8564897], [11.1033126, 36.8565455], [11.1034964, 36.8566164], [11.1036975, 36.8566711]]}}, {"type": "Feature", "properties": {"access": "permissive", "highway": "service"}, "geometry": {"type": "LineString", "coordinates": [[11.111224, 36.8346203], [11.1109176, 36.8346832], [11.1108311, 36.8347171], [11.110758, 36.8347658], [11.1107265, 36.834845], [11.1107073, 36.8349421], [11.1107093, 36.8351606], [11.1107447, 36.8354681], [11.1107234, 36.83564], [11.1105227, 36.8359356], [11.1105645, 36.8361525], [11.110562, 36.8362002], [11.1105361, 36.8362352], [11.110495, 36.8362591], [11.1104316, 36.8362697], [11.1103733, 36.8362491], [11.1103361, 36.8362167], [11.110141, 36.8355647], [11.109928, 36.8346681], [11.1098392, 36.8342858]]}}, {"type": "Feature", "properties": {"highway": "residential"}, "geometry": {"type": "LineString", "coordinates": [[11.1058341, 36.8374414], [11.1054915, 36.8380495]]}}, {"type": "Feature", "properties": {"highway": "residential"}, "geometry": {"type": "LineString", "coordinates": [[11.1008455, 36.836928], [11.1013829, 36.8370707], [11.1021665, 36.8372788]]}}, {"type": "Feature", "properties": {"highway": "residential"}, "geometry": {"type": "LineString", "coordinates": [[11.1062782, 36.8381555], [11.1064683, 36.837919], [11.1065273, 36.8378354], [11.1066501, 36.8376527]]}}, {"type": "Feature", "properties": {"highway": "residential"}, "geometry": {"type": "LineString", "coordinates": [[11.1039253, 36.8371632], [11.103768, 36.8376346]]}}, {"type": "Feature", "properties": {"highway": "residential"}, "geometry": {"type": "LineString", "coordinates": [[11.1022952, 36.8379133], [11.102665, 36.8373815], [11.102932, 36.8369883]]}}, {"type": "Feature", "properties": {"access": "permissive", "highway": "service"}, "geometry": {"type": "LineString", "coordinates": [[11.1103515, 36.835531], [11.1103843, 36.8356841], [11.1105227, 36.8359356]]}}, {"type": "Feature", "properties": {"access": "permissive", "highway": "service"}, "geometry": {"type": "LineString", "coordinates": [[11.110141, 36.8355647], [11.1103515, 36.835531], [11.1107447, 36.8354681]]}}, {"type": "Feature", "properties": {"access": "permissive", "highway": "service"}, "geometry": {"type": "LineString", "coordinates": [[11.1120034, 36.8351374], [11.1121863, 36.8349565], [11.113232, 36.8347903], [11.1133218, 36.8347427], [11.1133604, 36.8347057], [11.1133754, 36.8346762], [11.1137268, 36.8338829], [11.1132885, 36.8335655]]}}, {"type": "Feature", "properties": {"highway": "service"}, "geometry": {"type": "LineString", "coordinates": [[11.107981, 36.8382207], [11.1080591, 36.8381742], [11.1080751, 36.8381103], [11.1080574, 36.8379995], [11.1079365, 36.8378564]]}}, {"type": "Feature", "properties": {"highway": "residential"}, "geometry": {"type": "LineString", "coordinates": [[11.1078487, 36.8375271], [11.1078502, 36.8377278], [11.1078577, 36.8377661], [11.1079173, 36.8378276], [11.1079365, 36.8378564], [11.1079461, 36.8381418], [11.107981, 36.8382207], [11.1080454, 36.8383677]]}}, {"type": "Feature", "properties": {"access": "permissive", "highway": "service"}, "geometry": {"type": "LineString", "coordinates": [[11.1111289, 36.8349676], [11.1113199, 36.8348954], [11.1114282, 36.8348698], [11.1115401, 36.8348642], [11.1116643, 36.8348997], [11.1117726, 36.8349736], [11.1118611, 36.8350734]]}}, {"type": "Feature", "properties": {"access": "permissive", "highway": "service"}, "geometry": {"type": "LineString", "coordinates": [[11.1114282, 36.8348698], [11.1113057, 36.8347917], [11.1112548, 36.834745], [11.111224, 36.8346203], [11.1111036, 36.834134], [11.1116998, 36.8340395], [11.1118676, 36.8347174], [11.1115401, 36.8348642]]}}, {"type": "Feature", "properties": {"highway": "residential"}, "geometry": {"type": "LineString", "coordinates": [[11.122768, 36.8461977], [11.1230318, 36.8458285], [11.1230671, 36.8457522], [11.123087, 36.8456866], [11.1231217, 36.8454694], [11.1231516, 36.8452576], [11.1231506, 36.8451955], [11.1231406, 36.8451481], [11.1231154, 36.8450934], [11.1230778, 36.8450333], [11.1230446, 36.8449632], [11.1230088, 36.8448492], [11.1229799, 36.8447693], [11.122941, 36.8447048], [11.1228845, 36.8446391], [11.1228123, 36.8445855], [11.1227503, 36.8445574], [11.1226594, 36.8445335], [11.1225839, 36.8445189], [11.1223322, 36.8444893], [11.1220613, 36.8444777], [11.1219728, 36.8444884], [11.1219044, 36.844509], [11.1218373, 36.8445412], [11.1212754, 36.8449287]]}}, {"type": "Feature", "properties": {"highway": "residential", "maxspeed": "50", "oneway": "no", "surface": "asphalt"}, "geometry": {"type": "LineString", "coordinates": [[11.1127098, 36.8420255], [11.1120902, 36.8416327], [11.1118059, 36.8414266], [11.1116235, 36.8412871], [11.1113284, 36.8410381], [11.1111782, 36.8409522], [11.1109214, 36.8408523], [11.1107478, 36.8407556], [11.1105702, 36.840654], [11.1104154, 36.8405416], [11.1103261, 36.8404568], [11.1102327, 36.8403492], [11.1101155, 36.84019], [11.1097633, 36.8396385]]}}, {"type": "Feature", "properties": {"highway": "residential"}, "geometry": {"type": "LineString", "coordinates": [[11.1213398, 36.8449888], [11.1207805, 36.8455356], [11.1207135, 36.8455983], [11.1206773, 36.845608], [11.1206357, 36.8456016], [11.1205874, 36.8455737], [11.1204647, 36.8454932], [11.1202931, 36.8453778], [11.1202086, 36.8453295], [11.1200322, 36.8452565], [11.1196406, 36.8451358], [11.1194354, 36.8450569], [11.1192946, 36.8450027], [11.1190349, 36.8448575], [11.1188059, 36.8446906], [11.1186723, 36.8445884], [11.118533, 36.8444714], [11.1184046, 36.8443553], [11.1182901, 36.844215], [11.1182653, 36.844163], [11.1181788, 36.8439056], [11.1181362, 36.8437565], [11.1180715, 36.8436051], [11.1179772, 36.8434328], [11.1179152, 36.8433566], [11.1178824, 36.843322], [11.1178462, 36.8432877], [11.1177912, 36.8432598], [11.1177076, 36.843236], [11.1175565, 36.8432004], [11.117236, 36.8431439], [11.1170361, 36.8431117], [11.1168902, 36.843078], [11.1167304, 36.8430172], [11.1165266, 36.8429368], [11.1164142, 36.8428928], [11.1161752, 36.8428154], [11.1160142, 36.8427661], [11.1157755, 36.8426888], [11.1153383, 36.8424934], [11.1146356, 36.8421908]]}}, {"type": "Feature", "properties": {"highway": "residential"}, "geometry": {"type": "LineString", "coordinates": [[11.1121921, 36.8424462], [11.1117351, 36.8421069], [11.1115805, 36.8419976]]}}, {"type": "Feature", "properties": {"highway": "residential", "surface": "ground"}, "geometry": {"type": "LineString", "coordinates": [[11.1137424, 36.8408406], [11.1136888, 36.8407998], [11.1133803, 36.8405894], [11.1133159, 36.8405336]]}}, {"type": "Feature", "properties": {"highway": "residential"}, "geometry": {"type": "LineString", "coordinates": [[11.1105667, 36.8438071], [11.1110602, 36.8441227]]}}, {"type": "Feature", "properties": {"highway": "residential", "surface": "ground"}, "geometry": {"type": "LineString", "coordinates": [[11.1095247, 36.8409426], [11.1091464, 36.8406119], [11.1084551, 36.8399589]]}}, {"type": "Feature", "properties": {"highway": "residential", "surface": "ground"}, "geometry": {"type": "LineString", "coordinates": [[11.1105866, 36.8410937], [11.11091, 36.8408662], [11.1109214, 36.8408523]]}}, {"type": "Feature", "properties": {"highway": "path"}, "geometry": {"type": "LineString", "coordinates": [[11.1189641, 36.8412568], [11.1188761, 36.8412592], [11.1188279, 36.8412592], [11.1187045, 36.8412849], [11.118565, 36.8413107], [11.118363, 36.8413458]]}}, {"type": "Feature", "properties": {"highway": "residential", "lit": "no", "oneway": "no", "surface": "unpaved"}, "geometry": {"type": "LineString", "coordinates": [[11.1203433, 36.8428734], [11.1208657, 36.8433209]]}}, {"type": "Feature", "properties": {"highway": "residential", "surface": "unpaved"}, "geometry": {"type": "LineString", "coordinates": [[11.1178462, 36.8432877], [11.1179609, 36.8431904], [11.1184498, 36.8427424], [11.1189809, 36.8423069]]}}, {"type": "Feature", "properties": {"highway": "residential"}, "geometry": {"type": "LineString", "coordinates": [[11.1208669, 36.8435276], [11.120987, 36.8436032], [11.1210897, 36.8436588]]}}, {"type": "Feature", "properties": {"highway": "residential", "lit": "no", "oneway": "no", "surface": "unpaved"}, "geometry": {"type": "LineString", "coordinates": [[11.1190571, 36.8407506], [11.1190006, 36.8409306], [11.1189794, 36.8410037], [11.1189674, 36.8411026], [11.1189641, 36.8412568], [11.1189687, 36.8412839], [11.1189788, 36.8413155], [11.1190006, 36.8413514], [11.1190224, 36.8413768], [11.1192825, 36.8417046], [11.1195279, 36.8420133]]}}, {"type": "Feature", "properties": {"highway": "residential", "surface": "ground"}, "geometry": {"type": "LineString", "coordinates": [[11.1193918, 36.8427775], [11.1198662, 36.8424415]]}}, {"type": "Feature", "properties": {"highway": "residential", "lit": "no", "oneway": "no", "surface": "unpaved"}, "geometry": {"type": "LineString", "coordinates": [[11.1215463, 36.8426255], [11.1213159, 36.8428547], [11.1208657, 36.8433209], [11.1207442, 36.8434436], [11.1203272, 36.8438763]]}}, {"type": "Feature", "properties": {"highway": "residential", "lit": "no", "oneway": "no", "surface": "unpaved"}, "geometry": {"type": "LineString", "coordinates": [[11.1208669, 36.8435276], [11.1207442, 36.8434436]]}}, {"type": "Feature", "properties": {"highway": "residential", "surface": "ground"}, "geometry": {"type": "LineString", "coordinates": [[11.1203433, 36.8428734], [11.1198662, 36.8424415], [11.1197388, 36.8422859], [11.1195279, 36.8420133]]}}, {"type": "Feature", "properties": {"highway": "service", "service": "driveway"}, "geometry": {"type": "LineString", "coordinates": [[11.1202789, 36.842105], [11.1207658, 36.8419467]]}}, {"type": "Feature", "properties": {"highway": "residential", "lit": "no", "oneway": "no", "surface": "unpaved"}, "geometry": {"type": "LineString", "coordinates": [[11.1195279, 36.8420133], [11.1206958, 36.8416157], [11.1213699, 36.8413954]]}}, {"type": "Feature", "properties": {"highway": "service"}, "geometry": {"type": "LineString", "coordinates": [[11.1158613, 36.8344736], [11.1159203, 36.8343276], [11.115923, 36.8342589], [11.1158882, 36.8341752], [11.1158345, 36.8341151], [11.1157562, 36.8340596], [11.1156548, 36.8340163], [11.1155082, 36.8339767]]}}, {"type": "Feature", "properties": {"highway": "footway"}, "geometry": {"type": "LineString", "coordinates": [[11.1143124, 36.8356935], [11.1143754, 36.8357208], [11.1144264, 36.835753], [11.1146087, 36.8358153], [11.1146785, 36.8358561], [11.1147563, 36.8359226], [11.1149923, 36.8361137], [11.115054, 36.8361394], [11.1151291, 36.8361437], [11.1153115, 36.836133], [11.1154268, 36.8361437], [11.115459, 36.8361652]]}}, {"type": "Feature", "properties": {"highway": "footway"}, "geometry": {"type": "LineString", "coordinates": [[11.1149172, 36.8364228], [11.1153598, 36.8362038], [11.115459, 36.8361652], [11.115569, 36.8361545], [11.1158613, 36.8361223], [11.1159659, 36.8360965], [11.1162054, 36.8360278]]}}, {"type": "Feature", "properties": {"access": "destination", "highway": "service", "service": "driveway"}, "geometry": {"type": "LineString", "coordinates": [[11.126473, 36.854688], [11.1264027, 36.8546941], [11.1262973, 36.8547403], [11.1254737, 36.8554655], [11.1253959, 36.855562], [11.1251549, 36.8560019], [11.1249816, 36.8563093], [11.1249675, 36.8564168], [11.124997, 36.8565015], [11.1250667, 36.8565606], [11.1255951, 36.8569758]]}}, {"type": "Feature", "properties": {"highway": "residential"}, "geometry": {"type": "LineString", "coordinates": [[11.1199075, 36.8525633], [11.1199195, 36.8526759], [11.1199397, 36.8527747], [11.1199933, 36.852882], [11.1200724, 36.8529979], [11.1201609, 36.8531041], [11.1203299, 36.8532726], [11.1204251, 36.8533574], [11.1205002, 36.8534164], [11.1205888, 36.8534658], [11.1207054, 36.8535419], [11.1207859, 36.853602], [11.1208985, 36.8537351], [11.1209428, 36.8538456]]}}, {"type": "Feature", "properties": {"highway": "residential"}, "geometry": {"type": "LineString", "coordinates": [[11.121789, 36.8540077], [11.1219714, 36.8540388], [11.1221659, 36.8540785], [11.122355, 36.8541214], [11.1224328, 36.854145], [11.1224878, 36.8541772], [11.1225226, 36.854233], [11.1225588, 36.8543242], [11.1225682, 36.8544262], [11.1225267, 36.8545206], [11.1224113, 36.8546118], [11.1222209, 36.8547149]]}}, {"type": "Feature", "properties": {"access": "delivery", "highway": "service"}, "geometry": {"type": "LineString", "coordinates": [[11.1251029, 36.8573825], [11.1252211, 36.8574777], [11.1253744, 36.8576002], [11.1254522, 36.8576545], [11.1255119, 36.8576937], [11.1255837, 36.8577136], [11.1256722, 36.8577044], [11.1257761, 36.8576658], [11.126957, 36.8569984], [11.1269724, 36.8569796], [11.1269798, 36.856949], [11.1269704, 36.8568996], [11.1268131, 36.8567344]]}}, {"type": "Feature", "properties": {"highway": "residential"}, "geometry": {"type": "LineString", "coordinates": [[11.1216375, 36.8537716], [11.1216724, 36.8536267], [11.1216777, 36.8535216], [11.1216509, 36.8533949], [11.1215731, 36.8532726], [11.121486, 36.8531631], [11.1214095, 36.8530859], [11.1212902, 36.8530011], [11.1211386, 36.8529389], [11.1208597, 36.8528659], [11.120625, 36.8528154], [11.1203205, 36.8527274], [11.1199075, 36.8525633], [11.1196728, 36.852412], [11.119544, 36.8523197], [11.119477, 36.8522188], [11.1194394, 36.8521029], [11.1194019, 36.8519398]]}}, {"type": "Feature", "properties": {"access": "destination", "highway": "service", "oneway": "yes", "service": "driveway"}, "geometry": {"type": "LineString", "coordinates": [[11.1260407, 36.8567775], [11.1260497, 36.8568143], [11.1260495, 36.8568452], [11.1260294, 36.8568894], [11.1259566, 36.8569657], [11.1258939, 36.8569939], [11.1258135, 36.8570019], [11.1256654, 36.8569838], [11.1255951, 36.8569758], [11.1256051, 36.8569215], [11.1255825, 36.856811], [11.12558, 36.8567548], [11.1256428, 36.8566764], [11.1257181, 36.8566322], [11.125749, 36.8566227], [11.1257741, 36.8566185], [11.1258217, 36.8566228], [11.1258327, 36.8566235]]}}, {"type": "Feature", "properties": {"highway": "footway"}, "geometry": {"type": "LineString", "coordinates": [[11.1264704, 36.8552476], [11.1262939, 36.855214]]}}, {"type": "Feature", "properties": {"highway": "footway"}, "geometry": {"type": "LineString", "coordinates": [[11.1227694, 36.852486], [11.1254274, 36.85227]]}}, {"type": "Feature", "properties": {"highway": "residential"}, "geometry": {"type": "LineString", "coordinates": [[11.1224717, 36.8529998], [11.1231529, 36.8538381]]}}, {"type": "Feature", "properties": {"highway": "footway"}, "geometry": {"type": "LineString", "coordinates": [[11.1265184, 36.8552136], [11.1265623, 36.8552496], [11.1266344, 36.8553088]]}}, {"type": "Feature", "properties": {"highway": "footway"}, "geometry": {"type": "LineString", "coordinates": [[11.1268652, 36.8551089], [11.126774, 36.8551771], [11.1267612, 36.8551921], [11.1267499, 36.8552077], [11.1267398, 36.855224], [11.1267312, 36.8552408]]}}, {"type": "Feature", "properties": {"highway": "service"}, "geometry": {"type": "LineString", "coordinates": [[11.1285549, 36.8563091], [11.1282773, 36.8572859]]}}, {"type": "Feature", "properties": {"highway": "residential"}, "geometry": {"type": "LineString", "coordinates": [[11.1223483, 36.8470483], [11.1217057, 36.8465803], [11.1216697, 36.846575], [11.1216335, 36.8465846], [11.1215986, 36.846605], [11.1212083, 36.8470493], [11.1209307, 36.8473316], [11.1206417, 36.8476906], [11.120635, 36.8477099], [11.1206377, 36.8477281], [11.1206538, 36.8477448], [11.1212425, 36.8480683], [11.1214083, 36.8481509]]}}, {"type": "Feature", "properties": {"highway": "footway"}, "geometry": {"type": "LineString", "coordinates": [[11.1271722, 36.8553743], [11.127108, 36.8554238], [11.127104, 36.855427], [11.1270777, 36.8554473]]}}, {"type": "Feature", "properties": {"highway": "residential", "oneway": "no", "surface": "asphalt"}, "geometry": {"type": "LineString", "coordinates": [[11.1251522, 36.8493909], [11.1247365, 36.8498792]]}}, {"type": "Feature", "properties": {"highway": "footway"}, "geometry": {"type": "LineString", "coordinates": [[11.1269392, 36.8554746], [11.1270822, 36.8555898], [11.127198, 36.8556831], [11.127217, 36.8556984]]}}, {"type": "Feature", "properties": {"highway": "footway"}, "geometry": {"type": "LineString", "coordinates": [[11.1258783, 36.8556309], [11.12597, 36.8557016], [11.1260042, 36.85573], [11.1260411, 36.8557656], [11.1260618, 36.855796], [11.1260813, 36.8558261], [11.1261161, 36.8558792], [11.1261477, 36.8559232], [11.1261772, 36.8559511], [11.1262193, 36.8559856]]}}, {"type": "Feature", "properties": {"highway": "footway"}, "geometry": {"type": "LineString", "coordinates": [[11.1249272, 36.854922], [11.1257761, 36.8544877], [11.1262997, 36.8541739], [11.1265802, 36.8540233]]}}, {"type": "Feature", "properties": {"highway": "service", "service": "parking_aisle"}, "geometry": {"type": "LineString", "coordinates": [[11.1253663, 36.8499185], [11.1255119, 36.8496314], [11.1255119, 36.8495906], [11.1254918, 36.84956], [11.1251522, 36.8493909]]}}, {"type": "Feature", "properties": {"highway": "service", "service": "parking_aisle"}, "geometry": {"type": "LineString", "coordinates": [[11.1247365, 36.8498792], [11.1253663, 36.8499185], [11.1255654, 36.849943], [11.1256505, 36.8499723]]}}, {"type": "Feature", "properties": {"highway": "footway"}, "geometry": {"type": "LineString", "coordinates": [[11.1270418, 36.8552144], [11.1270126, 36.8552371], [11.1269588, 36.8552791], [11.126883, 36.8553381]]}}, {"type": "Feature", "properties": {"highway": "residential"}, "geometry": {"type": "LineString", "coordinates": [[11.1235252, 36.847761], [11.1233194, 36.8478045], [11.1231892, 36.8478499], [11.1229947, 36.8479691], [11.1228774, 36.8480581], [11.1228559, 36.8480795], [11.1228445, 36.8480978], [11.1228425, 36.8481225], [11.1228512, 36.8481435], [11.122968, 36.8482835]]}}, {"type": "Feature", "properties": {"highway": "footway"}, "geometry": {"type": "LineString", "coordinates": [[11.1267378, 36.8558248], [11.126754, 36.8558534], [11.1268413, 36.8560125]]}}, {"type": "Feature", "properties": {"area": "yes", "highway": "footway"}, "geometry": {"type": "LineString", "coordinates": [[11.1270976, 36.8555769], [11.1270822, 36.8555898], [11.1269205, 36.8557168], [11.1269392, 36.8557319], [11.1268006, 36.8558415], [11.1267826, 36.8558269], [11.126754, 36.8558534], [11.1267126, 36.8558823], [11.1266899, 36.8558642], [11.1266547, 36.8558354], [11.1266095, 36.8558711], [11.1265591, 36.8559109], [11.1264545, 36.8558261], [11.1264992, 36.8557907], [11.126491, 36.8557841], [11.1264782, 36.8557737], [11.126581, 36.8556925], [11.1265416, 36.8556605], [11.1264716, 36.8557159], [11.1264459, 36.8556951], [11.1265329, 36.8556264], [11.1264959, 36.8555964], [11.1264546, 36.8556291], [11.1263842, 36.8555721], [11.1263602, 36.8555292], [11.1263555, 36.8554929], [11.1263662, 36.8554543], [11.1264893, 36.8553568], [11.1265869, 36.8552778], [11.1265585, 36.8552548], [11.1265623, 36.8552496], [11.1266525, 36.8551794], [11.1266922, 36.8551726], [11.1267331, 36.8551788], [11.1267491, 36.8551865], [11.126768, 36.8551716], [11.126774, 36.8551771], [11.1267988, 36.8551991], [11.1268109, 36.8551895], [11.1269363, 36.855291], [11.1269548, 36.8552761], [11.1269588, 36.8552791], [11.1270716, 36.8553728], [11.1270586, 36.855384], [11.127108, 36.8554238], [11.1271648, 36.8554759], [11.1270677, 36.8555527], [11.1270976, 36.8555769]]}}, {"type": "Feature", "properties": {"highway": "footway"}, "geometry": {"type": "LineString", "coordinates": [[11.1267761, 36.8550313], [11.1268652, 36.8551089], [11.1270126, 36.8552371], [11.1270915, 36.8553044], [11.1271722, 36.8553743], [11.1273191, 36.8555015]]}}, {"type": "Feature", "properties": {"highway": "footway"}, "geometry": {"type": "LineString", "coordinates": [[11.1261105, 36.8560773], [11.1262193, 36.8559856], [11.1263867, 36.8558444], [11.1264488, 36.8557982], [11.1264561, 36.8557937], [11.1264618, 36.8557917], [11.1264694, 36.85579], [11.126478, 36.8557885], [11.1264856, 36.8557862], [11.126491, 36.8557841], [11.1264986, 36.8557784], [11.1266018, 36.8557011], [11.1266122, 36.8556924], [11.1266167, 36.8556809], [11.1266151, 36.8556705], [11.1266087, 36.8556613], [11.1265649, 36.8556248], [11.1265322, 36.8555975], [11.1265175, 36.8555914], [11.1265017, 36.8555876], [11.1264852, 36.855586], [11.1264685, 36.8555868], [11.1264449, 36.8555823], [11.1264239, 36.8555727], [11.1264072, 36.8555586], [11.1263965, 36.8555419], [11.1263926, 36.8555236], [11.1263972, 36.8554994], [11.1264075, 36.8554764], [11.1264231, 36.8554554], [11.1264435, 36.8554372], [11.1264593, 36.8554277], [11.1264782, 36.8554231], [11.1264989, 36.8554241], [11.1265178, 36.8554308], [11.1265479, 36.8554548], [11.1266132, 36.855507]]}}, {"type": "Feature", "properties": {"access": "destination", "highway": "service", "service": "driveway"}, "geometry": {"type": "LineString", "coordinates": [[11.1255951, 36.8569758], [11.1251029, 36.8573825], [11.1249889, 36.857477], [11.1248012, 36.8576272], [11.1246751, 36.8577366]]}}, {"type": "Feature", "properties": {"highway": "footway"}, "geometry": {"type": "LineString", "coordinates": [[11.1276205, 36.855219], [11.1273506, 36.8554709], [11.1273335, 36.8554872], [11.1273191, 36.8555015], [11.127301, 36.8555285], [11.1272869, 36.8555562], [11.1272728, 36.8555927], [11.1272633, 36.8556094], [11.1272504, 36.8556286], [11.1272293, 36.8556511], [11.127198, 36.8556831], [11.1268685, 36.855994], [11.1268558, 36.8560039], [11.1268413, 36.8560125], [11.1268196, 36.8560168], [11.1268008, 36.8560187], [11.1266921, 36.8560197], [11.1266623, 36.8560176], [11.1266351, 36.8560106], [11.1266005, 36.8559965], [11.126436, 36.8558888], [11.1264072, 36.8558684], [11.1263867, 36.8558444], [11.1263767, 36.8558265], [11.1263676, 36.8558067], [11.1263274, 36.8556796], [11.1263153, 36.8556388], [11.1263061, 36.8555952], [11.1262952, 36.8555701], [11.1262736, 36.8555443], [11.1262503, 36.8555159], [11.1262202, 36.8554872], [11.1261542, 36.8554392], [11.126078, 36.8554022]]}}, {"type": "Feature", "properties": {"highway": "service"}, "geometry": {"type": "LineString", "coordinates": [[11.1250935, 36.8551849], [11.1258438, 36.8547844], [11.1258865, 36.8547478], [11.1259078, 36.8547114], [11.1258895, 36.8546666], [11.1257761, 36.8544877]]}}, {"type": "Feature", "properties": {"highway": "service", "service": "parking_aisle"}, "geometry": {"type": "LineString", "coordinates": [[11.1246657, 36.8546311], [11.1247729, 36.8546164], [11.1247829, 36.8545923], [11.1247678, 36.8545581], [11.1243561, 36.854078], [11.1243234, 36.8540519], [11.1242832, 36.8540519], [11.124203, 36.8541654]]}}, {"type": "Feature", "properties": {"highway": "footway"}, "geometry": {"type": "LineString", "coordinates": [[11.1260411, 36.8557656], [11.1261141, 36.855686], [11.1261316, 36.8556664], [11.126153, 36.8556452], [11.1261725, 36.8556297], [11.1261959, 36.8556109], [11.1262402, 36.8555776], [11.126256, 36.8555637], [11.1262736, 36.8555443], [11.1262858, 36.8555197], [11.1262945, 36.8554966], [11.1263072, 36.8554494], [11.126318, 36.8554234], [11.1263297, 36.8554], [11.126346, 36.8553761], [11.1263838, 36.8553287], [11.1264192, 36.8552927], [11.1264704, 36.8552476], [11.1265184, 36.8552136], [11.1267761, 36.8550313], [11.1272054, 36.8546894]]}}, {"type": "Feature", "properties": {"highway": "service", "service": "parking_aisle"}, "geometry": {"type": "LineString", "coordinates": [[11.1250931, 36.8575721], [11.1252211, 36.8574777], [11.1255526, 36.8572286], [11.1255978, 36.8572145], [11.1256455, 36.8572366], [11.1256957, 36.8572788], [11.1257133, 36.857311], [11.1256907, 36.8573531], [11.1253744, 36.8576002]]}}, {"type": "Feature", "properties": {"highway": "residential", "surface": "unpaved"}, "geometry": {"type": "LineString", "coordinates": [[11.1192548, 36.8374197], [11.118388, 36.8377151]]}}, {"type": "Feature", "properties": {"highway": "residential"}, "geometry": {"type": "LineString", "coordinates": [[11.1192548, 36.8374197], [11.1193174, 36.8374457], [11.1194113, 36.8375144], [11.1194958, 36.8376164], [11.1195722, 36.8377548], [11.1196151, 36.8379255], [11.1196169, 36.8381023], [11.1196384, 36.8382225], [11.1196714, 36.8383376], [11.1197144, 36.8384278], [11.1198069, 36.8385287], [11.119886, 36.8385824], [11.1199142, 36.8385995], [11.1199307, 36.8386078], [11.1199804, 36.8386272], [11.1199991, 36.8386323], [11.1200136, 36.838636], [11.1200491, 36.8386479]]}}, {"type": "Feature", "properties": {"bicycle": "yes", "foot": "yes", "highway": "residential", "horse": "yes", "motor_vehicle": "yes"}, "geometry": {"type": "LineString", "coordinates": [[11.1167156, 36.8340429], [11.1168565, 36.8340796], [11.1169423, 36.8341258], [11.1170013, 36.8341762], [11.1170728, 36.8342361], [11.1171171, 36.8342726], [11.117219, 36.8343885], [11.1172727, 36.8344916], [11.1174814, 36.8349383], [11.1175444, 36.8350586], [11.1175874, 36.8351154], [11.117645, 36.8351659], [11.1177644, 36.8352518], [11.1179119, 36.8353913], [11.1180192, 36.8355212], [11.1183187, 36.8358182], [11.1185288, 36.8360611], [11.1186567, 36.8362261], [11.1187742, 36.8363455], [11.1189177, 36.8364518], [11.1189902, 36.8365205], [11.1191055, 36.8366965], [11.1191878, 36.8368701], [11.119253, 36.8369745], [11.1192986, 36.8370571], [11.1192932, 36.8371258], [11.1192548, 36.8374197]]}}, {"type": "Feature", "properties": {"access": "permissive", "highway": "service"}, "geometry": {"type": "LineString", "coordinates": [[11.113232, 36.8347903], [11.1135453, 36.8350077]]}}, {"type": "Feature", "properties": {"highway": "residential"}, "geometry": {"type": "LineString", "coordinates": [[11.1123289, 36.8353537], [11.1121653, 36.8353387], [11.1119989, 36.8352839], [11.1118059, 36.8352013], [11.1116436, 36.8351187], [11.1115309, 36.8350789], [11.1114572, 36.8350693], [11.1113646, 36.8350714], [11.1112789, 36.835079], [11.1111903, 36.8350983], [11.1110696, 36.8351187], [11.1109865, 36.8351627], [11.1109355, 36.8351985]]}}, {"type": "Feature", "properties": {"highway": "residential"}, "geometry": {"type": "LineString", "coordinates": [[11.1125721, 36.8355027], [11.112809, 36.8357616]]}}, {"type": "Feature", "properties": {"highway": "residential", "surface": "ground"}, "geometry": {"type": "LineString", "coordinates": [[11.1123288, 36.8406795], [11.1122381, 36.8407083], [11.1121791, 36.8407234], [11.1121277, 36.8406989], [11.1118894, 36.8404593], [11.1117723, 36.8403662], [11.1115771, 36.8403355], [11.1111534, 36.840674], [11.1109214, 36.8408523]]}}, {"type": "Feature", "properties": {"highway": "residential", "lanes": "1", "noexit": "yes", "oneway": "no", "surface": "unpaved"}, "geometry": {"type": "LineString", "coordinates": [[11.1106859, 36.8377364], [11.1105953, 36.8376086], [11.1105162, 36.8374809], [11.1103078, 36.8372021]]}}, {"type": "Feature", "properties": {"highway": "residential", "surface": "ground"}, "geometry": {"type": "LineString", "coordinates": [[11.1110495, 36.8395919], [11.1113258, 36.8400164], [11.1114169, 36.8401258], [11.1115771, 36.8403355]]}}, {"type": "Feature", "properties": {"highway": "path"}, "geometry": {"type": "LineString", "coordinates": [[11.1107039, 36.8364236], [11.1107898, 36.8365073], [11.1107066, 36.8366147], [11.110902, 36.8368264]]}}, {"type": "Feature", "properties": {"highway": "residential", "lanes": "1", "noexit": "yes", "oneway": "no", "surface": "unpaved"}, "geometry": {"type": "LineString", "coordinates": [[11.1126747, 36.8367922], [11.1127265, 36.8367682], [11.1127748, 36.8367476], [11.1128597, 36.8367083], [11.1129398, 36.8366541], [11.1130008, 36.8366294], [11.1130482, 36.8366206], [11.1131161, 36.8366342], [11.1131805, 36.8366525], [11.1132335, 36.836675], [11.1133032, 36.8367282], [11.1133924, 36.8367969], [11.1138075, 36.8371114]]}}, {"type": "Feature", "properties": {"highway": "residential"}, "geometry": {"type": "LineString", "coordinates": [[11.1044637, 36.8467594], [11.104922, 36.847015], [11.1053626, 36.8472717]]}}, {"type": "Feature", "properties": {"highway": "residential"}, "geometry": {"type": "LineString", "coordinates": [[11.1072444, 36.8467307], [11.107407, 36.846606], [11.1076456, 36.8464064], [11.1077538, 36.8463173], [11.1078871, 36.8462047], [11.1082448, 36.8458926], [11.1085094, 36.8456659], [11.1087025, 36.8455114], [11.1089439, 36.8453311], [11.1091263, 36.8451895], [11.1094187, 36.8449383], [11.10976, 36.8446121], [11.1098961, 36.8444972], [11.1100879, 36.8443019], [11.1102596, 36.8441323], [11.1103778, 36.8440071], [11.1105667, 36.8438071], [11.1108984, 36.8434911], [11.1110924, 36.8433177], [11.1111127, 36.8432814], [11.1115269, 36.842927], [11.1116932, 36.8427661], [11.1119239, 36.8426523], [11.1121921, 36.8424462], [11.1124415, 36.8422595], [11.1125327, 36.8421886], [11.1127098, 36.8420255], [11.1132382, 36.8414116], [11.1133029, 36.8413292], [11.1136566, 36.8409393], [11.1137424, 36.8408406]]}}, {"type": "Feature", "properties": {"highway": "residential"}, "geometry": {"type": "LineString", "coordinates": [[11.1069216, 36.840188], [11.107395, 36.8405444], [11.1077208, 36.8407978], [11.1082089, 36.8411863], [11.1084826, 36.8414288], [11.1088232, 36.8416886], [11.1092711, 36.8420064], [11.1095607, 36.8421974], [11.1098429, 36.8423955], [11.1100463, 36.8425172], [11.1102488, 36.8426449], [11.1104677, 36.8428334], [11.1106518, 36.8429662], [11.1108198, 36.8430748], [11.1111127, 36.8432814]]}}, {"type": "Feature", "properties": {"highway": "residential"}, "geometry": {"type": "LineString", "coordinates": [[11.1114599, 36.8435925], [11.1114008, 36.8435302], [11.1110924, 36.8433177]]}}, {"type": "Feature", "properties": {"highway": "residential"}, "geometry": {"type": "LineString", "coordinates": [[11.1078858, 36.8416262], [11.1076551, 36.8414418], [11.1072943, 36.8411317], [11.1069871, 36.8408558]]}}, {"type": "Feature", "properties": {"highway": "residential"}, "geometry": {"type": "LineString", "coordinates": [[11.1103406, 36.844893], [11.1104934, 36.8447151], [11.1109694, 36.8442309], [11.1110602, 36.8441227], [11.1114599, 36.8437041], [11.1114689, 36.8436755], [11.1114599, 36.8435925]]}}, {"type": "Feature", "properties": {"access": "private", "highway": "footway"}, "geometry": {"type": "LineString", "coordinates": [[11.123654, 36.8498097], [11.1241326, 36.8492421], [11.1242384, 36.849116], [11.1240643, 36.8489849], [11.1239621, 36.8489078]]}}, {"type": "Feature", "properties": {"highway": "path"}, "geometry": {"type": "LineString", "coordinates": [[11.1241232, 36.8481408], [11.124001, 36.848206], [11.1237343, 36.8483512]]}}, {"type": "Feature", "properties": {"highway": "path"}, "geometry": {"type": "LineString", "coordinates": [[11.1237445, 36.8476905], [11.1236591, 36.8477133], [11.1235252, 36.847761]]}}, {"type": "Feature", "properties": {"access": "private", "highway": "footway"}, "geometry": {"type": "LineString", "coordinates": [[11.1240643, 36.8489849], [11.1239353, 36.8491304], [11.1234294, 36.8497105]]}}, {"type": "Feature", "properties": {"highway": "path"}, "geometry": {"type": "LineString", "coordinates": [[11.1235301, 36.8469537], [11.1236892, 36.847024]]}}, {"type": "Feature", "properties": {"highway": "residential"}, "geometry": {"type": "LineString", "coordinates": [[11.1232526, 36.8485709], [11.1231332, 36.8484539], [11.1230837, 36.8484056], [11.123038, 36.8483519], [11.122968, 36.8482835]]}}, {"type": "Feature", "properties": {"highway": "path"}, "geometry": {"type": "LineString", "coordinates": [[11.1238651, 36.8478868], [11.1237958, 36.8479055], [11.1235864, 36.8479517]]}}, {"type": "Feature", "properties": {"highway": "footway"}, "geometry": {"type": "LineString", "coordinates": [[11.124453, 36.8498965], [11.1245503, 36.8499222], [11.1252078, 36.8500218], [11.1255453, 36.8500562]]}}, {"type": "Feature", "properties": {"highway": "footway"}, "geometry": {"type": "LineString", "coordinates": [[11.1254105, 36.8508073], [11.1254266, 36.8506249], [11.1255097, 36.8506292], [11.1255453, 36.8500562], [11.12555, 36.849981], [11.1255654, 36.849943]]}}, {"type": "Feature", "properties": {"highway": "path"}, "geometry": {"type": "LineString", "coordinates": [[11.109821, 36.8469259], [11.1097861, 36.8468808], [11.1097244, 36.8468465], [11.1096332, 36.8467885], [11.1095769, 36.8467434], [11.1095366, 36.8467069], [11.1093462, 36.8465996], [11.1091289, 36.8464601], [11.1090378, 36.8463957], [11.1082448, 36.8458926]]}}, {"type": "Feature", "properties": {"highway": "footway"}, "geometry": {"type": "LineString", "coordinates": [[11.1251986, 36.8508546], [11.1252013, 36.8508009], [11.1254105, 36.8508073], [11.1256197, 36.8508116]]}}, {"type": "Feature", "properties": {"highway": "residential"}, "geometry": {"type": "LineString", "coordinates": [[11.1077538, 36.8463173], [11.1078254, 36.8463571], [11.1078737, 36.8463893], [11.1079435, 36.846443], [11.1080172, 36.8464999], [11.1081286, 36.8465954], [11.1081862, 36.8466501], [11.1082305, 36.8466898], [11.1084021, 36.8468336], [11.1085336, 36.8469281], [11.1086677, 36.8470182], [11.1089574, 36.8472371], [11.1090781, 36.8473359], [11.1091692, 36.8474453], [11.1092183, 36.847557]]}}, {"type": "Feature", "properties": {"highway": "track", "tracktype": "grade3"}, "geometry": {"type": "LineString", "coordinates": [[11.1099288, 36.8468473], [11.109821, 36.8469259], [11.1093945, 36.847471], [11.1093365, 36.8475643]]}}, {"type": "Feature", "properties": {"highway": "residential", "surface": "ground"}, "geometry": {"type": "LineString", "coordinates": [[11.1164142, 36.8428928], [11.1163737, 36.8426319], [11.116379, 36.8424527]]}}, {"type": "Feature", "properties": {"highway": "residential"}, "geometry": {"type": "LineString", "coordinates": [[11.1156897, 36.8475215], [11.1156935, 36.8475545], [11.1157107, 36.8477035]]}}, {"type": "Feature", "properties": {"highway": "residential"}, "geometry": {"type": "LineString", "coordinates": [[11.1164142, 36.8428928], [11.1163415, 36.8432039], [11.1162907, 36.8434267], [11.1162583, 36.8435689], [11.1161644, 36.8439531], [11.1160867, 36.8442407], [11.1160545, 36.8444189], [11.1160411, 36.8445863], [11.1160303, 36.8447644], [11.1160062, 36.8449233], [11.1159901, 36.8452195], [11.1159767, 36.8455586], [11.115966, 36.8457132], [11.115947, 36.8458398], [11.1159338, 36.8459278], [11.1157916, 36.8462841], [11.1156763, 36.8465761], [11.1156656, 36.8466555], [11.1156682, 36.8467478], [11.115679, 36.846868], [11.1156869, 36.8470869], [11.115695, 36.8472285], [11.1156884, 36.8473251], [11.1156843, 36.8473852], [11.115687, 36.8474572], [11.1156897, 36.8475215]]}}, {"type": "Feature", "properties": {"highway": "residential"}, "geometry": {"type": "LineString", "coordinates": [[11.1214068, 36.8503107], [11.1217796, 36.8497313], [11.121952, 36.8494752], [11.1219578, 36.8494493], [11.1219546, 36.8494259], [11.1219445, 36.8494065], [11.1217113, 36.8492547], [11.1214484, 36.8491195], [11.1211613, 36.8489713], [11.1208422, 36.8487632], [11.12059, 36.8486215], [11.1203299, 36.8485207], [11.1198443, 36.8483274], [11.1194849, 36.8482158], [11.1190665, 36.8480999], [11.1186647, 36.8480429], [11.1181712, 36.8479849], [11.1176315, 36.8478939], [11.1171783, 36.8478359], [11.1168322, 36.847793], [11.1166633, 36.8477737], [11.1161327, 36.8477467], [11.11578, 36.847711], [11.1157107, 36.8477035], [11.1155748, 36.8476887], [11.1153034, 36.847675], [11.115121, 36.8476728], [11.1148233, 36.8476943], [11.1145819, 36.8477157], [11.1141613, 36.8477338], [11.1139086, 36.8477415], [11.1138106, 36.8477437], [11.1136558, 36.8477682]]}}, {"type": "Feature", "properties": {"highway": "residential", "surface": "unpaved"}, "geometry": {"type": "LineString", "coordinates": [[11.1179609, 36.8431904], [11.1181229, 36.843282], [11.1188203, 36.8438379], [11.1192545, 36.8441805]]}}, {"type": "Feature", "properties": {"highway": "residential"}, "geometry": {"type": "LineString", "coordinates": [[11.1179164, 36.8422131], [11.1182678, 36.8425093], [11.1182993, 36.8425944], [11.1184498, 36.8427424]]}}, {"type": "Feature", "properties": {"highway": "residential", "surface": "unpaved"}, "geometry": {"type": "LineString", "coordinates": [[11.1190349, 36.8448575], [11.1200993, 36.8436268]]}}, {"type": "Feature", "properties": {"highway": "service", "surface": "unpaved"}, "geometry": {"type": "LineString", "coordinates": [[11.1191073, 36.8432133], [11.1194989, 36.8434731], [11.1197988, 36.8432437]]}}, {"type": "Feature", "properties": {"highway": "residential", "surface": "unpaved"}, "geometry": {"type": "LineString", "coordinates": [[11.1188059, 36.8446906], [11.1192545, 36.8441805], [11.119937, 36.8433993]]}}, {"type": "Feature", "properties": {"highway": "track", "tracktype": "grade3"}, "geometry": {"type": "LineString", "coordinates": [[11.1099628, 36.8368122], [11.1099685, 36.8367964], [11.1099851, 36.8367521], [11.1100173, 36.8367134], [11.1100758, 36.8366762], [11.1101562, 36.8366461], [11.1102313, 36.8366397], [11.1103252, 36.8366504], [11.1104406, 36.8366965]]}}, {"type": "Feature", "properties": {"highway": "residential"}, "geometry": {"type": "LineString", "coordinates": [[11.1118059, 36.8414266], [11.111683, 36.8415305], [11.1114952, 36.8416829], [11.1113703, 36.8417742], [11.1108796, 36.8421364], [11.1102488, 36.8426449]]}}, {"type": "Feature", "properties": {"highway": "residential"}, "geometry": {"type": "LineString", "coordinates": [[11.1018975, 36.837552], [11.1022952, 36.8379133], [11.102601, 36.8381495], [11.102689, 36.8381853], [11.1028419, 36.8382282], [11.1029732, 36.8382196], [11.103065, 36.8381409], [11.1031316, 36.8380458], [11.1033823, 36.8375369]]}}, {"type": "Feature", "properties": {"highway": "residential"}, "geometry": {"type": "LineString", "coordinates": [[11.1026868, 36.8378727], [11.1031316, 36.8380458]]}}, {"type": "Feature", "properties": {"access": "private", "highway": "service", "service": "driveway"}, "geometry": {"type": "LineString", "coordinates": [[11.1251405, 36.8541515], [11.1250439, 36.8542513], [11.1248776, 36.8542674], [11.1247167, 36.8542491], [11.1245531, 36.8541965], [11.1242848, 36.854012], [11.123948, 36.8537637]]}}, {"type": "Feature", "properties": {"highway": "footway"}, "geometry": {"type": "LineString", "coordinates": [[11.1256459, 36.853642], [11.1255896, 36.8537143], [11.1255896, 36.8537744], [11.125544, 36.8538695], [11.1254367, 36.8539424], [11.1253053, 36.8540105], [11.1252141, 36.8540963], [11.1251405, 36.8541515]]}}, {"type": "Feature", "properties": {"highway": "residential"}, "geometry": {"type": "LineString", "coordinates": [[11.1227064, 36.8552214], [11.1229075, 36.8551141], [11.1230765, 36.8550219], [11.1231315, 36.8549788], [11.1231798, 36.854922], [11.123228, 36.8548651], [11.1232736, 36.8547932], [11.1233179, 36.8547159], [11.1233541, 36.8546301], [11.1233715, 36.8545249], [11.1233823, 36.8544348], [11.123389, 36.85435], [11.1233809, 36.8542695], [11.1233528, 36.8541772], [11.1231771, 36.8538317]]}}, {"type": "Feature", "properties": {"highway": "footway"}, "geometry": {"type": "LineString", "coordinates": [[11.1256084, 36.8532406], [11.1253589, 36.8533881], [11.1250692, 36.8533151], [11.1249512, 36.8532486], [11.1247851, 36.8531611], [11.1245435, 36.853049], [11.1240314, 36.8533092], [11.1238622, 36.8533645], [11.1237283, 36.853204], [11.1235083, 36.8533069]]}}, {"type": "Feature", "properties": {"highway": "service", "service": "driveway"}, "geometry": {"type": "LineString", "coordinates": [[11.123948, 36.8537637], [11.1238047, 36.8537287]]}}, {"type": "Feature", "properties": {"highway": "residential", "surface": "unpaved", "tracktype": "grade3"}, "geometry": {"type": "LineString", "coordinates": [[11.0946773, 36.8584609], [11.0944171, 36.8583021], [11.0932959, 36.8576776], [11.0932527, 36.8576468], [11.0932379, 36.857628], [11.0932346, 36.8576092], [11.0932373, 36.857577], [11.0932433, 36.8575507], [11.0932557, 36.8575244], [11.0932671, 36.8575065], [11.0934998, 36.8571872], [11.0935125, 36.8571607], [11.0935226, 36.8571357], [11.0935256, 36.8571198], [11.0935259, 36.8571062], [11.0935236, 36.8570799], [11.0935179, 36.8570678], [11.0935078, 36.8570558], [11.0934817, 36.8570348], [11.0933737, 36.8569774], [11.0926763, 36.8566217]]}}, {"type": "Feature", "properties": {"highway": "residential", "tracktype": "grade3"}, "geometry": {"type": "LineString", "coordinates": [[11.0951735, 36.8572098], [11.095085, 36.8575271], [11.095025, 36.8576961], [11.0949898, 36.8577849], [11.0948664, 36.8580886], [11.0947658, 36.8583139], [11.0946773, 36.8584609], [11.0946049, 36.8585747], [11.0945123, 36.8586852], [11.0943943, 36.8587743], [11.0941354, 36.8589325], [11.093713, 36.8592088], [11.0936178, 36.8592577], [11.0934837, 36.8593204], [11.0933878, 36.8593489], [11.0932926, 36.8593671], [11.0930143, 36.8594181], [11.0928926, 36.8594395], [11.0927481, 36.8594583], [11.0926415, 36.8594621], [11.0925449, 36.8594599], [11.0922941, 36.8594363], [11.0921506, 36.8594117], [11.0920246, 36.859387], [11.0917523, 36.8593108], [11.0910617, 36.8591101], [11.0906298, 36.8589819]]}}, {"type": "Feature", "properties": {"highway": "residential", "name": "\u0646\u0647\u062c \u0628\u0634\u0627\u0631\u0629 \u0627\u0644\u062e\u0648\u0631\u064a", "name:ar": "\u0646\u0647\u062c \u0628\u0634\u0627\u0631\u0629 \u0627\u0644\u062e\u0648\u0631\u064a", "name:fr": "Rue Bichara El Khouri", "oneway": "no", "tracktype": "grade3"}, "geometry": {"type": "LineString", "coordinates": [[11.0919025, 36.8553442], [11.0921198, 36.8554585], [11.0924108, 36.8556034], [11.0928131, 36.8558437], [11.0930975, 36.8560326], [11.0934448, 36.8562944]]}}, {"type": "Feature", "properties": {"highway": "residential", "tracktype": "grade3"}, "geometry": {"type": "LineString", "coordinates": [[11.0947611, 36.8593741], [11.0945257, 36.8591906], [11.094456, 36.8591445], [11.0943762, 36.8591074], [11.0943514, 36.8591026], [11.0943058, 36.859101], [11.0942508, 36.8591069], [11.0942059, 36.8591182], [11.0941435, 36.8591348]]}}, {"type": "Feature", "properties": {"highway": "residential", "tracktype": "grade3"}, "geometry": {"type": "LineString", "coordinates": [[11.0952144, 36.8608854], [11.0951902, 36.8609665], [11.0951862, 36.8610314], [11.095197, 36.8610931], [11.0952244, 36.8611435], [11.0952788, 36.8612014], [11.0953358, 36.8612438], [11.0953874, 36.8612717], [11.0954437, 36.8612749], [11.0955034, 36.8612626], [11.0955664, 36.8612283], [11.0956308, 36.8611837], [11.0958199, 36.8609986], [11.0961807, 36.8606134], [11.0964207, 36.8604149], [11.0965964, 36.860276]]}}, {"type": "Feature", "properties": {"highway": "track", "tracktype": "grade4"}, "geometry": {"type": "LineString", "coordinates": [[11.0895864, 36.8620287], [11.0900771, 36.8622515], [11.0901254, 36.8622644], [11.0902005, 36.8622257], [11.0902488, 36.8621871], [11.0903161, 36.8621918], [11.0909545, 36.8625395], [11.0914534, 36.8628013], [11.0917508, 36.8629854], [11.0920059, 36.8631446], [11.0925716, 36.8634446]]}}, {"type": "Feature", "properties": {"highway": "residential"}, "geometry": {"type": "LineString", "coordinates": [[11.103909, 36.8549834], [11.1039141, 36.8550255], [11.1039068, 36.8550717], [11.1038115, 36.8552514], [11.1037351, 36.8553759], [11.1035184, 36.8556769], [11.1033065, 36.8560296], [11.1032013, 36.8562386], [11.1032013, 36.8563191], [11.1032013, 36.8564897], [11.1032027, 36.8565675], [11.1031665, 36.8566818], [11.1030679, 36.8568369], [11.1029532, 36.8569951], [11.1027936, 36.8571636], [11.1027279, 36.8572398], [11.1026971, 36.8573117], [11.1027011, 36.8573804], [11.1026864, 36.8574684], [11.1026568, 36.8575413], [11.102673, 36.8576701], [11.102665, 36.8577495], [11.1024289, 36.8580006], [11.1021982, 36.8581701], [11.1020359, 36.8582592], [11.1017704, 36.8584373], [11.101529, 36.8585886], [11.101212, 36.8587879], [11.1007525, 36.8590769], [11.1004507, 36.8592636], [11.1003328, 36.859346], [11.100152, 36.8594586], [11.0999679, 36.8595699], [11.0998697, 36.8596217], [11.0997279, 36.8596837]]}}, {"type": "Feature", "properties": {"highway": "residential", "tracktype": "grade3"}, "geometry": {"type": "LineString", "coordinates": [[11.0950863, 36.8600775], [11.0948965, 36.8599396], [11.0947463, 36.8598355], [11.0946243, 36.8597529], [11.094578, 36.8597153], [11.0945485, 36.8596869], [11.0945277, 36.8596574], [11.0945157, 36.8596348], [11.0945053, 36.8596142], [11.0943722, 36.8594932], [11.094234, 36.8593682], [11.0941328, 36.8592845], [11.0941127, 36.859255], [11.0941073, 36.8592303], [11.094106, 36.8592035], [11.094112, 36.8591801], [11.0941435, 36.8591348]]}}, {"type": "Feature", "properties": {"highway": "track", "tracktype": "grade3"}, "geometry": {"type": "LineString", "coordinates": [[11.0929769, 36.8629558], [11.0928267, 36.8631575], [11.0925716, 36.8634446]]}}, {"type": "Feature", "properties": {"highway": "residential", "surface": "unpaved"}, "geometry": {"type": "LineString", "coordinates": [[11.090493, 36.8580907], [11.0899204, 36.8577194], [11.0894532, 36.857399]]}}, {"type": "Feature", "properties": {"highway": "path", "surface": "unpaved"}, "geometry": {"type": "LineString", "coordinates": [[11.083206, 36.8517905], [11.0834626, 36.8515137]]}}, {"type": "Feature", "properties": {"highway": "residential", "surface": "unpaved"}, "geometry": {"type": "LineString", "coordinates": [[11.0837577, 36.8500247], [11.0837285, 36.8500478], [11.0834772, 36.8503044], [11.0832725, 36.8505136], [11.0832466, 36.8505432]]}}, {"type": "Feature", "properties": {"highway": "residential", "lit": "no", "surface": "unpaved"}, "geometry": {"type": "LineString", "coordinates": [[11.081635, 36.8484488], [11.0823444, 36.848883], [11.0822848, 36.8489677], [11.0821983, 36.8490664], [11.0820682, 36.8491855]]}}, {"type": "Feature", "properties": {"highway": "track", "tracktype": "grade4"}, "geometry": {"type": "LineString", "coordinates": [[11.0807913, 36.8505238], [11.081041, 36.8505857], [11.0815024, 36.8507273], [11.0815853, 36.850731], [11.0816647, 36.8506908], [11.0817599, 36.8506758], [11.0820252, 36.8507009], [11.0822987, 36.8507739], [11.0824787, 36.8508089], [11.0827225, 36.8508383], [11.0829706, 36.8509081]]}}, {"type": "Feature", "properties": {"highway": "residential", "surface": "unpaved"}, "geometry": {"type": "LineString", "coordinates": [[11.0832466, 36.8505432], [11.0833007, 36.8505715], [11.0835988, 36.8506995]]}}, {"type": "Feature", "properties": {"highway": "residential", "lit": "no", "surface": "unpaved"}, "geometry": {"type": "LineString", "coordinates": [[11.0793136, 36.851092], [11.0795892, 36.8508344], [11.0796039, 36.8508221], [11.0798366, 36.8506149], [11.0799721, 36.8504706], [11.0800056, 36.8504277], [11.0800619, 36.8503612], [11.0800992, 36.8502728], [11.0802177, 36.8500587], [11.0803273, 36.8498917], [11.080536, 36.8496057], [11.0807439, 36.8493379], [11.0809014, 36.8491195], [11.0811442, 36.8488888], [11.081635, 36.8484488], [11.0818308, 36.8482545], [11.0822305, 36.8477813], [11.0822694, 36.8477426], [11.082323, 36.8477126], [11.0824598, 36.8476611], [11.0826154, 36.8476031], [11.0828688, 36.8475097], [11.0830016, 36.8474829]]}}, {"type": "Feature", "properties": {"highway": "residential", "surface": "unpaved"}, "geometry": {"type": "LineString", "coordinates": [[11.0839899, 36.8508544], [11.0836308, 36.8506508]]}}, {"type": "Feature", "properties": {"highway": "path", "surface": "unpaved"}, "geometry": {"type": "LineString", "coordinates": [[11.08401, 36.8510143], [11.0838362, 36.851285]]}}, {"type": "Feature", "properties": {"highway": "residential", "lit": "no", "surface": "unpaved"}, "geometry": {"type": "LineString", "coordinates": [[11.0801395, 36.8512622], [11.0795892, 36.8508344]]}}, {"type": "Feature", "properties": {"highway": "residential", "lit": "no", "surface": "unpaved"}, "geometry": {"type": "LineString", "coordinates": [[11.0805807, 36.8508361], [11.0804897, 36.8507411], [11.0803382, 36.850593], [11.0800619, 36.8503612]]}}, {"type": "Feature", "properties": {"highway": "residential", "lit": "no", "surface": "unpaved"}, "geometry": {"type": "LineString", "coordinates": [[11.0801717, 36.850879], [11.0798366, 36.8506149], [11.0796388, 36.8504629], [11.0791552, 36.8500508], [11.0788903, 36.8498338], [11.0788051, 36.8497641]]}}, {"type": "Feature", "properties": {"highway": "residential", "lit": "no", "surface": "unpaved"}, "geometry": {"type": "LineString", "coordinates": [[11.0802177, 36.8500587], [11.0805245, 36.8502556], [11.0806641, 36.8503816], [11.0807913, 36.8505238]]}}, {"type": "Feature", "properties": {"highway": "residential", "tracktype": "grade2"}, "geometry": {"type": "LineString", "coordinates": [[11.0765321, 36.8522896], [11.0771423, 36.8521061], [11.0772121, 36.852075], [11.0773395, 36.852002], [11.0775802, 36.8518528], [11.0779383, 36.8516565], [11.078069, 36.8515883], [11.0782903, 36.8514933], [11.0785424, 36.8514279], [11.0785874, 36.851419], [11.0787372, 36.851429], [11.0788794, 36.8514534], [11.0788985, 36.8514504], [11.0789153, 36.851444], [11.0789984, 36.8513893], [11.0791312, 36.8512637], [11.0793136, 36.851092]]}}, {"type": "Feature", "properties": {"highway": "residential", "lit": "no", "surface": "unpaved"}, "geometry": {"type": "LineString", "coordinates": [[11.0785693, 36.850006], [11.0788877, 36.8502652], [11.0796039, 36.8508221]]}}, {"type": "Feature", "properties": {"highway": "residential", "tracktype": "grade3"}, "geometry": {"type": "LineString", "coordinates": [[11.0695155, 36.8497935], [11.0704905, 36.850813], [11.0711127, 36.8514719], [11.0715084, 36.8518797], [11.0715607, 36.8519763], [11.0715741, 36.8520546], [11.071566, 36.8520911], [11.0715271, 36.8521523], [11.0713139, 36.85253], [11.0712428, 36.8526459], [11.0711543, 36.8527435], [11.0709679, 36.8528981], [11.0707332, 36.8530902], [11.0701592, 36.8535162], [11.0699232, 36.853704], [11.0693923, 36.8541377], [11.0687214, 36.8547037]]}}, {"type": "Feature", "properties": {"highway": "residential", "tracktype": "grade3"}, "geometry": {"type": "LineString", "coordinates": [[11.0711127, 36.8514719], [11.0714037, 36.851283], [11.0716384, 36.8511306], [11.0718879, 36.8509053], [11.0721119, 36.8507529], [11.0734744, 36.8498826], [11.0740551, 36.8495434], [11.0748693, 36.8489802], [11.0752917, 36.8487087], [11.0754047, 36.8486355], [11.075674, 36.8484608], [11.075733, 36.8484146], [11.0759717, 36.8482204], [11.0760441, 36.8481302], [11.0761888, 36.8478918], [11.0763739, 36.8475977], [11.0766126, 36.8472543], [11.0767306, 36.8470729]]}}, {"type": "Feature", "properties": {"highway": "residential"}, "geometry": {"type": "LineString", "coordinates": [[11.0932298, 36.8441835], [11.0934057, 36.8438384], [11.0934557, 36.843609], [11.09355, 36.843353], [11.0936156, 36.8432168], [11.0936669, 36.8431119], [11.0938076, 36.8428763], [11.0940679, 36.8425074], [11.0942631, 36.8422789], [11.0944545, 36.8420388], [11.0947971, 36.8416403], [11.0949408, 36.8415019], [11.0949968, 36.8414409], [11.095033, 36.8413907]]}}, {"type": "Feature", "properties": {"highway": "residential"}, "geometry": {"type": "LineString", "coordinates": [[11.0938936, 36.8438775], [11.0944502, 36.8431298]]}}, {"type": "Feature", "properties": {"highway": "service"}, "geometry": {"type": "LineString", "coordinates": [[11.1200987, 36.8397947], [11.12038, 36.8396291], [11.1205255, 36.8398188]]}}, {"type": "Feature", "properties": {"highway": "residential"}, "geometry": {"type": "LineString", "coordinates": [[11.0942459, 36.8440073], [11.0946568, 36.8441192], [11.0950165, 36.8442491], [11.0951534, 36.8443405], [11.0954591, 36.8445283], [11.0956964, 36.8446651]]}}, {"type": "Feature", "properties": {"access": "private", "highway": "footway"}, "geometry": {"type": "LineString", "coordinates": [[11.1241326, 36.8492421], [11.1239353, 36.8491304], [11.1236271, 36.8489417], [11.1235008, 36.848807]]}}, {"type": "Feature", "properties": {"highway": "residential"}, "geometry": {"type": "LineString", "coordinates": [[11.0858635, 36.8499904], [11.0857475, 36.8501154], [11.0856235, 36.8502269], [11.0852754, 36.8506165], [11.0849198, 36.8510234], [11.0846136, 36.8512433], [11.0843003, 36.851491]]}}, {"type": "Feature", "properties": {"highway": "residential"}, "geometry": {"type": "LineString", "coordinates": [[11.0873833, 36.8506723], [11.0876934, 36.8507744], [11.087786, 36.8508065], [11.0878879, 36.8508318], [11.0881736, 36.8508644], [11.0882279, 36.8508752], [11.0882678, 36.8508962], [11.0886845, 36.8510906], [11.0888113, 36.8511381], [11.0889428, 36.85117], [11.0892136, 36.8512463], [11.0897105, 36.851407]]}}, {"type": "Feature", "properties": {"highway": "unclassified", "tracktype": "grade3"}, "geometry": {"type": "LineString", "coordinates": [[11.0164131, 36.8795112], [11.0164668, 36.8795005], [11.0165332, 36.879486], [11.0166156, 36.8794688], [11.0167075, 36.8794447], [11.0167665, 36.8794195], [11.0167906, 36.8794023], [11.0168161, 36.8793776], [11.0169227, 36.8792746], [11.0170535, 36.8791529], [11.0172077, 36.8790295], [11.0174049, 36.8788986], [11.017655, 36.8787324], [11.0177113, 36.878683], [11.017777, 36.8786047], [11.0179071, 36.8784792], [11.0180332, 36.878388], [11.018347, 36.8782367], [11.0184248, 36.8782131], [11.0185052, 36.8781992], [11.0185763, 36.8781981], [11.0187171, 36.8782207], [11.0188593, 36.8782636], [11.018984, 36.878285], [11.0190779, 36.878285], [11.0191463, 36.8782711], [11.0191999, 36.8782443], [11.0192361, 36.8782089], [11.0192978, 36.8781091], [11.0193957, 36.8779074], [11.0195379, 36.8775909], [11.0196787, 36.8772326], [11.0197101, 36.877126], [11.0197511, 36.876987], [11.0198262, 36.8767402], [11.0198759, 36.8766147], [11.0199134, 36.8765321], [11.0199617, 36.8764602], [11.0200341, 36.8763637], [11.0201226, 36.8762703], [11.0202701, 36.8761706], [11.0203707, 36.876103], [11.0204512, 36.8760354], [11.0205303, 36.8759571], [11.020588, 36.8758713], [11.0207744, 36.875543], [11.0210372, 36.8750227], [11.0211486, 36.8747824], [11.0213108, 36.8744981], [11.0214221, 36.8743093], [11.0215415, 36.8741001], [11.02163, 36.8739091], [11.0217024, 36.8737396], [11.021807, 36.873496], [11.0219023, 36.8732858], [11.0219546, 36.8731495], [11.0219841, 36.873068]]}}, {"type": "Feature", "properties": {"highway": "track", "tracktype": "grade3"}, "geometry": {"type": "LineString", "coordinates": [[11.0428583, 36.8715271], [11.0417854, 36.8711065], [11.0404706, 36.8705186], [11.040313, 36.8704642]]}}, {"type": "Feature", "properties": {"highway": "residential"}, "geometry": {"type": "LineString", "coordinates": [[11.0353007, 36.8640722], [11.0349754, 36.8639781], [11.0346508, 36.8639075], [11.0343986, 36.8638665], [11.0342324, 36.8638475], [11.0340768, 36.8638281], [11.0337629, 36.863742], [11.0336649, 36.8637088], [11.033535, 36.8636648], [11.033299, 36.8635771], [11.0330736, 36.8634759], [11.0330097, 36.8634499], [11.0328939, 36.8634029], [11.0326364, 36.8632936], [11.0320437, 36.8630661], [11.031408, 36.8628858], [11.0310781, 36.8628067], [11.0307155, 36.8627399], [11.0303091, 36.8627117], [11.0300025, 36.8626886], [11.0292059, 36.8626178], [11.0289806, 36.8626049], [11.0287735, 36.8625768], [11.0286306, 36.8625438], [11.0284119, 36.8624738]]}}, {"type": "Feature", "properties": {"highway": "residential"}, "geometry": {"type": "LineString", "coordinates": [[11.0386024, 36.8722719], [11.0386802, 36.8722178], [11.0387211, 36.8721872], [11.0387814, 36.8721577], [11.0388464, 36.87214], [11.0389189, 36.872118], [11.0389866, 36.8720955], [11.0390624, 36.8720509], [11.0391757, 36.8719458], [11.0393446, 36.8717503], [11.040034, 36.8707999], [11.0401762, 36.8706197], [11.040313, 36.8704642], [11.0404484, 36.8703183], [11.0406469, 36.8701552], [11.0407233, 36.8700983], [11.0407917, 36.8700393], [11.0411136, 36.8696338], [11.0413094, 36.8694256], [11.0414314, 36.8693044], [11.0414596, 36.8692556], [11.0414623, 36.8692153], [11.0414475, 36.8691638], [11.0413067, 36.8689214], [11.0410747, 36.868578], [11.0410224, 36.8685104], [11.0409634, 36.868445], [11.0408842, 36.8683857], [11.0405409, 36.8681368], [11.0401064, 36.8678023], [11.0398221, 36.8675298], [11.0394728, 36.8671883], [11.0394064, 36.8670931], [11.0393607, 36.8669952], [11.0393393, 36.8668935], [11.0393286, 36.866826], [11.039299, 36.8667485], [11.0392562, 36.86668], [11.0391998, 36.8666261], [11.0390335, 36.8664909], [11.0388646, 36.8663796], [11.0387861, 36.866335], [11.0387411, 36.8662741], [11.0386366, 36.8661586], [11.0385239, 36.8660682], [11.0381362, 36.8657348], [11.0380947, 36.8656991], [11.0376227, 36.8653729], [11.037091, 36.8649395], [11.0367048, 36.8646476], [11.0363615, 36.8644416], [11.0360289, 36.8643043], [11.0354662, 36.8640153]]}}, {"type": "Feature", "properties": {"highway": "residential"}, "geometry": {"type": "LineString", "coordinates": [[11.0300025, 36.8626886], [11.0300857, 36.8624676], [11.0301742, 36.8622401], [11.030201, 36.8621586], [11.030187, 36.8620553], [11.0301334, 36.8619372], [11.0300535, 36.8618514], [11.0300092, 36.8618281], [11.0299408, 36.8618045], [11.0297933, 36.8617677], [11.0294554, 36.8616862], [11.029047, 36.8615625]]}}, {"type": "Feature", "properties": {"highway": "residential"}, "geometry": {"type": "LineString", "coordinates": [[11.0340929, 36.8690254], [11.0340875, 36.8689718], [11.0341223, 36.8688964], [11.0341755, 36.8688149], [11.034264, 36.8686218]]}}, {"type": "Feature", "properties": {"highway": "residential"}, "geometry": {"type": "LineString", "coordinates": [[11.0334831, 36.8651166], [11.0338944, 36.8653582], [11.0342216, 36.8655363], [11.0345596, 36.8657205], [11.0346575, 36.8657611], [11.034746, 36.8658075], [11.0347836, 36.8658335], [11.0348104, 36.8658555], [11.0348292, 36.8658828], [11.0348359, 36.8659097], [11.0348412, 36.8660253], [11.0348466, 36.8664072], [11.0348004, 36.8669587], [11.0347763, 36.86733], [11.0346958, 36.8677291], [11.0346454, 36.8679866], [11.0345751, 36.8681282], [11.0343713, 36.8684264], [11.034264, 36.8686218]]}}, {"type": "Feature", "properties": {"highway": "residential"}, "geometry": {"type": "LineString", "coordinates": [[11.0339663, 36.8701066], [11.0343364, 36.8702375], [11.0346181, 36.8703513], [11.0349828, 36.8705165], [11.0351738, 36.8706088], [11.0353959, 36.8706817], [11.0356057, 36.8707292], [11.0356942, 36.8707571], [11.0358149, 36.870785], [11.0360965, 36.8709416], [11.0364881, 36.8711476], [11.0372842, 36.8716215], [11.0374698, 36.8717334], [11.0378131, 36.8718879], [11.0386024, 36.8722719]]}}, {"type": "Feature", "properties": {"highway": "residential"}, "geometry": {"type": "LineString", "coordinates": [[11.034264, 36.8686218], [11.0347441, 36.8688256], [11.0347769, 36.8688495], [11.0347956, 36.8688752], [11.034795, 36.8688988], [11.0347849, 36.8689267], [11.0347259, 36.869034], [11.0346427, 36.8691389], [11.0344652, 36.8693771], [11.0342774, 36.8696689], [11.0341487, 36.869862], [11.0339663, 36.8701066]]}}, {"type": "Feature", "properties": {"highway": "residential"}, "geometry": {"type": "LineString", "coordinates": [[11.0308884, 36.8603138], [11.0310856, 36.8599651], [11.0313208, 36.8596113]]}}, {"type": "Feature", "properties": {"highway": "residential"}, "geometry": {"type": "LineString", "coordinates": [[11.0317007, 36.8607544], [11.0318241, 36.860583], [11.0320001, 36.8603382], [11.0320457, 36.8602685], [11.0320859, 36.8602111], [11.0323544, 36.859769], [11.0323917, 36.8597117]]}}, {"type": "Feature", "properties": {"highway": "track", "tracktype": "grade3"}, "geometry": {"type": "LineString", "coordinates": [[11.0296401, 36.8598059], [11.0282135, 36.8592869], [11.0269695, 36.858832], [11.0265231, 36.8586216], [11.0262184, 36.8584457], [11.025918, 36.8581967], [11.0255384, 36.8578818], [11.0250747, 36.8574971], [11.0243945, 36.8570035], [11.0236757, 36.8565399], [11.0225492, 36.8559047], [11.0210257, 36.8550033], [11.0208862, 36.8549002]]}}, {"type": "Feature", "properties": {"highway": "track", "tracktype": "grade3"}, "geometry": {"type": "LineString", "coordinates": [[11.0238632, 36.8631714], [11.0240134, 36.8632744], [11.0243192, 36.8634032], [11.0244479, 36.8634246], [11.0246088, 36.8634504], [11.0247097, 36.8634622], [11.0248502, 36.8634933], [11.0250541, 36.8635792], [11.0268831, 36.8644054]]}}, {"type": "Feature", "properties": {"highway": "track", "tracktype": "grade4"}, "geometry": {"type": "LineString", "coordinates": [[11.0319631, 36.8552226], [11.0329657, 36.8556941]]}}, {"type": "Feature", "properties": {"highway": "residential"}, "geometry": {"type": "LineString", "coordinates": [[11.0328584, 36.8599648], [11.0324802, 36.8604821], [11.0324031, 36.8605963], [11.0323092, 36.8607336], [11.0321341, 36.8609582], [11.0318238, 36.861253]]}}, {"type": "Feature", "properties": {"highway": "residential"}, "geometry": {"type": "LineString", "coordinates": [[11.0320001, 36.8603382], [11.0319538, 36.8603173], [11.0318358, 36.8602561], [11.0316027, 36.8601566], [11.0315389, 36.8601321], [11.0310856, 36.8599651], [11.0307871, 36.8598344], [11.0305385, 36.8597322], [11.0300126, 36.8595066]]}}, {"type": "Feature", "properties": {"highway": "residential"}, "geometry": {"type": "LineString", "coordinates": [[11.0319894, 36.8594004], [11.0318425, 36.8596263], [11.0317782, 36.8597765], [11.0317533, 36.8598704], [11.0316027, 36.8601566], [11.0314478, 36.8603692], [11.0313165, 36.8605494], [11.0312712, 36.8606371], [11.0312524, 36.860725], [11.0312095, 36.8608195], [11.0311666, 36.8609053], [11.0311398, 36.8609568]]}}, {"type": "Feature", "properties": {"highway": "residential"}, "geometry": {"type": "LineString", "coordinates": [[11.0337737, 36.861695], [11.0336745, 36.8616543], [11.0336181, 36.8616135], [11.0335457, 36.8615427], [11.0334002, 36.8612975], [11.0333533, 36.8611961], [11.0333375, 36.8611773], [11.0333137, 36.8611596], [11.0332507, 36.8611306], [11.0332349, 36.8611089], [11.0332265, 36.8610749], [11.0332232, 36.8610143]]}}, {"type": "Feature", "properties": {"highway": "residential", "tracktype": "grade3"}, "geometry": {"type": "LineString", "coordinates": [[11.0350478, 36.8566373], [11.0352731, 36.8569265], [11.0354447, 36.857095], [11.0354977, 36.8571706], [11.0355198, 36.8572935], [11.0355379, 36.8573664], [11.0355634, 36.8574163], [11.0355929, 36.8574485], [11.0357445, 36.8575295], [11.0358021, 36.8575634], [11.0358316, 36.8576025], [11.035843, 36.8576315], [11.0358377, 36.8576572], [11.0358196, 36.8576868], [11.0356365, 36.8578541], [11.035611, 36.8578601], [11.0355828, 36.8578613], [11.0355105, 36.8578555], [11.0352516, 36.8577828], [11.0350773, 36.8577495], [11.0349472, 36.8577581], [11.0348037, 36.8577892], [11.0344711, 36.8579191], [11.0343853, 36.8579438], [11.0342967, 36.8579395], [11.0340976, 36.8579089], [11.0340117, 36.8579132], [11.033883, 36.8579304]]}}, {"type": "Feature", "properties": {"highway": "track", "tracktype": "grade3"}, "geometry": {"type": "LineString", "coordinates": [[11.0329657, 36.8556941], [11.0337791, 36.8561195]]}}, {"type": "Feature", "properties": {"highway": "track", "tracktype": "grade4"}, "geometry": {"type": "LineString", "coordinates": [[11.032397, 36.8560203], [11.0324775, 36.8560075], [11.0325746, 36.8559695], [11.0328436, 36.855757], [11.0329657, 36.8556941]]}}, {"type": "Feature", "properties": {"highway": "residential"}, "geometry": {"type": "LineString", "coordinates": [[11.0338837, 36.8609118], [11.0335457, 36.8607808], [11.0334653, 36.8607529], [11.0334104, 36.860728]]}}, {"type": "Feature", "properties": {"highway": "residential", "tracktype": "grade3"}, "geometry": {"type": "LineString", "coordinates": [[11.0326023, 36.8583], [11.0325171, 36.8582568], [11.0325013, 36.8582539], [11.0324738, 36.8582531], [11.0324554, 36.8582505], [11.0324415, 36.8582451], [11.0324328, 36.8582376], [11.0324252, 36.858226], [11.032419, 36.8582063], [11.0324153, 36.8582021], [11.0324068, 36.8581971], [11.03216, 36.8581123]]}}, {"type": "Feature", "properties": {"highway": "residential", "tracktype": "grade3"}, "geometry": {"type": "LineString", "coordinates": [[11.0351081, 36.8583419], [11.035264, 36.8581299], [11.0353609, 36.8580097], [11.0354139, 36.8579491], [11.0354863, 36.8578845], [11.0355105, 36.8578555]]}}, {"type": "Feature", "properties": {"highway": "residential", "tracktype": "grade3"}, "geometry": {"type": "LineString", "coordinates": [[11.0346763, 36.8584813], [11.0345006, 36.8582968], [11.0343658, 36.8581793], [11.033883, 36.8579304], [11.0336148, 36.8578231], [11.0334056, 36.8577501], [11.0332058, 36.8577088]]}}, {"type": "Feature", "properties": {"highway": "residential", "tracktype": "grade3"}, "geometry": {"type": "LineString", "coordinates": [[11.0389805, 36.8625792], [11.0389182, 36.8624826], [11.0388578, 36.8623592], [11.0388418, 36.8622541], [11.0388431, 36.8621521], [11.0388471, 36.8620899], [11.0388478, 36.8620668], [11.0388505, 36.8620438], [11.0388592, 36.862018], [11.0388746, 36.8619912], [11.0389034, 36.8619526], [11.0389309, 36.8619107], [11.0389443, 36.8618817], [11.0389571, 36.8618506], [11.0389658, 36.8618292], [11.0389745, 36.8617991], [11.0389718, 36.8617782], [11.0389557, 36.8617476], [11.0389316, 36.8617154], [11.0388981, 36.8616843], [11.0388538, 36.8616543], [11.0388082, 36.8616274], [11.038764, 36.8616049], [11.0387278, 36.8615867], [11.0383549, 36.8614343], [11.0378332, 36.8612186], [11.0372753, 36.8609901], [11.036692, 36.8607669], [11.0362467, 36.8606145], [11.0358953, 36.8604868], [11.0355733, 36.860355], [11.0350315, 36.8601436], [11.0340976, 36.8598339], [11.0339781, 36.8597891], [11.0337844, 36.8597164], [11.0333921, 36.8596258], [11.0332411, 36.8595828], [11.0330763, 36.859549], [11.032837, 36.8594842], [11.0326626, 36.8593983], [11.0325131, 36.859313], [11.0323648, 36.8592159], [11.0321135, 36.85902], [11.0320216, 36.858939], [11.0319464, 36.8588725], [11.0318566, 36.8587957]]}}, {"type": "Feature", "properties": {"highway": "residential"}, "geometry": {"type": "LineString", "coordinates": [[11.0320457, 36.8602685], [11.0322495, 36.8603597], [11.0323736, 36.8604225], [11.0324802, 36.8604821], [11.0328866, 36.8606666]]}}, {"type": "Feature", "properties": {"highway": "residential", "tracktype": "grade3"}, "geometry": {"type": "LineString", "coordinates": [[11.034811, 36.8535994], [11.0347889, 36.8536933], [11.0347742, 36.853763], [11.0347286, 36.8539497], [11.0345851, 36.8543436], [11.0344778, 36.8546054], [11.0342364, 36.8551012], [11.0340312, 36.8555057], [11.0339186, 36.8557053], [11.0338341, 36.8558491], [11.0337965, 36.8559382], [11.0337844, 36.8560197], [11.0337791, 36.8561195]]}}, {"type": "Feature", "properties": {"highway": "residential"}, "geometry": {"type": "LineString", "coordinates": [[11.0301061, 36.8668668], [11.0303164, 36.867195], [11.0304169, 36.8674901], [11.0304839, 36.8676652], [11.0305807, 36.8678033], [11.030769, 36.8680056], [11.0309909, 36.8681725], [11.0312859, 36.8683914], [11.0313215, 36.8684214], [11.0313456, 36.8684391], [11.0315569, 36.8686242], [11.031879, 36.8689058], [11.0321024, 36.8691123], [11.0322556, 36.8692443], [11.0324393, 36.8693559], [11.0326592, 36.8694642], [11.0331045, 36.869666], [11.0335658, 36.8698935], [11.0339663, 36.8701066]]}}, {"type": "Feature", "properties": {"highway": "residential"}, "geometry": {"type": "LineString", "coordinates": [[11.0332392, 36.8601633], [11.0329483, 36.8605851], [11.0328866, 36.8606666], [11.0327451, 36.8608774], [11.0325835, 36.8610872], [11.0325587, 36.8611188], [11.0325443, 36.8611339], [11.0325394, 36.8611354], [11.0325352, 36.8611355], [11.0325226, 36.8611351], [11.032511, 36.8611319], [11.0324899, 36.8611243], [11.0324708, 36.8611183]]}}, {"type": "Feature", "properties": {"highway": "residential"}, "geometry": {"type": "LineString", "coordinates": [[11.0315813, 36.8588906], [11.031628, 36.8590168], [11.0316816, 36.8591177], [11.031746, 36.8591799], [11.0318264, 36.8592271], [11.0319142, 36.8592974], [11.0319894, 36.8594004], [11.0320625, 36.8594954], [11.0321745, 36.859585], [11.0322764, 36.8596494], [11.0323917, 36.8597117], [11.0324652, 36.859748], [11.0328584, 36.8599648], [11.0332392, 36.8601633], [11.0335557, 36.8603082]]}}, {"type": "Feature", "properties": {"highway": "residential"}, "geometry": {"type": "LineString", "coordinates": [[11.0332232, 36.8610143], [11.0333855, 36.8607556], [11.0334104, 36.860728], [11.0335235, 36.8606022], [11.0335967, 36.8605083], [11.0336477, 36.8604461], [11.0336624, 36.8604241], [11.0336738, 36.8604021], [11.0336728, 36.8603873], [11.0336718, 36.860371], [11.0336564, 36.8603565], [11.0336289, 36.8603431], [11.0335557, 36.8603082]]}}, {"type": "Feature", "properties": {"highway": "residential"}, "geometry": {"type": "LineString", "coordinates": [[11.0343483, 36.8593012], [11.0343289, 36.8592722], [11.0342726, 36.8592421], [11.0342022, 36.8592148], [11.0339407, 36.8591108], [11.0338515, 36.8590683], [11.033814, 36.8590543], [11.0337824, 36.8590522], [11.0337167, 36.8590527], [11.0336604, 36.8590425], [11.0335826, 36.8590034], [11.0334713, 36.8589379], [11.033415, 36.8588864], [11.0333359, 36.8587856], [11.0332149, 36.8586504], [11.0331568, 36.858609], [11.0330775, 36.8585687], [11.0327672, 36.8583982], [11.0326023, 36.8583]]}}, {"type": "Feature", "properties": {"highway": "track", "tracktype": "grade3"}, "geometry": {"type": "LineString", "coordinates": [[11.0391246, 36.857828], [11.0392367, 36.8576943], [11.0393547, 36.8575226], [11.0394142, 36.8574675], [11.0395162, 36.8574074], [11.0396181, 36.8573559], [11.0401171, 36.8566368], [11.0405114, 36.8559092], [11.0407501, 36.8555122]]}}, {"type": "Feature", "properties": {"highway": "residential"}, "geometry": {"type": "LineString", "coordinates": [[11.0492721, 36.8611784], [11.0494921, 36.8608356], [11.049519, 36.8607932], [11.0495498, 36.8607465], [11.0495954, 36.860662], [11.0496564, 36.860541], [11.0497282, 36.8604005], [11.0498569, 36.8601805], [11.049991, 36.8599562], [11.0501069, 36.8597627], [11.0502136, 36.8596022], [11.0503161, 36.8594666], [11.0503374, 36.8594425], [11.0503651, 36.8594133], [11.0503867, 36.8594004], [11.0504044, 36.859398], [11.0504222, 36.8593983], [11.0504401, 36.8594011], [11.0506844, 36.8594879], [11.0507065, 36.8594913], [11.0507253, 36.8594905], [11.0507414, 36.8594876], [11.0508057, 36.8594589], [11.0508741, 36.8594256]]}}, {"type": "Feature", "properties": {"highway": "track", "tracktype": "grade3"}, "geometry": {"type": "LineString", "coordinates": [[11.0508614, 36.8622074], [11.0511081, 36.8623384], [11.0515051, 36.8625186], [11.0525619, 36.862995], [11.0530447, 36.8632053], [11.0535388, 36.8634163], [11.0538874, 36.8635493], [11.0550832, 36.864068], [11.056553, 36.8646946], [11.0566179, 36.8647379], [11.0566233, 36.8648066], [11.0565852, 36.8649478], [11.0565906, 36.8650079], [11.0566549, 36.8650594], [11.0568271, 36.8651242], [11.0581629, 36.8656693], [11.0582482, 36.8657246], [11.0582804, 36.8657804], [11.0582702, 36.8658495]]}}, {"type": "Feature", "properties": {"highway": "track", "tracktype": "grade3"}, "geometry": {"type": "LineString", "coordinates": [[11.0505025, 36.8484833], [11.0503094, 36.8486336], [11.0501806, 36.848758], [11.0501538, 36.8488053], [11.0501485, 36.8489083], [11.0501216, 36.8489899], [11.0499446, 36.849226], [11.0492955, 36.8499257], [11.0489002, 36.8503757], [11.0486625, 36.8506211], [11.0485391, 36.8507413], [11.0480942, 36.8511662], [11.0468818, 36.852454], [11.04634, 36.8529777], [11.0457285, 36.8535357], [11.0456587, 36.85357], [11.0455581, 36.8535737], [11.0454817, 36.8535657], [11.0453208, 36.8535357], [11.0452617, 36.85354], [11.0452188, 36.8535529], [11.0450901, 36.8536859], [11.0449399, 36.8538877], [11.0445858, 36.8542311], [11.0440011, 36.8548406], [11.0435894, 36.8552906], [11.0431012, 36.8559173], [11.0429242, 36.856162], [11.0428317, 36.856227], [11.0427472, 36.8563079], [11.0426894, 36.85642]]}}, {"type": "Feature", "properties": {"highway": "track", "tracktype": "grade3"}, "geometry": {"type": "LineString", "coordinates": [[11.0512267, 36.8486636], [11.0510459, 36.8487617], [11.0509494, 36.8488132]]}}, {"type": "Feature", "properties": {"highway": "track", "tracktype": "grade3"}, "geometry": {"type": "LineString", "coordinates": [[11.0619168, 36.8538457], [11.0602658, 36.8531065], [11.0588549, 36.8525227], [11.0585211, 36.8523762], [11.0576844, 36.852008], [11.0568078, 36.8516218], [11.0563465, 36.8514166], [11.0558221, 36.8511859], [11.0557531, 36.8511623], [11.0557222, 36.851158], [11.05568, 36.8511569], [11.0556297, 36.8511618], [11.0555885, 36.8511682], [11.0555688, 36.8511659], [11.0555533, 36.851162], [11.0555279, 36.8511525], [11.0555016, 36.8511403], [11.0550128, 36.8509171], [11.0545649, 36.8507143], [11.054538, 36.8506976], [11.0545139, 36.8506751], [11.0544985, 36.8506542], [11.0544894, 36.8506343], [11.054475, 36.8505764], [11.0544693, 36.8505589], [11.0544626, 36.8505401], [11.0544539, 36.8505211], [11.0544348, 36.8504935], [11.0543992, 36.8504575], [11.0543764, 36.8504379], [11.0543557, 36.8504216], [11.0543293, 36.8504047], [11.0543177, 36.8503975], [11.0543128, 36.8503946], [11.0543088, 36.8503922], [11.0543051, 36.8503901], [11.0543017, 36.8503886], [11.0542952, 36.8503864], [11.0542907, 36.8503853], [11.0542863, 36.8503843], [11.054279, 36.8503829], [11.0542671, 36.8503812], [11.05425, 36.8503805], [11.0542058, 36.8503794], [11.0541495, 36.8503819], [11.0540653, 36.8503894], [11.0539889, 36.8503955], [11.0538192, 36.8503998], [11.053665, 36.8503955], [11.053359, 36.850371], [11.0532706, 36.850356], [11.053197, 36.8503318], [11.0531244, 36.8502948], [11.0530522, 36.8502556], [11.0520957, 36.8496348], [11.0513517, 36.8491008], [11.0509494, 36.8488132], [11.0505025, 36.8484833]]}}, {"type": "Feature", "properties": {"highway": "service"}, "geometry": {"type": "LineString", "coordinates": [[11.0571399, 36.8518696], [11.0582665, 36.8523611], [11.0615548, 36.8538098], [11.0616163, 36.8538384], [11.0617807, 36.8539147]]}}, {"type": "Feature", "properties": {"highway": "track", "tracktype": "grade4"}, "geometry": {"type": "LineString", "coordinates": [[11.0604726, 36.8492189], [11.0600942, 36.8497032], [11.0597505, 36.8502473], [11.0595968, 36.8504907], [11.0594453, 36.8507306], [11.0591943, 36.8511281], [11.0590607, 36.8513396], [11.0588887, 36.851612]]}}, {"type": "Feature", "properties": {"highway": "service"}, "geometry": {"type": "LineString", "coordinates": [[11.0616163, 36.8538384], [11.0608372, 36.8542631], [11.0599038, 36.8547417], [11.0598367, 36.8547707], [11.0597777, 36.8547803], [11.0597214, 36.8547835], [11.0596691, 36.854775], [11.0589221, 36.8544284], [11.0580524, 36.8539846], [11.0574791, 36.8537024], [11.0573631, 36.8536407], [11.0573255, 36.8536106], [11.0573128, 36.8535886], [11.0573034, 36.853564], [11.0573061, 36.8535328], [11.0573316, 36.853484]]}}, {"type": "Feature", "properties": {"highway": "unclassified", "lanes": "2", "oneway": "no", "surface": "unpaved"}, "geometry": {"type": "LineString", "coordinates": [[11.0443202, 36.8405283], [11.0444087, 36.8405648], [11.0445669, 36.8405948], [11.0452925, 36.8406292], [11.0454655, 36.8406592], [11.0455915, 36.8407043], [11.0456666, 36.8407365], [11.0465182, 36.8411873], [11.0472384, 36.8415876], [11.047689, 36.841842], [11.0484406, 36.8422584], [11.0494656, 36.84278], [11.0497484, 36.8429462], [11.0498976, 36.8430213], [11.0500591, 36.8431457]]}}, {"type": "Feature", "properties": {"highway": "service"}, "geometry": {"type": "LineString", "coordinates": [[11.0573316, 36.853484], [11.0582665, 36.8523611]]}}, {"type": "Feature", "properties": {"highway": "track", "tracktype": "grade3"}, "geometry": {"type": "LineString", "coordinates": [[11.0588887, 36.851612], [11.0588054, 36.8517852], [11.0586951, 36.8520144], [11.0586032, 36.8522054], [11.0585211, 36.8523762]]}}, {"type": "Feature", "properties": {"highway": "track", "tracktype": "grade2"}, "geometry": {"type": "LineString", "coordinates": [[11.037832, 36.8363768], [11.0379514, 36.8363934], [11.0380359, 36.8364284], [11.0381378, 36.8365142], [11.038347, 36.8367504], [11.0384569, 36.8369198], [11.0387117, 36.8371302], [11.0388672, 36.8373287], [11.0389182, 36.837435], [11.0390067, 36.8376271], [11.0390791, 36.8378396], [11.0391073, 36.8379545], [11.039122, 36.8380693], [11.0391435, 36.8381928], [11.0392722, 36.8384622], [11.0393031, 36.8385953], [11.0392588, 36.8388153], [11.039165, 36.8390815], [11.0391234, 36.8392167], [11.0391195, 36.8392599], [11.0391257, 36.8392835], [11.0391594, 36.8393045], [11.039234, 36.8393514], [11.0398838, 36.8396482], [11.0404296, 36.8398591], [11.0409917, 36.8400734], [11.0421201, 36.840561], [11.0426901, 36.8408197], [11.0432627, 36.8410875], [11.0433505, 36.8411191], [11.0434142, 36.8411266], [11.0435034, 36.8411165], [11.0436121, 36.8410612], [11.0443202, 36.8405283]]}}, {"type": "Feature", "properties": {"highway": "unclassified", "lanes": "2", "oneway": "no", "surface": "unpaved"}, "geometry": {"type": "LineString", "coordinates": [[11.0468174, 36.8384913], [11.0461253, 36.8390171], [11.0456693, 36.8393541], [11.0452402, 36.8397212], [11.0448083, 36.8401054], [11.0443202, 36.8405283]]}}, {"type": "Feature", "properties": {"highway": "track", "tracktype": "grade4"}, "geometry": {"type": "LineString", "coordinates": [[11.0373921, 36.8362781], [11.0375115, 36.8363247], [11.0376014, 36.8363854], [11.0377033, 36.8363897], [11.037832, 36.8363768]]}}, {"type": "Feature", "properties": {"highway": "track", "tracktype": "grade2"}, "geometry": {"type": "LineString", "coordinates": [[11.0601923, 36.8446148], [11.0598484, 36.84504], [11.059606, 36.8449129], [11.0589638, 36.8445762], [11.0569247, 36.8436611], [11.0567447, 36.8435329], [11.0567057, 36.8434149]]}}, {"type": "Feature", "properties": {"highway": "track", "tracktype": "grade4"}, "geometry": {"type": "LineString", "coordinates": [[11.0561351, 36.8525527], [11.0564315, 36.8521342], [11.0568078, 36.8516218]]}}, {"type": "Feature", "properties": {"highway": "track", "tracktype": "grade2"}, "geometry": {"type": "LineString", "coordinates": [[11.059393, 36.844529], [11.0597041, 36.8447007], [11.0597148, 36.8447608], [11.0596719, 36.8448338], [11.059606, 36.8449129]]}}, {"type": "Feature", "properties": {"highway": "residential", "tracktype": "grade3"}, "geometry": {"type": "LineString", "coordinates": [[11.0645239, 36.8527339], [11.0642396, 36.8525203], [11.0637353, 36.8521179], [11.0637031, 36.8520685], [11.063687, 36.8519924], [11.0638131, 36.8512605], [11.0639338, 36.850755], [11.0639271, 36.850696], [11.0638895, 36.8506391], [11.0638292, 36.8506112], [11.0634966, 36.8504889], [11.0629655, 36.85027], [11.0624171, 36.8500355], [11.0620683, 36.8499019], [11.0615198, 36.8496862], [11.0611644, 36.8495284], [11.0604726, 36.8492189], [11.0604308, 36.8491914], [11.0603879, 36.8491324], [11.0603651, 36.8491077], [11.0602967, 36.8490648], [11.0595833, 36.8487622], [11.05891, 36.8484864]]}}, {"type": "Feature", "properties": {"highway": "track", "tracktype": "grade3"}, "geometry": {"type": "LineString", "coordinates": [[11.0550167, 36.8520891], [11.0555885, 36.8511682]]}}, {"type": "Feature", "properties": {"highway": "unclassified", "surface": "asphalt"}, "geometry": {"type": "LineString", "coordinates": [[11.0298363, 36.8046541], [11.0298315, 36.8043712], [11.029861, 36.8042224], [11.0298925, 36.8040662], [11.0299009, 36.8039803], [11.0299109, 36.8038945]]}}, {"type": "Feature", "properties": {"highway": "service", "surface": "unpaved"}, "geometry": {"type": "LineString", "coordinates": [[11.0334292, 36.7999572], [11.0343638, 36.8008512]]}}, {"type": "Feature", "properties": {"access": "no", "bridge": "yes", "highway": "unclassified", "layer": "1", "surface": "asphalt"}, "geometry": {"type": "LineString", "coordinates": [[11.0293925, 36.8025845], [11.0290987, 36.8022725]]}}, {"type": "Feature", "properties": {"highway": "unclassified", "surface": "unpaved"}, "geometry": {"type": "LineString", "coordinates": [[11.0360094, 36.7996265], [11.0343638, 36.8008512], [11.0340419, 36.8010767], [11.0332131, 36.8016651], [11.0322529, 36.8023502], [11.0311934, 36.8030676], [11.0304853, 36.8035529], [11.0299109, 36.8038945]]}}, {"type": "Feature", "properties": {"access": "no", "highway": "unclassified", "surface": "asphalt"}, "geometry": {"type": "LineString", "coordinates": [[11.0299109, 36.8038945], [11.0299201, 36.8036605], [11.0299194, 36.8034311], [11.029896, 36.8032443], [11.0297861, 36.8030134], [11.0296298, 36.8028212], [11.0293925, 36.8025845]]}}, {"type": "Feature", "properties": {"highway": "track", "tracktype": "grade3"}, "geometry": {"type": "LineString", "coordinates": [[11.0413347, 36.8051087], [11.0413511, 36.8051572], [11.0413806, 36.8052087], [11.0413798, 36.8052291], [11.0413672, 36.8052495], [11.0412867, 36.8053418], [11.0409193, 36.8056962], [11.0408039, 36.8057842], [11.0406832, 36.805868], [11.0404931, 36.8059859], [11.0402755, 36.8061644], [11.0401173, 36.8063104], [11.0398839, 36.8064779], [11.0397474, 36.8065529], [11.0396854, 36.8065702], [11.0395728, 36.8065896], [11.0395111, 36.8066089], [11.039455, 36.8066409], [11.0390605, 36.8069611], [11.0388861, 36.8070921], [11.0382641, 36.8074806], [11.0381593, 36.8075517], [11.0376791, 36.807906], [11.0372824, 36.8081979], [11.036786, 36.808561], [11.036566, 36.8087264], [11.0361583, 36.8090506], [11.0357292, 36.8093534], [11.0354476, 36.8095531], [11.0348245, 36.8099912]]}}, {"type": "Feature", "properties": {"highway": "residential", "tracktype": "grade2"}, "geometry": {"type": "LineString", "coordinates": [[11.0206805, 36.8126653], [11.0207221, 36.8126374], [11.0207945, 36.8125853], [11.0209152, 36.8124999], [11.0214107, 36.8121628], [11.0223328, 36.8115728], [11.0227069, 36.8113226], [11.0228598, 36.8112228], [11.0230033, 36.8111358], [11.0233855, 36.8108749], [11.0238375, 36.8105474], [11.024036, 36.8104025], [11.0244249, 36.8101297], [11.024783, 36.8098838], [11.0254421, 36.8094189], [11.0263681, 36.8087897], [11.0274893, 36.8079501], [11.0286374, 36.8071297], [11.0306637, 36.8058057]]}}, {"type": "Feature", "properties": {"highway": "track", "tracktype": "grade3"}, "geometry": {"type": "LineString", "coordinates": [[11.0244746, 36.8081745], [11.0250194, 36.8077984], [11.025132, 36.807734], [11.02529, 36.8076891], [11.0253788, 36.8076567], [11.0255236, 36.8075794], [11.0263122, 36.8070726], [11.0274733, 36.8062331], [11.0277308, 36.8060484], [11.0278679, 36.8059859], [11.0281492, 36.8057993], [11.0282619, 36.8056962], [11.0283799, 36.8056103], [11.0286564, 36.8054318], [11.0290075, 36.805155], [11.0291417, 36.8049961], [11.0292758, 36.8049145], [11.0294504, 36.8048305], [11.0298363, 36.8046541]]}}, {"type": "Feature", "properties": {"highway": "track", "tracktype": "grade3"}, "geometry": {"type": "LineString", "coordinates": [[11.0243781, 36.8037121], [11.0248072, 36.8038149], [11.0250593, 36.8038708], [11.0252471, 36.8038879], [11.0253436, 36.8039223], [11.0256601, 36.8042015], [11.0257674, 36.8042745], [11.0258533, 36.8043132], [11.0259337, 36.804296], [11.026261, 36.8041156], [11.0263361, 36.8040941], [11.0264112, 36.8041199], [11.0271729, 36.8048458], [11.027248, 36.8049317], [11.0276021, 36.8059711], [11.0276396, 36.8060184], [11.0277308, 36.8060484]]}}, {"type": "Feature", "properties": {"highway": "residential", "lanes": "2", "lit": "yes", "surface": "asphalt"}, "geometry": {"type": "LineString", "coordinates": [[11.0930994, 36.8479192], [11.0933214, 36.8480131], [11.0935326, 36.8481], [11.0939578, 36.8482272], [11.0942179, 36.848305], [11.0944345, 36.8483876], [11.0946028, 36.8484375], [11.0946873, 36.8484558], [11.0947343, 36.84846], [11.0947981, 36.8484619], [11.0948825, 36.8484643], [11.0949931, 36.8484665], [11.0951118, 36.8484702], [11.0952681, 36.8484804]]}}, {"type": "Feature", "properties": {"highway": "tertiary", "lanes": "2", "lit": "yes", "oneway": "no", "surface": "asphalt"}, "geometry": {"type": "LineString", "coordinates": [[11.0982983, 36.8480045], [11.0985718, 36.8481569], [11.0988495, 36.8483109], [11.0989366, 36.8483517], [11.099066, 36.8484118], [11.0992285, 36.8484788], [11.0993671, 36.8485314], [11.0994845, 36.8485684], [11.0996005, 36.8486033], [11.0997547, 36.8486457], [11.0999632, 36.8486919], [11.100098, 36.8487149], [11.1002315, 36.8487353], [11.1003448, 36.8487525], [11.1004793, 36.8487821], [11.1007942, 36.8488818], [11.1010252, 36.8489727], [11.1018006, 36.8493007], [11.1019924, 36.8493871], [11.1027479, 36.8497298]]}}, {"type": "Feature", "properties": {"highway": "tertiary", "lanes": "2", "lit": "yes", "oneway": "no", "surface": "asphalt"}, "geometry": {"type": "LineString", "coordinates": [[11.0982983, 36.8480045], [11.0985242, 36.8476973], [11.0989178, 36.8471845], [11.0992582, 36.8467405], [11.0993742, 36.8465927], [11.0999502, 36.8458293], [11.0999856, 36.8457764], [11.1000332, 36.8456991], [11.100838, 36.8446738], [11.1009081, 36.8445787], [11.1009955, 36.8444653], [11.1017483, 36.8434334], [11.1018892, 36.8432488], [11.1021163, 36.8429472], [11.1026653, 36.8422219], [11.1031884, 36.8415309], [11.103476, 36.8411582]]}}, {"type": "Feature", "properties": {"access": "private", "highway": "service"}, "geometry": {"type": "LineString", "coordinates": [[11.0934399, 36.8332625], [11.0932875, 36.8331931], [11.0931976, 36.8331199], [11.0929243, 36.8327598], [11.0927569, 36.8326545], [11.0926703, 36.8325999], [11.0926278, 36.8325732], [11.0924221, 36.8324314], [11.0922912, 36.8323411], [11.0921012, 36.8322892], [11.0920113, 36.8323331], [11.0919994, 36.8328222]]}}, {"type": "Feature", "properties": {"access": "private", "highway": "footway"}, "geometry": {"type": "LineString", "coordinates": [[11.0941372, 36.8339973], [11.0939506, 36.8336266], [11.0934399, 36.8332625]]}}, {"type": "Feature", "properties": {"access": "private", "highway": "footway"}, "geometry": {"type": "LineString", "coordinates": [[11.0934082, 36.8336076], [11.0936979, 36.8337061], [11.0939474, 36.83385], [11.0940359, 36.8339187], [11.0941372, 36.8339973]]}}, {"type": "Feature", "properties": {"highway": "unclassified", "lanes": "2", "oneway": "no", "surface": "unpaved"}, "geometry": {"type": "LineString", "coordinates": [[11.0283768, 36.8677756], [11.0278729, 36.8682315], [11.0275215, 36.8685491], [11.0271808, 36.8688559], [11.0270655, 36.8689825], [11.0270213, 36.8690437], [11.026973, 36.8691059], [11.026922, 36.8691746], [11.026859, 36.8692486], [11.0267289, 36.8693645], [11.0265197, 36.8695211], [11.0262474, 36.869711], [11.0259832, 36.8698955], [11.0257874, 36.8700468], [11.0256282, 36.8701833], [11.0254629, 36.8703451], [11.0253717, 36.870433], [11.0251987, 36.8705704], [11.0250176, 36.8707195], [11.0248983, 36.8708289], [11.0248406, 36.8708815], [11.0247749, 36.870933], [11.0247038, 36.8709695], [11.0246368, 36.8709995], [11.0245764, 36.8710231], [11.0244745, 36.8710607], [11.0243632, 36.8710789], [11.0243295, 36.8710852], [11.0242921, 36.8710886], [11.0242686, 36.8710887], [11.0242448, 36.8710888], [11.024222, 36.8710939], [11.0241996, 36.8711052], [11.0240339, 36.8712323], [11.023873, 36.8713605], [11.0238107, 36.8714061], [11.023747, 36.8714448], [11.0236068, 36.8715215], [11.0234385, 36.8716116], [11.0233245, 36.8716695], [11.02324, 36.871721], [11.0231616, 36.8717661], [11.0231267, 36.8717859], [11.0230844, 36.8718144], [11.023012, 36.8718734], [11.0229503, 36.8719243], [11.0229, 36.8719758], [11.0228779, 36.8720021], [11.0228518, 36.8720375], [11.0228176, 36.8720794], [11.0227847, 36.8721357], [11.0227599, 36.8721818], [11.0227398, 36.8722349], [11.0227325, 36.8722521], [11.0227287, 36.8722627], [11.022727, 36.8722722], [11.0227222, 36.8722812], [11.0227073, 36.8723068], [11.0226851, 36.8723417], [11.0226556, 36.8723851], [11.0226301, 36.8724254], [11.0225869, 36.8724951], [11.0225628, 36.872523], [11.0225356, 36.8725554], [11.0224984, 36.8725863], [11.0224441, 36.8726287], [11.0223334, 36.8727097], [11.0222409, 36.8727842], [11.022149, 36.8728593], [11.0220632, 36.8729462], [11.0220337, 36.8729822], [11.0219961, 36.8730315], [11.0219841, 36.873068]]}}, {"type": "Feature", "properties": {"highway": "residential", "lanes": "2", "oneway": "no", "surface": "asphalt"}, "geometry": {"type": "LineString", "coordinates": [[11.1144436, 36.8391051], [11.1142131, 36.8389816], [11.1136351, 36.8385426], [11.1131523, 36.8381369], [11.1127466, 36.8378461], [11.1124664, 36.837597], [11.1124308, 36.8375675], [11.1123899, 36.8375289], [11.1121997, 36.8373606], [11.112125, 36.8372904], [11.1113056, 36.8366053]]}}, {"type": "Feature", "properties": {"highway": "primary", "lanes": "2", "maxspeed": "50", "oneway": "no", "ref": "RR27", "surface": "asphalt"}, "geometry": {"type": "LineString", "coordinates": [[11.0889561, 36.8637627], [11.0888488, 36.8640853], [11.0886892, 36.8646167], [11.0886544, 36.8648217], [11.0886329, 36.8649719], [11.0886477, 36.8652434], [11.0886638, 36.8653646], [11.0887, 36.8655245], [11.0890648, 36.8668163], [11.0894949, 36.8685177], [11.0896019, 36.8688859], [11.0896669, 36.8691574], [11.089901, 36.8700913]]}}, {"type": "Feature", "properties": {"highway": "residential"}, "geometry": {"type": "LineString", "coordinates": [[11.0902516, 36.8438277], [11.0896884, 36.8433059]]}}, {"type": "Feature", "properties": {"highway": "residential", "lit": "no", "surface": "unpaved"}, "geometry": {"type": "LineString", "coordinates": [[11.0831646, 36.8474904], [11.0833235, 36.847572]]}}, {"type": "Feature", "properties": {"bridge": "yes", "highway": "residential", "layer": "1", "lit": "no", "oneway": "no", "surface": "unpaved"}, "geometry": {"type": "LineString", "coordinates": [[11.0830016, 36.8474829], [11.0831646, 36.8474904]]}}, {"type": "Feature", "properties": {"highway": "residential"}, "geometry": {"type": "LineString", "coordinates": [[11.0920385, 36.8502243], [11.0917751, 36.8501659]]}}, {"type": "Feature", "properties": {"bicycle": "yes", "foot": "yes", "highway": "tertiary", "lanes": "2", "lit": "yes", "maxspeed": "50", "name": "\u0634\u0627\u0631\u0639 \u0627\u0628\u0646 \u062e\u0644\u062f\u0648\u0646", "name:ar": "\u0634\u0627\u0631\u0639 \u0627\u0628\u0646 \u062e\u0644\u062f\u0648\u0646", "name:fr": "Avenue Ibn Khaldoun", "oneway": "yes", "surface": "asphalt"}, "geometry": {"type": "LineString", "coordinates": [[11.0894342, 36.8487332], [11.0897279, 36.8483881], [11.0899206, 36.848089], [11.0901524, 36.8478027], [11.0903797, 36.8475119], [11.0906387, 36.8472071], [11.0906801, 36.8471604], [11.0907106, 36.8471355]]}}, {"type": "Feature", "properties": {"highway": "residential", "lit": "yes", "maxspeed": "50", "name": "\u0634\u0627\u0631\u0639 \u0627\u0644\u0641\u0627\u0636\u0644 \u0628\u0646 \u0639\u0627\u0634\u0648\u0631", "name:ar": "\u0634\u0627\u0631\u0639 \u0627\u0644\u0641\u0627\u0636\u0644 \u0628\u0646 \u0639\u0627\u0634\u0648\u0631", "name:fr": "Avenue Fadhel Ben Achour", "oneway": "no", "surface": "asphalt"}, "geometry": {"type": "LineString", "coordinates": [[11.0894342, 36.8487332], [11.0892579, 36.8486097], [11.0887483, 36.8483629], [11.0883459, 36.8481472], [11.0881434, 36.8480366], [11.0877062, 36.8477469], [11.0869927, 36.8472972], [11.0869245, 36.847258], [11.0868184, 36.8471985], [11.0855137, 36.846675]]}}, {"type": "Feature", "properties": {"highway": "service", "maxspeed": "50", "name": "\u0646\u0647\u062c \u0633\u064a\u062f\u064a \u0639\u0628\u062f \u0627\u0644\u0642\u0627\u062f\u0631", "name:ar": "\u0646\u0647\u062c \u0633\u064a\u062f\u064a \u0639\u0628\u062f \u0627\u0644\u0642\u0627\u062f\u0631", "name:fr": "Rue Sidi Abdel Kader", "service": "alley"}, "geometry": {"type": "LineString", "coordinates": [[11.0942425, 36.8457562], [11.0941817, 36.8458752], [11.0941334, 36.8459939], [11.0939503, 36.8462331]]}}, {"type": "Feature", "properties": {"highway": "residential"}, "geometry": {"type": "LineString", "coordinates": [[11.0901659, 36.8446837], [11.0903088, 36.8445431]]}}, {"type": "Feature", "properties": {"highway": "residential", "maxspeed": "50", "name": "\u0646\u0647\u062c \u0623\u0628\u0648 \u0627\u0644\u0641\u0631\u062c \u0627\u0644\u0623\u0635\u0641\u0647\u0627\u0646\u064a", "name:ar": "\u0646\u0647\u062c \u0623\u0628\u0648 \u0627\u0644\u0641\u0631\u062c \u0627\u0644\u0623\u0635\u0641\u0647\u0627\u0646\u064a", "name:fr": "Rue Abou El Faraj El Asfahani", "oneway": "no"}, "geometry": {"type": "LineString", "coordinates": [[11.093823, 36.8541418], [11.0938766, 36.8541643], [11.0939692, 36.8542008], [11.0942642, 36.8543221], [11.094338, 36.8543521], [11.0946243, 36.8545077], [11.0952613, 36.8548919], [11.0956295, 36.8551183], [11.096005, 36.8553179]]}}, {"type": "Feature", "properties": {"bridge": "yes", "highway": "tertiary", "layer": "1"}, "geometry": {"type": "LineString", "coordinates": [[11.0141964, 36.8584443], [11.0141566, 36.8583728]]}}, {"type": "Feature", "properties": {"bridge": "yes", "highway": "tertiary", "layer": "1"}, "geometry": {"type": "LineString", "coordinates": [[11.0071081, 36.8110379], [11.0070764, 36.8107911]]}}, {"type": "Feature", "properties": {"highway": "tertiary"}, "geometry": {"type": "LineString", "coordinates": [[11.0070764, 36.8107911], [11.0070442, 36.8105066], [11.007016, 36.8102886], [11.0069919, 36.8101426], [11.0069637, 36.8099966], [11.006855, 36.8096165], [11.0068081, 36.8093416], [11.0067786, 36.8091129], [11.0067048, 36.808677], [11.0066163, 36.8082335], [11.0065922, 36.8079801], [11.0065479, 36.8077074], [11.0064956, 36.8074186], [11.0064514, 36.8071265], [11.0064353, 36.8069235], [11.006383, 36.8067679], [11.0063267, 36.8064608], [11.0063186, 36.8062492], [11.0063025, 36.8061397], [11.0062609, 36.8059765], [11.0062301, 36.8058573], [11.0062033, 36.8057735], [11.006155, 36.8056382], [11.0060799, 36.8054643], [11.0059216, 36.8050777], [11.0057795, 36.804733], [11.0056802, 36.8045011], [11.0055153, 36.8040716], [11.0053839, 36.8037097], [11.0052524, 36.803365], [11.0051974, 36.8032168], [11.0051478, 36.8030611], [11.0051076, 36.8028968], [11.0050727, 36.8027626], [11.0050526, 36.802594], [11.0050204, 36.8023717], [11.0049896, 36.8019733], [11.0049748, 36.8017124], [11.0049346, 36.8014847], [11.0049158, 36.8012528], [11.004897, 36.8010734], [11.004885, 36.8008211], [11.0048809, 36.800718], [11.0048729, 36.8006052], [11.0048716, 36.8005344], [11.0048555, 36.8004699], [11.0048447, 36.8004259], [11.0048152, 36.8003518], [11.0047737, 36.8002842], [11.004712, 36.800194], [11.0046302, 36.8000952], [11.0045738, 36.8000168], [11.0045108, 36.799933], [11.0044504, 36.7998503], [11.0043914, 36.7997547], [11.0043043, 36.7996345], [11.0041809, 36.7994433], [11.004079, 36.7992661], [11.0039274, 36.7990331], [11.0037477, 36.7987367], [11.0033521, 36.7981493], [11.0027325, 36.7972945], [11.0018997, 36.7960885], [11.0016408, 36.7955837], [11.0016073, 36.7954946], [11.0015912, 36.7953979], [11.0016006, 36.7952444], [11.0017843, 36.7948159], [11.0019319, 36.7944765], [11.0021156, 36.794106], [11.002294, 36.7937559], [11.0024643, 36.7934713], [11.0025917, 36.793206], [11.0034044, 36.791783], [11.0037303, 36.7912159], [11.0040106, 36.7907337], [11.0041648, 36.7904459], [11.0043365, 36.790041], [11.0044437, 36.7897489], [11.0044833, 36.7896001], [11.0045034, 36.7895018], [11.0045162, 36.7894127], [11.0045074, 36.7893123], [11.004494, 36.7892199], [11.0044645, 36.7891168], [11.004427, 36.789003], [11.0043391, 36.7887946], [11.0042506, 36.7886228], [11.0040843, 36.7883881], [11.0036619, 36.7878199], [11.0030758, 36.7870552], [11.0023221, 36.7860885], [11.0017683, 36.7853661], [11.0014228, 36.7849295], [11.0011374, 36.7845688], [11.0011084, 36.7845322], [11.0008335, 36.7841456], [11.0008093, 36.7841141], [11.0006457, 36.7839103], [11.0003708, 36.7835817], [11.0001857, 36.78334], [11.0001187, 36.7832594]]}}, {"type": "Feature", "properties": {"highway": "tertiary"}, "geometry": {"type": "LineString", "coordinates": [[11.0141566, 36.8583728], [11.0141399, 36.8582667], [11.0141493, 36.8581948], [11.0141601, 36.8581305], [11.0142057, 36.8580403], [11.0143988, 36.8578268], [11.0145289, 36.8576723], [11.0146281, 36.8575553], [11.0146764, 36.857478], [11.0147005, 36.8573686], [11.0147086, 36.8572259], [11.0147327, 36.8569297], [11.0147984, 36.8565219], [11.0149057, 36.856082], [11.0152718, 36.8547793], [11.0154797, 36.8539455], [11.0156608, 36.8534046], [11.0159934, 36.8527715], [11.0163984, 36.8521276], [11.0164413, 36.8520095], [11.0164346, 36.8518947], [11.0163474, 36.8517756], [11.0161918, 36.851649], [11.0145986, 36.8505157], [11.0144404, 36.8503762], [11.014266, 36.8501509], [11.0141239, 36.8498418], [11.0133594, 36.8479229], [11.0133085, 36.8476761], [11.0133111, 36.8474915], [11.013464, 36.8466823], [11.0135445, 36.8461672], [11.0137671, 36.8448922], [11.014148, 36.842692], [11.0143116, 36.8415801], [11.0144845, 36.8404492], [11.0145798, 36.8398263], [11.0147649, 36.8384267], [11.0149124, 36.8375225], [11.0149366, 36.8373539], [11.0149346, 36.8372423], [11.0148601, 36.8369686], [11.0148266, 36.8368865], [11.0145222, 36.8363005], [11.0144082, 36.836089], [11.0142928, 36.8359022], [11.0141788, 36.8357337], [11.0140702, 36.8356071], [11.0137349, 36.8352239], [11.0130644, 36.8345069], [11.0119553, 36.8333326], [11.0117233, 36.8330578], [11.0116515, 36.8329746], [11.0116059, 36.8328686], [11.0115811, 36.8327851], [11.0115677, 36.8326799], [11.0115597, 36.8324041], [11.0116214, 36.8312877], [11.0116321, 36.8309786], [11.0116214, 36.8307521], [11.0116106, 36.8304902], [11.0115704, 36.8302486], [11.0114926, 36.8299631], [11.0113652, 36.829582], [11.0113142, 36.82945], [11.0112485, 36.8292943], [11.0111681, 36.8291441], [11.0109052, 36.8287598], [11.0107014, 36.8284796], [11.0104553, 36.8281597], [11.0096566, 36.8271861], [11.0084884, 36.8257382], [11.0080337, 36.8251426], [11.0079313, 36.8249687], [11.0078475, 36.8247921], [11.0077718, 36.8245828], [11.0077355, 36.8242334], [11.0077623, 36.8239753], [11.0077912, 36.8235887], [11.0077845, 36.8233837], [11.0077643, 36.8231754], [11.0077254, 36.8229414], [11.0076581, 36.8227047], [11.007479, 36.8221835], [11.007293, 36.8215823], [11.0072386, 36.8213697], [11.0071758, 36.8210583], [11.007008, 36.8200363], [11.0069825, 36.8197787], [11.0069798, 36.8195865], [11.0069865, 36.819419], [11.0070308, 36.8188436], [11.0071327, 36.8179782], [11.0071823, 36.8175692], [11.0071877, 36.8170785], [11.0071971, 36.8164022], [11.0071997, 36.8159555], [11.0072239, 36.8154455], [11.0072359, 36.8147305], [11.0072279, 36.8140272], [11.007248, 36.8134077], [11.0072708, 36.8131146], [11.0072762, 36.8127646], [11.0072722, 36.8124371], [11.0072346, 36.8119089], [11.0071903, 36.8115202], [11.0071081, 36.8110379]]}}, {"type": "Feature", "properties": {"area": "yes", "highway": "pedestrian"}, "geometry": {"type": "LineString", "coordinates": [[11.0940355, 36.8453911], [11.0942983, 36.8455553], [11.0942447, 36.8456207], [11.0942178, 36.8456448], [11.0941816, 36.845666], [11.094132, 36.8456705], [11.0939957, 36.8456516], [11.0938917, 36.8456255], [11.0938652, 36.8455865], [11.0938503, 36.8455478], [11.0938574, 36.845511], [11.0938716, 36.845481], [11.0939463, 36.84544], [11.0940355, 36.8453911]]}}, {"type": "Feature", "properties": {"access": "yes", "foot": "yes", "highway": "service", "motor_vehicle": "no", "oneway": "no", "service": "alley", "surface": "asphalt"}, "geometry": {"type": "LineString", "coordinates": [[11.090905, 36.8475316], [11.0905916, 36.8473874]]}}, {"type": "Feature", "properties": {"highway": "service", "oneway": "no", "service": "alley", "surface": "asphalt"}, "geometry": {"type": "LineString", "coordinates": [[11.0899335, 36.8471544], [11.0902152, 36.846856]]}}, {"type": "Feature", "properties": {"highway": "service", "service": "alley"}, "geometry": {"type": "LineString", "coordinates": [[11.0876728, 36.8493567], [11.0880086, 36.8489505]]}}, {"type": "Feature", "properties": {"highway": "tertiary", "maxspeed": "50", "oneway": "no", "surface": "asphalt"}, "geometry": {"type": "LineString", "coordinates": [[11.0904702, 36.8469999], [11.0907106, 36.8471355], [11.0907774, 36.847176], [11.0910464, 36.8472957]]}}, {"type": "Feature", "properties": {"highway": "service", "oneway": "no", "surface": "earth"}, "geometry": {"type": "LineString", "coordinates": [[11.0727485, 36.8227992], [11.0721897, 36.8233322]]}}, {"type": "Feature", "properties": {"highway": "unclassified", "maxspeed": "50", "oneway": "no", "surface": "earth"}, "geometry": {"type": "LineString", "coordinates": [[11.0498616, 36.8245281], [11.0500105, 36.8244282], [11.0501727, 36.8243026], [11.0503739, 36.8240632], [11.0505255, 36.8239054], [11.0507789, 36.8236907], [11.0511866, 36.8233858], [11.0521388, 36.8226794], [11.0524231, 36.8225377], [11.0526404, 36.8224476], [11.0529247, 36.8223273], [11.0533887, 36.8221641], [11.0538554, 36.8220396], [11.0542443, 36.8219151], [11.054467, 36.8218528], [11.0547996, 36.8218528], [11.0552609, 36.8218807], [11.056146, 36.8218951], [11.056433, 36.8218979], [11.0565417, 36.8218904], [11.0566261, 36.8218764], [11.0566945, 36.8218313], [11.0567522, 36.8217583], [11.0568622, 36.8216155], [11.057125, 36.8213343], [11.0574281, 36.8210272], [11.0580008, 36.8204142], [11.0584527, 36.8199719], [11.0588309, 36.819536], [11.0592534, 36.819054], [11.0597442, 36.8184334], [11.0601955, 36.8178671], [11.0602629, 36.8177759], [11.0603182, 36.8177147], [11.0603739, 36.8176728], [11.0604563, 36.8176529], [11.0606173, 36.8176819], [11.0608114, 36.8177313], [11.060909, 36.8177576], [11.0628355, 36.8182869], [11.0629565, 36.8183124], [11.0630473, 36.8183202], [11.0640009, 36.8183508], [11.0640991, 36.8183612], [11.0641967, 36.8183894], [11.0643248, 36.8184584], [11.0651073, 36.8189778], [11.0653876, 36.8191753], [11.0662083, 36.8198624], [11.0663673, 36.8200014], [11.066502, 36.8200879], [11.0673872, 36.8205452], [11.0680631, 36.8208737], [11.06879, 36.821228], [11.0693103, 36.8214749], [11.069777, 36.8216703], [11.0700198, 36.8218222], [11.0703718, 36.8220337], [11.07099, 36.822396], [11.0711262, 36.8224819], [11.0713112, 36.822614], [11.0716539, 36.8229022], [11.0719429, 36.8231491], [11.0721897, 36.8233322], [11.0726255, 36.8237063], [11.0727932, 36.8238201], [11.0730916, 36.8239688], [11.0732763, 36.8240571], [11.0733356, 36.8240901], [11.0734312, 36.8241692], [11.0736481, 36.8243826], [11.073795, 36.8245324], [11.0738808, 36.8246392], [11.0739773, 36.8248158], [11.074037, 36.8249486], [11.07409, 36.8250863], [11.0741825, 36.8253289], [11.0742174, 36.825436], [11.0742462, 36.8255399], [11.0742607, 36.825612], [11.0742704, 36.825681], [11.0742845, 36.8258163], [11.0743006, 36.8261501], [11.0742684, 36.8282402], [11.074255, 36.8283309], [11.0742147, 36.8284044], [11.0741725, 36.8284587], [11.0739103, 36.8287029], [11.0734751, 36.8291537], [11.0731727, 36.8294768], [11.0729735, 36.8297114]]}}, {"type": "Feature", "properties": {"highway": "service", "oneway": "no"}, "geometry": {"type": "LineString", "coordinates": [[11.0858475, 36.8462445], [11.0857108, 36.8461088]]}}, {"type": "Feature", "properties": {"highway": "track", "maxspeed": "50", "oneway": "no", "surface": "earth"}, "geometry": {"type": "LineString", "coordinates": [[11.0856852, 36.8327025], [11.0863728, 36.8318488], [11.0866644, 36.8314805], [11.0861708, 36.8312315]]}}, {"type": "Feature", "properties": {"highway": "track", "surface": "earth"}, "geometry": {"type": "LineString", "coordinates": [[11.0863356, 36.8330642], [11.0870613, 36.8321589], [11.0863728, 36.8318488]]}}, {"type": "Feature", "properties": {"highway": "tertiary", "lane_markings": "no", "maxspeed": "50", "name": "\u0634\u0627\u0631\u0639 \u0627\u0644\u062f\u0643\u062a\u0648\u0631 \u0645\u062d\u0645\u062f \u0627\u0644\u0645\u0646\u062c\u064a \u0628\u0646 \u062d\u0645\u064a\u062f\u0629", "name:ar": "\u0634\u0627\u0631\u0639 \u0627\u0644\u062f\u0643\u062a\u0648\u0631 \u0645\u062d\u0645\u062f \u0627\u0644\u0645\u0646\u062c\u064a \u0628\u0646 \u062d\u0645\u064a\u062f\u0629", "name:fr": "Avenue Mohamed Monji Ben Hmida", "oneway": "yes", "surface": "asphalt"}, "geometry": {"type": "LineString", "coordinates": [[11.0937739, 36.8454252], [11.0938368, 36.8453679], [11.0938853, 36.845334], [11.0939735, 36.8452588], [11.0942398, 36.8450302], [11.0945118, 36.844784], [11.0950165, 36.8442491], [11.0952518, 36.8440121], [11.0956527, 36.8436303]]}}, {"type": "Feature", "properties": {"highway": "tertiary", "maxspeed": "50", "oneway": "yes", "surface": "asphalt"}, "geometry": {"type": "LineString", "coordinates": [[11.0968395, 36.8441617], [11.0964449, 36.844304], [11.0960503, 36.8444601], [11.0958762, 36.8445509], [11.0956964, 36.8446651], [11.0952486, 36.8449882], [11.0949663, 36.8452264], [11.0947819, 36.8453794], [11.0945002, 36.8455944], [11.0944449, 36.8456315]]}}, {"type": "Feature", "properties": {"highway": "tertiary", "name": "\u0634\u0627\u0631\u0639 \u0627\u0644\u062f\u0643\u062a\u0648\u0631 \u0645\u062d\u0645\u062f \u0627\u0644\u0645\u0646\u062c\u064a \u0628\u0646 \u062d\u0645\u064a\u062f\u0629", "name:ar": "\u0634\u0627\u0631\u0639 \u0627\u0644\u062f\u0643\u062a\u0648\u0631 \u0645\u062d\u0645\u062f \u0627\u0644\u0645\u0646\u062c\u064a \u0628\u0646 \u062d\u0645\u064a\u062f\u0629", "name:fr": "Avenue Mohamed Monji Ben Hmida", "oneway": "no"}, "geometry": {"type": "LineString", "coordinates": [[11.0988272, 36.8405002], [11.0985132, 36.8408195], [11.0983847, 36.8409378], [11.0981214, 36.8411919], [11.0980837, 36.8412313], [11.0977061, 36.8416127], [11.0973842, 36.8419195], [11.0968002, 36.8424862], [11.0962921, 36.8430174], [11.0960291, 36.843264], [11.0959685, 36.8433218], [11.0957784, 36.8435029], [11.0956527, 36.8436303]]}}, {"type": "Feature", "properties": {"highway": "residential"}, "geometry": {"type": "LineString", "coordinates": [[11.0988272, 36.8405002], [11.098544, 36.8403053], [11.0983093, 36.8401785], [11.0979498, 36.8399672]]}}, {"type": "Feature", "properties": {"highway": "service", "maxspeed": "50", "oneway": "no", "service": "alley"}, "geometry": {"type": "LineString", "coordinates": [[11.0907894, 36.8496872], [11.0908628, 36.8495516], [11.0911093, 36.8491533], [11.0911887, 36.8490416], [11.0914057, 36.8487612], [11.0917081, 36.8483876], [11.0919727, 36.8480909], [11.0920499, 36.8480345], [11.0922533, 36.8478041]]}}, {"type": "Feature", "properties": {"highway": "residential", "lit": "yes", "maxspeed": "50", "oneway": "no", "surface": "asphalt"}, "geometry": {"type": "LineString", "coordinates": [[11.0894885, 36.8487761], [11.0894342, 36.8487332]]}}, {"type": "Feature", "properties": {"highway": "tertiary", "lanes": "2", "lit": "yes", "maxspeed": "50", "name": "\u0634\u0627\u0631\u0639 \u0627\u0628\u0646 \u062e\u0644\u062f\u0648\u0646", "name:ar": "\u0634\u0627\u0631\u0639 \u0627\u0628\u0646 \u062e\u0644\u062f\u0648\u0646", "name:fr": "Avenue Ibn Khaldoun", "oneway": "yes", "sidewalk": "both", "surface": "asphalt"}, "geometry": {"type": "LineString", "coordinates": [[11.0894885, 36.8487761], [11.0892378, 36.8490905], [11.0890031, 36.8494227], [11.0889601, 36.849486]]}}, {"type": "Feature", "properties": {"highway": "service", "oneway": "no", "service": "parking_aisle", "surface": "earth"}, "geometry": {"type": "LineString", "coordinates": [[11.1162018, 36.8356015], [11.1161618, 36.8355597], [11.1160223, 36.8352506], [11.1160062, 36.8349972], [11.1163978, 36.8344949]]}}, {"type": "Feature", "properties": {"highway": "service", "oneway": "no", "service": "alley", "surface": "earth"}, "geometry": {"type": "LineString", "coordinates": [[11.0554727, 36.8279616], [11.0548888, 36.8286805]]}}, {"type": "Feature", "properties": {"highway": "service", "oneway": "no", "service": "alley"}, "geometry": {"type": "LineString", "coordinates": [[11.0575729, 36.8318206], [11.0584517, 36.8309783]]}}, {"type": "Feature", "properties": {"highway": "service", "oneway": "no"}, "geometry": {"type": "LineString", "coordinates": [[11.0815478, 36.8443244], [11.0815917, 36.8445192], [11.0818063, 36.8445901], [11.0819317, 36.8444659]]}}, {"type": "Feature", "properties": {"highway": "service", "name": "\u0646\u0647\u062c \u062c\u0645\u0627\u0644 \u0627\u0644\u062f\u064a\u0646 \u0627\u0644\u0627\u0641\u063a\u0627\u0646\u064a", "name:ar": "\u0646\u0647\u062c \u062c\u0645\u0627\u0644 \u0627\u0644\u062f\u064a\u0646 \u0627\u0644\u0627\u0641\u063a\u0627\u0646\u064a", "oneway": "no", "service": "alley", "surface": "asphalt"}, "geometry": {"type": "LineString", "coordinates": [[11.0953121, 36.8539736], [11.0953934, 36.8540195], [11.0966192, 36.8547846]]}}, {"type": "Feature", "properties": {"highway": "service", "oneway": "no", "service": "alley", "surface": "earth"}, "geometry": {"type": "LineString", "coordinates": [[11.0953934, 36.8540195], [11.0960412, 36.8532619]]}}, {"type": "Feature", "properties": {"highway": "service", "surface": "asphalt"}, "geometry": {"type": "LineString", "coordinates": [[11.0914352, 36.8538053], [11.0916272, 36.8535231], [11.0916661, 36.8534743]]}}, {"type": "Feature", "properties": {"highway": "service"}, "geometry": {"type": "LineString", "coordinates": [[11.0923411, 36.8539304], [11.0921984, 36.8538978], [11.0921402, 36.8538772], [11.0920811, 36.8537828], [11.0921122, 36.8537084], [11.0921489, 36.853627]]}}, {"type": "Feature", "properties": {"highway": "service", "name": "\u0646\u0647\u062c \u0639\u0645\u0631 \u0628\u0646 \u0639\u0628\u062f \u0627\u0644\u0639\u0632\u064a\u0632", "name:ar": "\u0646\u0647\u062c \u0639\u0645\u0631 \u0628\u0646 \u0639\u0628\u062f \u0627\u0644\u0639\u0632\u064a\u0632", "name:fr": "Rue Omar Ibn Abdelaziz", "oneway": "no", "service": "alley", "surface": "asphalt"}, "geometry": {"type": "LineString", "coordinates": [[11.095836, 36.8524463], [11.0953438, 36.8530537], [11.0944909, 36.8541558], [11.094338, 36.8543521]]}}, {"type": "Feature", "properties": {"highway": "residential"}, "geometry": {"type": "LineString", "coordinates": [[11.0809599, 36.8463058], [11.0817559, 36.8462563]]}}, {"type": "Feature", "properties": {"highway": "residential"}, "geometry": {"type": "LineString", "coordinates": [[11.1031884, 36.8415309], [11.1030947, 36.8414339], [11.1030142, 36.8413481]]}}, {"type": "Feature", "properties": {"highway": "tertiary_link", "lane_markings": "no", "surface": "asphalt"}, "geometry": {"type": "LineString", "coordinates": [[11.1027246, 36.8413298], [11.102671, 36.8412735]]}}, {"type": "Feature", "properties": {"highway": "residential", "maxspeed": "50", "oneway": "no", "surface": "ground"}, "geometry": {"type": "LineString", "coordinates": [[11.0979885, 36.8573562], [11.0983962, 36.8569791], [11.0985262, 36.8568562], [11.0986757, 36.8567112], [11.0994221, 36.8559838]]}}, {"type": "Feature", "properties": {"highway": "residential", "maxspeed": "50", "oneway": "no"}, "geometry": {"type": "LineString", "coordinates": [[11.0917751, 36.8500618], [11.0918721, 36.8497839], [11.0919284, 36.8496072], [11.0919736, 36.8494629], [11.0919934, 36.8493919], [11.0920133, 36.8492874], [11.0920755, 36.8490863], [11.0921439, 36.8489575], [11.0922523, 36.8488341]]}}, {"type": "Feature", "properties": {"highway": "service"}, "geometry": {"type": "LineString", "coordinates": [[11.091859, 36.8536254], [11.0919057, 36.8535389]]}}, {"type": "Feature", "properties": {"highway": "tertiary", "maxspeed": "50", "name": "\u0646\u0647\u062c \u0633\u064a\u062f\u064a \u0639\u0644\u064a \u0627\u0644\u0642\u0635\u064a\u0628\u064a", "name:ar": "\u0646\u0647\u062c \u0633\u064a\u062f\u064a \u0639\u0644\u064a \u0627\u0644\u0642\u0635\u064a\u0628\u064a", "oneway": "no", "surface": "asphalt"}, "geometry": {"type": "LineString", "coordinates": [[11.0967023, 36.8543876], [11.0966279, 36.8543264], [11.0964355, 36.8541955], [11.0963778, 36.8541515], [11.0963255, 36.8540994], [11.096305, 36.854071], [11.0962879, 36.854046], [11.0962715, 36.8540085], [11.0962584, 36.8539755], [11.0960734, 36.8533681], [11.0960412, 36.8532619], [11.0959553, 36.8528648], [11.095836, 36.8524463], [11.0957817, 36.8522606], [11.0957435, 36.8521083], [11.0956335, 36.8517702], [11.0955275, 36.8514579], [11.0954766, 36.8513018], [11.095443, 36.8511757], [11.0954182, 36.8510807], [11.0954021, 36.8510365], [11.095384, 36.8510086], [11.0953492, 36.850975], [11.0953056, 36.8509485], [11.0950877, 36.8508731]]}}, {"type": "Feature", "properties": {"highway": "residential", "maxspeed": "50", "oneway": "no", "surface": "asphalt"}, "geometry": {"type": "LineString", "coordinates": [[11.1146356, 36.8421908], [11.114595, 36.8421681], [11.1138604, 36.8417572], [11.113552, 36.8415726], [11.1132382, 36.8414116]]}}, {"type": "Feature", "properties": {"foot": "yes", "highway": "service", "motor_vehicle": "no", "oneway": "no", "surface": "paving_stones"}, "geometry": {"type": "LineString", "coordinates": [[11.0982432, 36.8419875], [11.0977304, 36.8416308], [11.0977061, 36.8416127]]}}, {"type": "Feature", "properties": {"highway": "residential", "maxspeed": "50", "name": "\u0646\u0647\u062c \u0628\u0627\u062c\u0629", "name:ar": "\u0646\u0647\u062c \u0628\u0627\u062c\u0629", "name:fr": "Rue de B\u00e9ja", "surface": "asphalt"}, "geometry": {"type": "LineString", "coordinates": [[11.0875574, 36.8519051], [11.0873334, 36.8518764], [11.0872502, 36.8518668], [11.0871631, 36.8518603], [11.0866697, 36.8517646]]}}, {"type": "Feature", "properties": {"highway": "residential", "maxspeed": "50", "name": "\u0646\u0647\u062c \u0642\u0635\u0648\u0631 \u0627\u0644\u0633\u0627\u0641", "name:ar": "\u0646\u0647\u062c \u0642\u0635\u0648\u0631 \u0627\u0644\u0633\u0627\u0641", "name:fr": "Rue de Ksour Essef", "surface": "asphalt"}, "geometry": {"type": "LineString", "coordinates": [[11.0878571, 36.8513832], [11.08756, 36.8512304], [11.0871425, 36.8510433]]}}, {"type": "Feature", "properties": {"highway": "path", "oneway": "no", "smoothness": "bad", "surface": "ground"}, "geometry": {"type": "LineString", "coordinates": [[11.0847833, 36.8426731], [11.0844392, 36.8424559]]}}, {"type": "Feature", "properties": {"highway": "residential", "name": "\u0646\u0647\u062c \u0632\u064a\u0646\u064a\u0627", "name:ar": "\u0646\u0647\u062c \u0632\u064a\u0646\u064a\u0627", "name:fr": "Rue Zinia", "oneway": "no"}, "geometry": {"type": "LineString", "coordinates": [[11.0960729, 36.8473002], [11.0957126, 36.8470858]]}}, {"type": "Feature", "properties": {"highway": "residential", "maxspeed": "50", "surface": "paved"}, "geometry": {"type": "LineString", "coordinates": [[11.0998298, 36.8514692], [11.1000993, 36.8515985]]}}, {"type": "Feature", "properties": {"highway": "tertiary", "junction": "roundabout", "maxspeed": "50", "oneway": "yes", "surface": "asphalt"}, "geometry": {"type": "LineString", "coordinates": [[11.0918875, 36.8411329], [11.0919122, 36.8411534], [11.0919286, 36.8411787], [11.0919353, 36.8412067], [11.0919326, 36.8412311], [11.0919225, 36.8412543], [11.0919055, 36.8412747], [11.0918732, 36.8412959], [11.091834, 36.8413071], [11.0917922, 36.8413071], [11.0917529, 36.841296], [11.0917281, 36.8412812], [11.0917086, 36.8412618], [11.0916963, 36.8412402], [11.0916908, 36.8412169], [11.0916925, 36.8411932], [11.0917013, 36.8411705], [11.0917167, 36.8411502], [11.0917377, 36.8411334], [11.0917633, 36.8411211], [11.0917919, 36.8411141], [11.0918217, 36.8411129], [11.0918564, 36.841119], [11.0918875, 36.8411329]]}}, {"type": "Feature", "properties": {"highway": "tertiary", "maxspeed": "50", "oneway": "yes", "surface": "asphalt"}, "geometry": {"type": "LineString", "coordinates": [[11.0913971, 36.8411785], [11.0915726, 36.8411379], [11.0916531, 36.8411282], [11.0917377, 36.8411334]]}}, {"type": "Feature", "properties": {"highway": "tertiary", "maxspeed": "50", "oneway": "yes", "surface": "asphalt"}, "geometry": {"type": "LineString", "coordinates": [[11.0920991, 36.8410203], [11.0919286, 36.8411787]]}}, {"type": "Feature", "properties": {"highway": "tertiary", "maxspeed": "50", "oneway": "yes", "surface": "asphalt"}, "geometry": {"type": "LineString", "coordinates": [[11.0919353, 36.8412067], [11.0919991, 36.8412924], [11.0920393, 36.8413622], [11.0920728, 36.8414363], [11.0921186, 36.8415403]]}}, {"type": "Feature", "properties": {"highway": "tertiary", "maxspeed": "50", "oneway": "no", "surface": "asphalt"}, "geometry": {"type": "LineString", "coordinates": [[11.0913971, 36.8411785], [11.0910456, 36.8412723], [11.0908399, 36.8413348], [11.0907482, 36.8413669], [11.0902339, 36.8415929], [11.0899232, 36.8417558], [11.0896985, 36.8418817], [11.0893142, 36.8421446], [11.0890996, 36.8422938], [11.0889333, 36.8424183], [11.0885377, 36.8426888], [11.0883271, 36.8428004], [11.0878176, 36.8430484], [11.0876231, 36.843131], [11.0873951, 36.8432158], [11.0871409, 36.8432861], [11.0870517, 36.8433016], [11.0866736, 36.8433596], [11.0864689, 36.8434066], [11.0863463, 36.8434347], [11.0861157, 36.8434819], [11.0858341, 36.8435892], [11.0855591, 36.8438694], [11.084796, 36.8447376], [11.0842073, 36.8455672]]}}, {"type": "Feature", "properties": {"highway": "tertiary", "maxspeed": "50", "oneway": "yes", "surface": "asphalt"}, "geometry": {"type": "LineString", "coordinates": [[11.0918217, 36.8411129], [11.0918878, 36.8410719], [11.0919508, 36.8410456], [11.0920313, 36.8410263], [11.0920991, 36.8410203]]}}, {"type": "Feature", "properties": {"highway": "tertiary", "maxspeed": "50", "oneway": "yes", "surface": "asphalt"}, "geometry": {"type": "LineString", "coordinates": [[11.0921186, 36.8415403], [11.0917529, 36.841296]]}}, {"type": "Feature", "properties": {"highway": "residential"}, "geometry": {"type": "LineString", "coordinates": [[11.0212438, 36.798305], [11.0214074, 36.7981788], [11.021921, 36.797825]]}}, {"type": "Feature", "properties": {"highway": "residential"}, "geometry": {"type": "LineString", "coordinates": [[11.0195879, 36.7980806], [11.019235, 36.7982993]]}}, {"type": "Feature", "properties": {"highway": "service", "maxspeed": "50", "name": "\u0646\u0647\u062c \u0627\u0628\u0646 \u0627\u0644\u0634\u0628\u0627\u0637", "name:ar": "\u0646\u0647\u062c \u0627\u0628\u0646 \u0627\u0644\u0634\u0628\u0627\u0637", "name:fr": "Rue Ibn Chabbat", "oneway": "no", "service": "alley", "surface": "asphalt"}, "geometry": {"type": "LineString", "coordinates": [[11.0954283, 36.8546709], [11.0944909, 36.8541558]]}}, {"type": "Feature", "properties": {"highway": "residential"}, "geometry": {"type": "LineString", "coordinates": [[11.0809511, 36.8620544], [11.0808518, 36.8621795], [11.0806936, 36.8623801], [11.0804428, 36.8626371], [11.0801209, 36.8629773], [11.0799305, 36.8631339], [11.0798125, 36.8632326], [11.0797401, 36.8633013], [11.0796864, 36.8633914], [11.0796864, 36.8634773], [11.0796623, 36.8636125], [11.0795926, 36.8637434], [11.0794946, 36.8638753], [11.0793579, 36.8640406], [11.0793029, 36.8640695], [11.0792318, 36.8641221], [11.0791553, 36.8642262], [11.0791057, 36.8642853], [11.078804, 36.8646232], [11.0787182, 36.8646833], [11.0785411, 36.8647412], [11.0783963, 36.8647777], [11.0782434, 36.8648507], [11.078171, 36.8649429], [11.0780932, 36.8650524], [11.0780395, 36.8651489], [11.0779483, 36.8652412], [11.0778545, 36.8653506], [11.0777257, 36.8654472], [11.0775996, 36.8655502], [11.0775514, 36.8655931], [11.0775031, 36.8656318], [11.0774575, 36.8656403], [11.0773448, 36.8656768], [11.0772671, 36.8657262], [11.0770739, 36.8658871], [11.0767252, 36.8661339], [11.076618, 36.8662004], [11.0765294, 36.8662712], [11.0764624, 36.8663292], [11.0763632, 36.8664214], [11.0763068, 36.8664965], [11.0762398, 36.8666253], [11.0761727, 36.8667498], [11.0760654, 36.8668678], [11.0758482, 36.8671639], [11.0757865, 36.8672476], [11.0757221, 36.8673077], [11.0756658, 36.8673763], [11.0756255, 36.86743], [11.0756363, 36.8674987], [11.0757731, 36.8675974], [11.0760064, 36.8678055], [11.0761271, 36.8679321], [11.0762492, 36.8680448], [11.0762706, 36.8681328], [11.0762438, 36.8682036], [11.0760856, 36.8683774], [11.0758951, 36.8685491], [11.0756162, 36.8688302], [11.075297, 36.8691391], [11.0751522, 36.8692743], [11.0750636, 36.8693559], [11.0749295, 36.8694481], [11.0747418, 36.8695533], [11.0745969, 36.8696627], [11.0744092, 36.8697958], [11.0742751, 36.8699159], [11.0742, 36.8699889], [11.0741383, 36.8700254], [11.0740525, 36.8700361], [11.0739291, 36.8699824], [11.073795, 36.8699288], [11.0736743, 36.8699009], [11.073508, 36.8698752], [11.0733631, 36.869873], [11.0732827, 36.8698902], [11.0731807, 36.8699352], [11.0731029, 36.869991], [11.0730413, 36.8700382], [11.0729474, 36.870064], [11.0728723, 36.870049], [11.0727677, 36.8700468], [11.072655, 36.8700618], [11.072478, 36.8701047], [11.0722902, 36.8701605], [11.0721883, 36.8701884], [11.0721078, 36.8701927], [11.0717565, 36.8700854], [11.0715821, 36.8700339]]}}, {"type": "Feature", "properties": {"highway": "residential"}, "geometry": {"type": "LineString", "coordinates": [[11.0766427, 36.8613362], [11.0759206, 36.8609922], [11.0754244, 36.860739], [11.0752903, 36.8606424], [11.0751776, 36.8605694], [11.0746573, 36.8603312]]}}, {"type": "Feature", "properties": {"highway": "residential"}, "geometry": {"type": "LineString", "coordinates": [[11.0813776, 36.8540223], [11.0813266, 36.8540517], [11.0812327, 36.8540967], [11.0810731, 36.8541944], [11.0809242, 36.8542867], [11.0808049, 36.8543489], [11.0806051, 36.8544541], [11.0804616, 36.8545507], [11.0802859, 36.854688], [11.0801377, 36.8547776], [11.0798836, 36.8548694], [11.0797548, 36.8549161], [11.0791942, 36.8551634], [11.0786886, 36.855393], [11.0784231, 36.8554767], [11.0783158, 36.8555111], [11.0781844, 36.8555701], [11.0780422, 36.8556291], [11.0778531, 36.8556774], [11.0775178, 36.8557193], [11.0773784, 36.8557536], [11.0772282, 36.8558169], [11.0771316, 36.8558802], [11.0770645, 36.8559414], [11.0768875, 36.8561174], [11.0764262, 36.8564983], [11.0760319, 36.8568063], [11.0758978, 36.8568782], [11.0756879, 36.8570263], [11.0756664, 36.8570488], [11.0756477, 36.8570874], [11.0756262, 36.8571202], [11.0755793, 36.8571754], [11.0754934, 36.8572425], [11.0754512, 36.8572618], [11.0753922, 36.8572725], [11.0752621, 36.8572876], [11.0752232, 36.8573037], [11.0751776, 36.8573332], [11.0750341, 36.8574394], [11.0746371, 36.8578493], [11.0738466, 36.8584894], [11.073579, 36.8587206], [11.0735173, 36.8587984], [11.0734657, 36.8588676], [11.0735173, 36.858881], [11.0735515, 36.8588902], [11.0737339, 36.8589325], [11.0741523, 36.8590095], [11.0744276, 36.8590535], [11.0745201, 36.8590731], [11.0748578, 36.8591445], [11.075018, 36.8591944], [11.0751541, 36.8592496], [11.0752983, 36.8593092], [11.0756685, 36.8594696], [11.0757851, 36.8595222], [11.0761647, 36.8596906], [11.076516, 36.8598334], [11.0768647, 36.8599771], [11.07709, 36.8600877], [11.077316, 36.8602116], [11.0774575, 36.8603033], [11.0776178, 36.8604257], [11.0777397, 36.8605227], [11.0778615, 36.8606006], [11.0779685, 36.8606623], [11.078114, 36.8607395], [11.0782762, 36.8608318], [11.0785599, 36.8609944], [11.0788281, 36.8611285], [11.0790239, 36.8612057], [11.0792117, 36.8612991], [11.0795898, 36.8615223], [11.0797843, 36.8616521], [11.0799305, 36.8617358], [11.0800619, 36.8617819], [11.0800834, 36.8617835], [11.0801129, 36.8617766], [11.0801384, 36.8617616], [11.0801813, 36.8617433], [11.0802081, 36.8617369], [11.0802349, 36.8617401], [11.0803932, 36.861798], [11.0807244, 36.8619579], [11.0808563, 36.8620141], [11.0809511, 36.8620544], [11.0811026, 36.8621189], [11.0819019, 36.8625384], [11.0820146, 36.8625888], [11.0823069, 36.8626865], [11.0826811, 36.862812], [11.0828595, 36.8628796], [11.0829949, 36.8629418], [11.0833449, 36.8631339], [11.0837929, 36.863385], [11.0841068, 36.8635653]]}}, {"type": "Feature", "properties": {"highway": "residential"}, "geometry": {"type": "LineString", "coordinates": [[11.0493747, 36.8667144], [11.0493439, 36.8668688], [11.0492769, 36.8670277], [11.0491884, 36.8671543], [11.0488451, 36.8676049], [11.048314, 36.8683452], [11.0477883, 36.8690662], [11.0476166, 36.8692894], [11.0475214, 36.8693891], [11.047162, 36.8696584], [11.0469863, 36.8697936], [11.046944, 36.8698215], [11.0469085, 36.8698628], [11.0469018, 36.8698988], [11.0469145, 36.869939], [11.0469367, 36.8699755], [11.0470205, 36.8700629], [11.0471546, 36.8701627], [11.0472049, 36.8702099], [11.047231, 36.8702442], [11.0472431, 36.8702748], [11.0472444, 36.8703038], [11.0472357, 36.8703445], [11.0472156, 36.8703858], [11.0471492, 36.8704486], [11.0469916, 36.8705639], [11.0468602, 36.8706412], [11.0466778, 36.8707206], [11.0464874, 36.8707914], [11.0463184, 36.8708472], [11.0461923, 36.8708879], [11.046077, 36.8709459], [11.0459375, 36.8710317], [11.0458249, 36.8711218], [11.0457256, 36.8712055], [11.0456532, 36.8712656], [11.0455862, 36.8713257], [11.0454977, 36.8713965], [11.0454065, 36.8714523], [11.045275, 36.8715295], [11.0451624, 36.8716003], [11.0450792, 36.8716754], [11.04498, 36.871772], [11.0448834, 36.8718986], [11.0448191, 36.8720037], [11.0447064, 36.8721604], [11.0446018, 36.8723084], [11.0444476, 36.8725359], [11.0443296, 36.8727343], [11.0442947, 36.8727805], [11.0442585, 36.8728202], [11.0442115, 36.872862], [11.0441136, 36.8729221], [11.0438173, 36.8730658], [11.0435343, 36.8732032], [11.0434779, 36.8732332], [11.0434377, 36.8732708], [11.0433345, 36.8733931], [11.0432795, 36.8734564], [11.0432526, 36.8735229], [11.0432419, 36.873628], [11.0432366, 36.8737396], [11.0432205, 36.8738082], [11.0431829, 36.8738898], [11.0430703, 36.8740314], [11.0427994, 36.8743178]]}}, {"type": "Feature", "properties": {"highway": "track"}, "geometry": {"type": "LineString", "coordinates": [[11.0394754, 36.8624167], [11.0399374, 36.8627251], [11.0399803, 36.8628281], [11.0400769, 36.8629097], [11.0409057, 36.8633453], [11.041477, 36.863753], [11.0420591, 36.8640857], [11.0424426, 36.8643238], [11.0428154, 36.8644462], [11.0431695, 36.8645578], [11.0435799, 36.8645492], [11.043714, 36.8645749], [11.0437757, 36.8645985], [11.0441887, 36.8649097], [11.0443054, 36.8649912], [11.0447332, 36.8653389], [11.0449961, 36.8654419], [11.0458249, 36.8656715], [11.0459831, 36.8656951], [11.0461655, 36.8656565], [11.0462835, 36.8656307], [11.046482, 36.8656457], [11.0467663, 36.8657316], [11.0476488, 36.8660298], [11.0481195, 36.8662004], [11.0482228, 36.8662364], [11.048261, 36.8662407], [11.0483408, 36.866239]]}}, {"type": "Feature", "properties": {"highway": "residential"}, "geometry": {"type": "LineString", "coordinates": [[11.0476086, 36.8638904], [11.0485446, 36.8642702], [11.0494728, 36.8646371]]}}, {"type": "Feature", "properties": {"highway": "residential"}, "geometry": {"type": "LineString", "coordinates": [[11.0492721, 36.8611784], [11.0492668, 36.8612036], [11.0492722, 36.8612245], [11.049299, 36.8612476], [11.0493547, 36.861268], [11.0494773, 36.8613105], [11.0496973, 36.8613769], [11.0497818, 36.861407], [11.0498294, 36.8614332], [11.049875, 36.8614772], [11.0499982, 36.8616094], [11.0501634, 36.8617605], [11.0504167, 36.8619227], [11.0505991, 36.8620429], [11.0508614, 36.8622074]]}}, {"type": "Feature", "properties": {"highway": "residential", "lanes": "2", "oneway": "no", "surface": "paved"}, "geometry": {"type": "LineString", "coordinates": [[11.0389288, 36.8479339], [11.0391787, 36.8476704], [11.0395472, 36.8473385], [11.0397783, 36.8471706], [11.0400766, 36.8469525], [11.0403267, 36.8467754], [11.0409845, 36.8463162], [11.0419871, 36.8456545], [11.04268, 36.8451531], [11.0430589, 36.8449246], [11.0433338, 36.8448003], [11.0438845, 36.8445789], [11.0441418, 36.8444979], [11.0445901, 36.8444109], [11.0450221, 36.8443321], [11.0453206, 36.8442604], [11.045593, 36.8441689], [11.0467119, 36.8437205], [11.0470401, 36.8436139], [11.0473113, 36.8435564], [11.0485004, 36.8433894]]}}, {"type": "Feature", "properties": {"highway": "tertiary", "lanes": "2", "oneway": "no", "surface": "unpaved"}, "geometry": {"type": "LineString", "coordinates": [[11.0853535, 36.8464965], [11.0852694, 36.8465004], [11.0852151, 36.8465009], [11.0851681, 36.8464924], [11.0847053, 36.8463098], [11.0842991, 36.8461495], [11.0839203, 36.8460539], [11.083821, 36.8460335], [11.0836903, 36.8460287]]}}, {"type": "Feature", "properties": {"highway": "residential"}, "geometry": {"type": "LineString", "coordinates": [[11.0566945, 36.8218313], [11.0569587, 36.8218464], [11.0575595, 36.8219322], [11.0581255, 36.8220224], [11.0581979, 36.822045], [11.0582381, 36.8220761], [11.0582931, 36.8221105], [11.0584259, 36.822148], [11.0589355, 36.822221], [11.0590227, 36.8222232], [11.0591313, 36.8222167], [11.0593244, 36.8221942], [11.0594358, 36.8221931], [11.0596544, 36.8222167], [11.0598488, 36.8222532], [11.059936, 36.8223016], [11.0600325, 36.8223584], [11.0602243, 36.8224347], [11.0604872, 36.8225399], [11.0608868, 36.8227084], [11.0611363, 36.8228287], [11.0614233, 36.8229886], [11.0617921, 36.8232119], [11.0619637, 36.8233397], [11.0621139, 36.8234052], [11.0623057, 36.8234782], [11.062586, 36.8236005], [11.0627872, 36.8237122], [11.0629427, 36.8237863], [11.0630983, 36.8238432], [11.063451, 36.8239902], [11.0636093, 36.8240643], [11.0637166, 36.8241448], [11.0638279, 36.8242146], [11.0640116, 36.8243069], [11.0645749, 36.8246129], [11.0649933, 36.8248716], [11.0653836, 36.825126], [11.0656089, 36.8252548], [11.0660367, 36.8255178], [11.0662673, 36.8256408], [11.0663324, 36.8256655], [11.0664135, 36.8256993], [11.0664511, 36.825717], [11.06649, 36.8257379], [11.0665926, 36.8257819], [11.0668138, 36.8258694], [11.0670036, 36.8259354], [11.0671806, 36.8260224], [11.0673617, 36.8261512], [11.0674743, 36.8262382], [11.0675997, 36.8263203], [11.0678311, 36.8264507], [11.0682844, 36.8267384], [11.0685901, 36.8269102], [11.068798, 36.827054], [11.0689388, 36.8271528], [11.0689764, 36.8271807], [11.0690421, 36.8272644], [11.0691239, 36.827346], [11.0693572, 36.8275446], [11.0695879, 36.8277206], [11.0698132, 36.8279096], [11.0699926, 36.8280354], [11.070241, 36.8282026], [11.070526, 36.8283819], [11.0706346, 36.8284399], [11.0707788, 36.8285107], [11.0708304, 36.8285333], [11.0714306, 36.8288703], [11.0716462, 36.8289696], [11.0718054, 36.8290458], [11.0722172, 36.8292627], [11.0723395, 36.8293389], [11.0724438, 36.8294119], [11.0724971, 36.829465], [11.0725357, 36.8295139], [11.0725534, 36.829559], [11.0725625, 36.8296078]]}}, {"type": "Feature", "properties": {"highway": "residential"}, "geometry": {"type": "LineString", "coordinates": [[11.0570915, 36.8238195], [11.0576856, 36.8239269], [11.0584098, 36.8241717], [11.0593244, 36.8245603], [11.0595417, 36.8246504], [11.0595489, 36.8246555], [11.0595544, 36.8246628], [11.0595523, 36.8246701], [11.0595477, 36.8246784], [11.0595189, 36.8247165], [11.059075, 36.8251464], [11.0587008, 36.8255393], [11.0583723, 36.825915], [11.0577902, 36.8265216], [11.0573584, 36.8269349], [11.0571103, 36.8271646], [11.0569198, 36.8273664], [11.0565738, 36.8277765], [11.0564733, 36.827887], [11.0563807, 36.8279557], [11.0563056, 36.8279804], [11.0562091, 36.8279879], [11.05615, 36.8279933], [11.0560951, 36.828018], [11.0556632, 36.8285891], [11.0553494, 36.8289788]]}}, {"type": "Feature", "properties": {"highway": "residential"}, "geometry": {"type": "LineString", "coordinates": [[11.0561594, 36.829494], [11.0557008, 36.8299975], [11.0553293, 36.8304505], [11.0551429, 36.8306694], [11.0550691, 36.8307703], [11.055057, 36.8307907], [11.0550507, 36.8308095], [11.0550507, 36.8308248], [11.0550584, 36.8308428], [11.0550755, 36.8308645], [11.0551164, 36.8309032], [11.0551529, 36.8309346], [11.0551965, 36.8309697], [11.0552626, 36.8310199], [11.0553471, 36.8310811], [11.0554517, 36.8311527], [11.0556123, 36.8312641]]}}, {"type": "Feature", "properties": {"highway": "residential"}, "geometry": {"type": "LineString", "coordinates": [[11.0553494, 36.8289788], [11.0551657, 36.8291886], [11.0549538, 36.8294307], [11.0547855, 36.8296201], [11.0546118, 36.8298236], [11.054239, 36.8302755], [11.0541431, 36.8303817], [11.0540257, 36.8305175], [11.0539661, 36.8305857], [11.0539104, 36.8306437], [11.0538856, 36.8306681], [11.0538655, 36.8306866], [11.0538487, 36.8307022], [11.0537991, 36.8307521], [11.0537454, 36.8308095], [11.0536643, 36.8308997], [11.0535483, 36.8310226], [11.0534088, 36.8311815], [11.0533002, 36.8313103], [11.053148, 36.8314879], [11.0530226, 36.8316259], [11.0523212, 36.8324116]]}}, {"type": "Feature", "properties": {"highway": "residential"}, "geometry": {"type": "LineString", "coordinates": [[11.0537538, 36.8279404], [11.0533713, 36.8283132], [11.0530078, 36.8286685], [11.0527557, 36.8289058], [11.0525586, 36.8290947], [11.0522702, 36.8293695], [11.0522005, 36.8294479], [11.0521469, 36.8295123], [11.0521013, 36.8295745], [11.052061, 36.8296432], [11.0519806, 36.8297871], [11.0517807, 36.8301381], [11.0516801, 36.8303077], [11.0512054, 36.8310419], [11.0508862, 36.8315121], [11.0505268, 36.8320123], [11.0502044, 36.8324625], [11.0496175, 36.8332725], [11.0491616, 36.8339337], [11.0482242, 36.8352878]]}}, {"type": "Feature", "properties": {"highway": "residential"}, "geometry": {"type": "LineString", "coordinates": [[11.0583625, 36.8309195], [11.0588108, 36.8305202], [11.059311, 36.8300887], [11.0596336, 36.8298257], [11.0598609, 36.8296389], [11.0600701, 36.829464], [11.0607433, 36.8289015], [11.0611054, 36.8286159], [11.0612959, 36.828442], [11.0613281, 36.8284248], [11.0613515, 36.8284195], [11.0613783, 36.82842], [11.061426, 36.8284334], [11.061603, 36.8285376], [11.061898, 36.8287147], [11.0621233, 36.8288489], [11.0621569, 36.8288553], [11.062189, 36.8288553], [11.0622427, 36.8288381], [11.0623164, 36.8288113], [11.0623922, 36.8287957], [11.0624499, 36.8287866], [11.0625337, 36.8287818], [11.0626041, 36.8287861], [11.0626611, 36.8288065], [11.0627134, 36.8288338], [11.0627617, 36.8288687], [11.0628227, 36.8289363], [11.0629213, 36.8291054], [11.062983, 36.8292986], [11.0630313, 36.8293942], [11.0631077, 36.8294758], [11.0632566, 36.8295949], [11.0633773, 36.8296733], [11.0634856, 36.8297186], [11.0635338, 36.8297345], [11.0635828, 36.8297366], [11.0636223, 36.8297312], [11.0636596, 36.8297181], [11.0637243, 36.8296808], [11.063907, 36.8295241], [11.0640465, 36.8294081], [11.0641028, 36.8293727], [11.0641792, 36.8293448], [11.0642704, 36.829319], [11.0643509, 36.829297], [11.0643918, 36.829274], [11.0644133, 36.8292584], [11.0644247, 36.8292434], [11.0644341, 36.8292149], [11.0644441, 36.8291301], [11.0644609, 36.829092], [11.0644931, 36.8290582], [11.0645387, 36.8290367], [11.064591, 36.8290265], [11.0646285, 36.8290303], [11.0646882, 36.8290566], [11.0647961, 36.8291178], [11.0649396, 36.8291967], [11.0653058, 36.8294564], [11.0655203, 36.8295853], [11.0655659, 36.8295938], [11.0656115, 36.829596], [11.0656652, 36.8295853], [11.0657577, 36.8295584], [11.0658865, 36.8295155], [11.0659394, 36.829501], [11.0659924, 36.8294924], [11.0660259, 36.8294919], [11.0660608, 36.8295042], [11.0660977, 36.8295294], [11.0661842, 36.8296142], [11.0664296, 36.8298332], [11.0664967, 36.8298772]]}}, {"type": "Feature", "properties": {"highway": "residential"}, "geometry": {"type": "LineString", "coordinates": [[11.053711, 36.8279118], [11.0538635, 36.8277679], [11.0543141, 36.8273363], [11.0544012, 36.8272258], [11.054412, 36.8271914], [11.054412, 36.8271646], [11.0543811, 36.8271131], [11.0541263, 36.8268908], [11.0538729, 36.8266869], [11.0537857, 36.8266193], [11.0537615, 36.8265892], [11.0537562, 36.8265559], [11.053775, 36.8265065], [11.0539198, 36.8263584], [11.0543114, 36.826046], [11.0545032, 36.8259097], [11.0546735, 36.8257626], [11.0548505, 36.8256252], [11.0551187, 36.8254448], [11.0554969, 36.8251614], [11.0558215, 36.8249102], [11.0564089, 36.8245044], [11.0567723, 36.8242178], [11.0569225, 36.8241019], [11.0569641, 36.8240514], [11.0570405, 36.8239226], [11.0570915, 36.8238195], [11.0571389, 36.8237058]]}}, {"type": "Feature", "properties": {"highway": "residential"}, "geometry": {"type": "LineString", "coordinates": [[11.0491643, 36.8302675], [11.0491522, 36.8303109], [11.0491079, 36.8304129], [11.0489658, 36.8305836], [11.0487257, 36.830897], [11.0486714, 36.8309727], [11.0486459, 36.8310065], [11.0486295, 36.8310333], [11.0486214, 36.8310596], [11.0486271, 36.8310819], [11.0486533, 36.8311219], [11.048713, 36.8311976], [11.0488075, 36.8312931], [11.0488994, 36.8313881], [11.0489678, 36.8314659], [11.0489932, 36.8315115], [11.0489999, 36.8315647], [11.0489772, 36.831614], [11.0489403, 36.8316554], [11.0488598, 36.8317139], [11.0488363, 36.831738], [11.0488229, 36.8317681], [11.0488229, 36.8318003], [11.0488491, 36.8318239], [11.048898, 36.8318459], [11.0490368, 36.8319125], [11.0494298, 36.8320917], [11.0502044, 36.8324625]]}}, {"type": "Feature", "properties": {"highway": "track"}, "geometry": {"type": "LineString", "coordinates": [[11.0547942, 36.8237068], [11.0546091, 36.823534], [11.0544026, 36.8233665], [11.0543945, 36.8233375], [11.0544214, 36.823286], [11.0545461, 36.8231797], [11.0546453, 36.8231013], [11.0547204, 36.8230047], [11.054766, 36.8228974], [11.0547982, 36.8228254], [11.0548465, 36.8227524], [11.0550436, 36.8226247], [11.0555439, 36.8223112], [11.055977, 36.822045], [11.056146, 36.8218951]]}}, {"type": "Feature", "properties": {"highway": "residential"}, "geometry": {"type": "LineString", "coordinates": [[11.0632083, 36.8261469], [11.0629964, 36.8263681], [11.0628462, 36.8265613], [11.0623312, 36.8271474]]}}, {"type": "Feature", "properties": {"highway": "residential"}, "geometry": {"type": "LineString", "coordinates": [[11.0669298, 36.8290729], [11.0668159, 36.8290126], [11.0667012, 36.8289079], [11.066614, 36.8288413], [11.0663465, 36.8286181], [11.0662606, 36.8285719], [11.0662412, 36.8285655], [11.0662164, 36.8285633], [11.0661889, 36.828566], [11.0661621, 36.82858], [11.0660373, 36.8286959], [11.0659361, 36.8287785], [11.0658127, 36.8288709], [11.0657591, 36.8289015], [11.0657336, 36.8289068], [11.0656954, 36.8289058], [11.0656478, 36.8289004], [11.0655445, 36.8288596], [11.0654546, 36.8287898], [11.0653004, 36.8286685], [11.0650724, 36.8285118]]}}, {"type": "Feature", "properties": {"highway": "residential"}, "geometry": {"type": "LineString", "coordinates": [[11.0665463, 36.8298579], [11.0667092, 36.8299738], [11.0670036, 36.8301724], [11.0674864, 36.8304601], [11.0680403, 36.8308149], [11.068222, 36.8309496], [11.0684419, 36.8311455], [11.0687497, 36.8313511], [11.0690615, 36.8315319], [11.069091, 36.831547], [11.0691581, 36.8315711], [11.0692426, 36.8316151], [11.0696684, 36.8319253], [11.0700264, 36.8320874], [11.0707828, 36.8323729], [11.0712871, 36.8325565], [11.0713984, 36.8326112], [11.0714802, 36.8326767], [11.0715486, 36.83274]]}}, {"type": "Feature", "properties": {"highway": "residential"}, "geometry": {"type": "LineString", "coordinates": [[11.0680322, 36.8282477], [11.0679089, 36.8283712], [11.0678002, 36.8285011], [11.0677305, 36.8285698], [11.0676125, 36.8286492], [11.0674985, 36.82872], [11.0674113, 36.828749], [11.0673375, 36.8287737], [11.0672584, 36.8288328], [11.0670908, 36.8289659], [11.06695, 36.8290464], [11.0669362, 36.8290614], [11.0669298, 36.8290729], [11.0669252, 36.8290885], [11.0669329, 36.8291156], [11.066952, 36.8291642], [11.0669614, 36.8291993], [11.0669734, 36.8292568], [11.0669754, 36.8293716], [11.0669681, 36.8294768], [11.0669513, 36.8295439], [11.0669171, 36.8295853], [11.0668963, 36.829603], [11.066838, 36.8296384], [11.0667649, 36.8296701], [11.0667019, 36.8297184], [11.0666522, 36.8297656], [11.0665859, 36.8298316], [11.0665463, 36.8298579], [11.0664967, 36.8298772], [11.0664558, 36.8299078], [11.0663793, 36.829961], [11.0662794, 36.8300275], [11.0661815, 36.8301102], [11.0660903, 36.8302079], [11.0659012, 36.8304258], [11.0657188, 36.8306619]]}}, {"type": "Feature", "properties": {"highway": "residential"}, "geometry": {"type": "LineString", "coordinates": [[11.0760856, 36.8683774], [11.0773422, 36.8692357]]}}, {"type": "Feature", "properties": {"highway": "residential"}, "geometry": {"type": "LineString", "coordinates": [[11.0777868, 36.8730578], [11.0777278, 36.8730315], [11.0775366, 36.8729414], [11.0773703, 36.8728599], [11.0772228, 36.8727869], [11.0770324, 36.8726625], [11.0763511, 36.8723256], [11.0761633, 36.8722312], [11.076099, 36.8721968], [11.075635, 36.8719737], [11.0753265, 36.8718278], [11.0750261, 36.8716668], [11.0747713, 36.8715188], [11.0745245, 36.8713815], [11.0743207, 36.8712484]]}}, {"type": "Feature", "properties": {"highway": "residential"}, "geometry": {"type": "LineString", "coordinates": [[11.0795201, 36.8677068], [11.0796676, 36.8678527], [11.079909, 36.8680705], [11.0799654, 36.8681671], [11.0800163, 36.868269], [11.0800498, 36.8684375], [11.0800995, 36.8685426], [11.0801303, 36.8686521], [11.0801598, 36.8687604], [11.0802443, 36.8692024], [11.0802752, 36.8694278], [11.080259, 36.8696434], [11.0802443, 36.869726], [11.0802215, 36.8698054], [11.0801854, 36.8698848], [11.0801437, 36.8699535], [11.0800914, 36.8700221], [11.0800445, 36.8700855], [11.0800258, 36.8701477], [11.0800311, 36.8702099], [11.0800458, 36.8702818], [11.0800606, 36.870403], [11.0800539, 36.8706004], [11.0800472, 36.8706997], [11.0800398, 36.8707388], [11.0800328, 36.8707623], [11.080023, 36.8707844], [11.0800003, 36.8708123], [11.0799741, 36.8708386], [11.0799117, 36.8708879], [11.0798025, 36.8709866], [11.0797562, 36.8710333], [11.0797314, 36.8710478], [11.0797092, 36.8710564], [11.0796797, 36.8710682], [11.0795671, 36.8710896], [11.0794812, 36.8711326], [11.0793203, 36.8712527], [11.0791218, 36.8714373], [11.0790038, 36.871536], [11.0787678, 36.8717934], [11.0786337, 36.8719565], [11.0785264, 36.8720724], [11.0784298, 36.8721968], [11.0783064, 36.8723685], [11.078183, 36.8725359], [11.0781106, 36.8726689], [11.0780141, 36.8728084], [11.0779256, 36.8729264], [11.0778773, 36.872995], [11.0778397, 36.8730487], [11.0778297, 36.8730581], [11.0778183, 36.8730621], [11.0778008, 36.8730626], [11.0777868, 36.8730578]]}}, {"type": "Feature", "properties": {"highway": "residential"}, "geometry": {"type": "LineString", "coordinates": [[11.0411498, 36.8161434], [11.0418472, 36.8156796], [11.0435075, 36.8145716], [11.04693, 36.8123126], [11.0472947, 36.8120678], [11.0473376, 36.8120527], [11.0474074, 36.8120721], [11.0475656, 36.8122181], [11.0480672, 36.8127292], [11.0486063, 36.8132982], [11.0488531, 36.8135001], [11.0490891, 36.8137277]]}}, {"type": "Feature", "properties": {"highway": "residential"}, "geometry": {"type": "LineString", "coordinates": [[11.0463104, 36.8154971], [11.0470158, 36.8161692], [11.0475147, 36.8166416], [11.047622, 36.8167189], [11.0477292, 36.8166888], [11.048035, 36.8164526], [11.0484078, 36.8161821], [11.0484213, 36.8161499], [11.048381, 36.8160833], [11.0472357, 36.814913]]}}, {"type": "Feature", "properties": {"highway": "residential"}, "geometry": {"type": "LineString", "coordinates": [[11.042747, 36.8177485], [11.0436174, 36.8171891], [11.0451007, 36.8162615], [11.0463104, 36.8154971], [11.0472357, 36.814913], [11.0490891, 36.8137277], [11.050398, 36.8129074], [11.0515782, 36.812158], [11.051825, 36.8120076]]}}, {"type": "Feature", "properties": {"highway": "residential"}, "geometry": {"type": "LineString", "coordinates": [[11.0438374, 36.8188629], [11.0442276, 36.8186041], [11.0446098, 36.8183572], [11.0449545, 36.8181468], [11.0454346, 36.8178344], [11.04555, 36.8177614], [11.0456103, 36.8177517], [11.0456948, 36.8177614], [11.0458785, 36.817946]]}}, {"type": "Feature", "properties": {"highway": "residential"}, "geometry": {"type": "LineString", "coordinates": [[11.0387861, 36.866335], [11.0387479, 36.8664054], [11.0386822, 36.866474], [11.0385776, 36.8665749]]}}, {"type": "Feature", "properties": {"highway": "residential"}, "geometry": {"type": "LineString", "coordinates": [[11.0381362, 36.8657348], [11.038363, 36.8655427], [11.0383925, 36.8654977], [11.0384274, 36.8654612], [11.0384676, 36.8654311], [11.0385212, 36.865429], [11.0386285, 36.8655041], [11.0386848, 36.8655363], [11.0387492, 36.8655449], [11.0388243, 36.8655363], [11.0389021, 36.8655062], [11.0389826, 36.8654419], [11.0390362, 36.8654054], [11.0390818, 36.8653603], [11.0391569, 36.8653539], [11.0392535, 36.8653646], [11.0393393, 36.865356], [11.0394064, 36.865311], [11.0397416, 36.8650384]]}}, {"type": "Feature", "properties": {"highway": "residential"}, "geometry": {"type": "LineString", "coordinates": [[11.0407077, 36.8618299], [11.0402861, 36.8615041], [11.0402372, 36.8614638], [11.040211, 36.8614375], [11.0401996, 36.8614128], [11.0402023, 36.8613828], [11.0402117, 36.8613184]]}}, {"type": "Feature", "properties": {"highway": "residential"}, "geometry": {"type": "LineString", "coordinates": [[11.0346508, 36.8639075], [11.0347152, 36.8638238], [11.0348734, 36.8635492]]}}, {"type": "Feature", "properties": {"highway": "residential"}, "geometry": {"type": "LineString", "coordinates": [[11.0339781, 36.8597891], [11.034109, 36.8596091], [11.0342981, 36.8593966], [11.0343417, 36.8593376], [11.0343483, 36.8593012]]}}, {"type": "Feature", "properties": {"highway": "residential"}, "geometry": {"type": "LineString", "coordinates": [[11.0325352, 36.8611355], [11.0324953, 36.8611999], [11.0324822, 36.8612122], [11.032448, 36.8612264], [11.0323293, 36.8612787], [11.0323019, 36.8612903], [11.0322797, 36.8613077], [11.0322636, 36.861341], [11.0322516, 36.8613721], [11.0322274, 36.8614434], [11.0322167, 36.8614944], [11.032206, 36.8615459], [11.0321858, 36.8615813], [11.0320933, 36.8616468]]}}, {"type": "Feature", "properties": {"highway": "residential"}, "geometry": {"type": "LineString", "coordinates": [[11.0318201, 36.8608105], [11.0315099, 36.8611864], [11.0314576, 36.8612412], [11.0314308, 36.8612535], [11.0314026, 36.861254], [11.0313128, 36.8612304], [11.0312705, 36.8612259], [11.0312323, 36.8612334], [11.0311458, 36.861279]]}}, {"type": "Feature", "properties": {"highway": "residential"}, "geometry": {"type": "LineString", "coordinates": [[11.0306388, 36.8602045], [11.0304263, 36.8604482], [11.0304002, 36.8604981], [11.0303874, 36.860592], [11.0303861, 36.8606778], [11.0303593, 36.8607615], [11.0303673, 36.8608302], [11.0304156, 36.8608839], [11.0305834, 36.861036]]}}, {"type": "Feature", "properties": {"highway": "residential"}, "geometry": {"type": "LineString", "coordinates": [[11.0300535, 36.8618514], [11.030134, 36.8617235], [11.0301558, 36.8616832], [11.0301655, 36.8616712], [11.0301775, 36.8616634], [11.0301987, 36.8616537], [11.0302557, 36.8616266], [11.0302899, 36.8616041], [11.0303338, 36.8615566], [11.03037, 36.8614944], [11.0304156, 36.8614096], [11.0304666, 36.8613131], [11.0305014, 36.8612605]]}}, {"type": "Feature", "properties": {"highway": "residential"}, "geometry": {"type": "LineString", "coordinates": [[11.031059, 36.8604142], [11.0307562, 36.8607186], [11.0306758, 36.8608238], [11.0306168, 36.8609139], [11.0305953, 36.8609697], [11.0305834, 36.861036], [11.0305376, 36.8611746], [11.0305014, 36.8612605]]}}, {"type": "Feature", "properties": {"highway": "residential"}, "geometry": {"type": "LineString", "coordinates": [[11.0304367, 36.8592373], [11.0309668, 36.8594492], [11.0312524, 36.8595716], [11.0313208, 36.8596113], [11.0313812, 36.8596531], [11.0314482, 36.8596992], [11.0317533, 36.8598704]]}}, {"type": "Feature", "properties": {"highway": "residential"}, "geometry": {"type": "LineString", "coordinates": [[11.0314478, 36.8603692], [11.0318241, 36.860583]]}}, {"type": "Feature", "properties": {"highway": "residential"}, "geometry": {"type": "LineString", "coordinates": [[11.0324708, 36.8611183], [11.0324295, 36.861099], [11.0321906, 36.8609866], [11.0321341, 36.8609582], [11.0318201, 36.8608105], [11.0317007, 36.8607544], [11.0313165, 36.8605494], [11.0312892, 36.8605348], [11.031059, 36.8604142], [11.0310292, 36.8603986], [11.0308884, 36.8603138], [11.0306388, 36.8602045], [11.0302487, 36.8600338], [11.0296401, 36.8598059]]}}, {"type": "Feature", "properties": {"highway": "residential"}, "geometry": {"type": "LineString", "coordinates": [[11.0330097, 36.8634499], [11.0328966, 36.8636371], [11.032851, 36.8636994], [11.0327679, 36.8637981], [11.0327008, 36.8638625], [11.0326418, 36.863944]]}}, {"type": "Feature", "properties": {"highway": "residential"}, "geometry": {"type": "LineString", "coordinates": [[11.0283768, 36.8677756], [11.0285702, 36.8678946], [11.0288411, 36.8680212], [11.0290276, 36.8681156], [11.0291228, 36.8681521], [11.0291992, 36.86818], [11.0294017, 36.8682594], [11.0298282, 36.8684611], [11.0299408, 36.8685083], [11.030083, 36.8685791], [11.0301635, 36.8686392], [11.0302708, 36.8687272], [11.0303915, 36.868843], [11.0304585, 36.8689095], [11.0305175, 36.8689739], [11.0305866, 36.8690313], [11.0306382, 36.8690522], [11.0306795, 36.8690528], [11.030712, 36.8690458], [11.0307395, 36.8690345], [11.0307991, 36.8689675], [11.0309574, 36.8687314], [11.0310607, 36.8686178], [11.0312773, 36.8684573], [11.0313215, 36.8684214]]}}, {"type": "Feature", "properties": {"highway": "residential"}, "geometry": {"type": "LineString", "coordinates": [[11.0325254, 36.8658853], [11.0328323, 36.8661114], [11.0328832, 36.8661607], [11.0329261, 36.866209], [11.0329825, 36.8662594], [11.0330602, 36.8663131], [11.0331273, 36.8663861], [11.0331809, 36.8664612], [11.0332185, 36.8665448], [11.0332373, 36.8666264], [11.0332721, 36.8666908], [11.0333607, 36.8667401], [11.0334814, 36.8667852]]}}, {"type": "Feature", "properties": {"highway": "residential"}, "geometry": {"type": "LineString", "coordinates": [[11.0313456, 36.8684391], [11.0314831, 36.8682465], [11.0315743, 36.868125], [11.0316172, 36.868062], [11.0316548, 36.8680019], [11.0316605, 36.86796], [11.0316575, 36.8679225], [11.0316226, 36.8678688], [11.0316011, 36.8678173], [11.0315984, 36.8677701], [11.0316253, 36.8676757], [11.0316595, 36.8676033], [11.0317007, 36.8675363]]}}, {"type": "Feature", "properties": {"highway": "residential"}, "geometry": {"type": "LineString", "coordinates": [[11.030886, 36.8666052], [11.0309654, 36.8667981], [11.031062, 36.8669225], [11.0312498, 36.8671028], [11.0313946, 36.8672744], [11.0315716, 36.8674547], [11.0317007, 36.8675363], [11.0318023, 36.8676006], [11.0321939, 36.8678409], [11.0322911, 36.867886], [11.0323682, 36.8679005], [11.0324266, 36.8679026], [11.0324836, 36.8678924], [11.0325372, 36.8678935], [11.0325707, 36.8678962], [11.0325962, 36.8679053], [11.0333258, 36.8683259]]}}, {"type": "Feature", "properties": {"highway": "residential"}, "geometry": {"type": "LineString", "coordinates": [[11.0386024, 36.8722719], [11.0385561, 36.8723234], [11.0384964, 36.8723658], [11.0382912, 36.8725069], [11.0382356, 36.8725519], [11.0381578, 36.8726324], [11.0380881, 36.8727043], [11.037962, 36.8728105], [11.0378252, 36.8729167], [11.0376026, 36.8730755], [11.0375395, 36.8731345], [11.0375074, 36.8731914]]}}, {"type": "Feature", "properties": {"highway": "residential"}, "geometry": {"type": "LineString", "coordinates": [[11.0342243, 36.8646188], [11.0342498, 36.864679], [11.0343035, 36.8647176], [11.0343437, 36.8647605], [11.0343906, 36.8648131], [11.0344067, 36.864855], [11.0344242, 36.8648936], [11.0344724, 36.8649322], [11.0345341, 36.8649794], [11.0345797, 36.8649966], [11.0346387, 36.8650095], [11.0346897, 36.8650041], [11.0347353, 36.8649741], [11.0347648, 36.8649236], [11.0347836, 36.8648796], [11.0348023, 36.8648421], [11.0348399, 36.8648281], [11.0348842, 36.864797], [11.0349257, 36.8647917], [11.0349834, 36.8647659], [11.0350867, 36.8647208], [11.0351859, 36.8646597], [11.0352422, 36.8646382]]}}, {"type": "Feature", "properties": {"highway": "residential"}, "geometry": {"type": "LineString", "coordinates": [[11.0398221, 36.8675298], [11.0399294, 36.8674826], [11.0400152, 36.8674268], [11.040101, 36.8673581], [11.0401601, 36.8673216], [11.0402271, 36.8672937], [11.0403022, 36.8673002], [11.040372, 36.8673216], [11.0404444, 36.8673324], [11.0405248, 36.8673302]]}}, {"type": "Feature", "properties": {"highway": "residential"}, "geometry": {"type": "LineString", "coordinates": [[11.0303091, 36.8627117], [11.0301447, 36.8630256], [11.0301018, 36.8631736], [11.0300817, 36.8632294], [11.0300454, 36.863297], [11.0299623, 36.8634354], [11.0297933, 36.8636736], [11.029627, 36.8638153]]}}, {"type": "Feature", "properties": {"highway": "residential"}, "geometry": {"type": "LineString", "coordinates": [[11.0289806, 36.8626049], [11.0290825, 36.8626972], [11.0291228, 36.8627487], [11.0291576, 36.8628067], [11.0292274, 36.8628968], [11.0292743, 36.8629558], [11.0293065, 36.8630062], [11.0293347, 36.8630921], [11.0293588, 36.8632466]]}}, {"type": "Feature", "properties": {"highway": "residential"}, "geometry": {"type": "LineString", "coordinates": [[11.0336649, 36.8637088], [11.033712, 36.8636135], [11.0337415, 36.863547], [11.033771, 36.8634783], [11.0338032, 36.8634075], [11.0338166, 36.863326], [11.0338193, 36.8632316], [11.0338113, 36.8631629], [11.0337737, 36.8629612]]}}, {"type": "Feature", "properties": {"highway": "residential"}, "geometry": {"type": "LineString", "coordinates": [[11.0343227, 36.8645598], [11.0339856, 36.8643775]]}}, {"type": "Feature", "properties": {"highway": "residential"}, "geometry": {"type": "LineString", "coordinates": [[11.0374203, 36.8125067], [11.0364023, 36.8132939], [11.0355145, 36.8139811], [11.0346159, 36.8146704], [11.0344114, 36.8148215], [11.0343802, 36.8148513], [11.0343605, 36.8148757], [11.0343457, 36.8149074], [11.034338, 36.8149441], [11.0343541, 36.8149836], [11.0343826, 36.8150139], [11.034451, 36.8150719], [11.0348627, 36.8154133], [11.035426, 36.8159437], [11.0354608, 36.8159931], [11.0354689, 36.8160232], [11.0354608, 36.8160618], [11.035434, 36.8160983], [11.0341787, 36.8169315]]}}, {"type": "Feature", "properties": {"highway": "unclassified"}, "geometry": {"type": "LineString", "coordinates": [[11.0441418, 36.8334329], [11.0441854, 36.8334555], [11.0442042, 36.83347], [11.0442249, 36.833492], [11.0444127, 36.8337662], [11.0444523, 36.8338092], [11.0444777, 36.8338317], [11.0445354, 36.8338768], [11.0446038, 36.8339181], [11.0446742, 36.8339551], [11.044744, 36.8339809], [11.044811, 36.8340083], [11.0449726, 36.8340528], [11.0452361, 36.8341011], [11.0455694, 36.8341435], [11.0459033, 36.8341795], [11.0459744, 36.8341881], [11.0460703, 36.8342101], [11.04614, 36.8342299], [11.046195, 36.8342482], [11.0464827, 36.8343904], [11.0469937, 36.8346544], [11.047447, 36.8348863], [11.0478399, 36.8350945], [11.0482242, 36.8352878], [11.0483126, 36.8353323], [11.0489537, 36.8356699], [11.0492722, 36.8358389], [11.0494781, 36.8359511], [11.0495605, 36.8359988], [11.049641, 36.8360498], [11.049706, 36.8361003]]}}, {"type": "Feature", "properties": {"bridge": "yes", "highway": "unclassified", "layer": "1"}, "geometry": {"type": "LineString", "coordinates": [[11.043952, 36.833357], [11.0441418, 36.8334329]]}}, {"type": "Feature", "properties": {"highway": "unclassified"}, "geometry": {"type": "LineString", "coordinates": [[11.0331742, 36.8083978], [11.0328926, 36.8085664], [11.0326821, 36.808707], [11.0323924, 36.8089379], [11.0320128, 36.8092396], [11.0318077, 36.8093899], [11.0314563, 36.8096369], [11.0310057, 36.8099654], [11.0308313, 36.8100836], [11.0304491, 36.810323], [11.0302231, 36.8104717], [11.0301132, 36.8105329], [11.0300498, 36.8105606], [11.0300176, 36.8105761], [11.0299895, 36.8105936], [11.0298765, 36.810687], [11.0295586, 36.8109629], [11.0292435, 36.8112217], [11.028766, 36.8115792], [11.0285488, 36.8117618], [11.0278782, 36.8123169], [11.0273686, 36.8127592], [11.0268778, 36.8132102], [11.0262414, 36.8137867], [11.0259571, 36.8140224], [11.0254776, 36.8143762], [11.0252436, 36.8145614], [11.0250981, 36.8146773], [11.0250103, 36.8147461], [11.0244866, 36.8151181], [11.023301, 36.8161241], [11.0230543, 36.8163372], [11.0228068, 36.8165106], [11.0226466, 36.8166502], [11.0223207, 36.8169272], [11.0221349, 36.8170823], [11.0220444, 36.8171768], [11.0220116, 36.8172401], [11.0220149, 36.8173164], [11.0220397, 36.8173539], [11.0221946, 36.8174656], [11.0227525, 36.8178365], [11.0233681, 36.8182219], [11.0238013, 36.8185365], [11.0239964, 36.8187115], [11.024156, 36.818879], [11.0242452, 36.8189917], [11.0242666, 36.8190411], [11.0242747, 36.8191002], [11.0243162, 36.8191549], [11.0243793, 36.8192215], [11.0245322, 36.8194018], [11.0249251, 36.8198828], [11.0252711, 36.8203477], [11.0256191, 36.8208587], [11.0257606, 36.8210144], [11.0258545, 36.8211067], [11.0262421, 36.8214889], [11.0265157, 36.8217616], [11.0267879, 36.8220825], [11.0268898, 36.822221], [11.026914, 36.8222736], [11.0269287, 36.8223048], [11.0270789, 36.8226344], [11.0272372, 36.8229779], [11.0273471, 36.8232774], [11.027378, 36.8233311], [11.0274129, 36.8233837], [11.0276368, 36.8236628], [11.0279547, 36.8241459], [11.0281344, 36.8244261], [11.0281759, 36.824527], [11.0282175, 36.8246419], [11.0283865, 36.8251174], [11.0285944, 36.8256617], [11.0287305, 36.8261346], [11.0288519, 36.8265092], [11.0288921, 36.8266187], [11.0289592, 36.8267652], [11.029104, 36.8270819], [11.0291922, 36.8273554], [11.0292019, 36.8274195], [11.0292083, 36.8275038], [11.0292113, 36.8280819], [11.02922, 36.8283111], [11.0292374, 36.8284318], [11.0292649, 36.8285311], [11.0292757, 36.828617], [11.029275, 36.8286589], [11.0292629, 36.8287254], [11.0292488, 36.8287818], [11.0291697, 36.8289771], [11.0291617, 36.8290136], [11.0291596, 36.8290587], [11.0291771, 36.8291151], [11.029224, 36.8291956], [11.0292394, 36.8292256], [11.0292515, 36.8292589], [11.0292616, 36.8293088], [11.0293192, 36.8295498], [11.0293373, 36.8295858], [11.0293548, 36.829611], [11.0293789, 36.8296416], [11.0296847, 36.8299363], [11.0297263, 36.8299883], [11.0297504, 36.8300423], [11.0297779, 36.8300764], [11.029969, 36.8302132], [11.0302775, 36.8304526], [11.0306637, 36.8307177], [11.0311264, 36.8310387], [11.0313408, 36.8311871], [11.0314501, 36.8312703], [11.0315249, 36.8313531], [11.031577, 36.8314165], [11.031631, 36.831469], [11.0316679, 36.8315107], [11.0316943, 36.8315384], [11.031719, 36.8315515], [11.0317508, 36.8315624], [11.0317852, 36.8315698], [11.0319706, 36.8316269], [11.0323039, 36.8317203], [11.0324554, 36.831774], [11.032608, 36.8318277], [11.0326941, 36.8318566], [11.0327313, 36.8318683], [11.0327644, 36.8318864], [11.0327853, 36.8319039], [11.0328215, 36.8319414], [11.0328951, 36.8320079], [11.0329681, 36.8320764], [11.0330207, 36.8321419], [11.0330378, 36.832181], [11.0330548, 36.8322012], [11.0330733, 36.8322133], [11.0330996, 36.8322239], [11.0331279, 36.8322354], [11.0331544, 36.8322435], [11.0332175, 36.8322508], [11.0335819, 36.8322715], [11.0339685, 36.8322833], [11.0344252, 36.8323271], [11.0349298, 36.8323815], [11.0352704, 36.8324116], [11.0354622, 36.8324266], [11.0359785, 36.8324535], [11.0369897, 36.832513], [11.0375758, 36.832549], [11.0378594, 36.8325688], [11.0379995, 36.8325769], [11.0381055, 36.8325785], [11.0381725, 36.832571], [11.0382557, 36.8325554], [11.0384119, 36.8325307], [11.0390013, 36.8324631], [11.0394536, 36.8324076], [11.0396776, 36.8323754], [11.0398462, 36.8323426], [11.0401527, 36.8322699], [11.0401976, 36.8322586], [11.0402365, 36.8322545], [11.0402799, 36.8322527], [11.0403358, 36.8322586], [11.0407569, 36.8323365], [11.0412718, 36.8324459], [11.041593, 36.8325238], [11.0419685, 36.8326333], [11.0425834, 36.832841], [11.0426892, 36.8328783], [11.0433023, 36.8330943], [11.043952, 36.833357]]}}, {"type": "Feature", "properties": {"highway": "residential"}, "geometry": {"type": "LineString", "coordinates": [[11.0800834, 36.8617835], [11.0801444, 36.8618522], [11.0802014, 36.8618967], [11.0803228, 36.8619536], [11.0804689, 36.8620126], [11.0805722, 36.8620373], [11.0806668, 36.8620416], [11.0807761, 36.8620282], [11.0808563, 36.8620141]]}}, {"type": "Feature", "properties": {"highway": "residential"}, "geometry": {"type": "LineString", "coordinates": [[11.0851739, 36.859308], [11.0852983, 36.8595587], [11.0853595, 36.8596431], [11.0854103, 36.8597171], [11.0854663, 36.8597796], [11.08556, 36.8598557], [11.086133, 36.8601323], [11.0867024, 36.8603431], [11.0867607, 36.8603784], [11.0871725, 36.8606049], [11.0875211, 36.860798]]}}, {"type": "Feature", "properties": {"highway": "residential"}, "geometry": {"type": "LineString", "coordinates": [[11.0822046, 36.86097], [11.0818013, 36.8608023], [11.0813065, 36.8605394], [11.081281, 36.8605083], [11.0812729, 36.8604793], [11.081281, 36.8604503], [11.0813655, 36.8603184], [11.0813722, 36.8602862], [11.0813641, 36.8602432], [11.0813427, 36.8602175], [11.0811268, 36.860129], [11.0808572, 36.860048], [11.0804911, 36.8599224], [11.0803216, 36.8598756], [11.0798564, 36.8596988], [11.0794677, 36.8595306], [11.0792489, 36.859441]]}}, {"type": "Feature", "properties": {"highway": "residential"}, "geometry": {"type": "LineString", "coordinates": [[11.082901, 36.8607862], [11.0826865, 36.8607315], [11.0825537, 36.8607025], [11.0825121, 36.8607079], [11.0824665, 36.8607336], [11.0822046, 36.86097], [11.0819542, 36.8611961], [11.081637, 36.8615078], [11.0816049, 36.8615378], [11.08157, 36.861548], [11.0815143, 36.8615464], [11.0814614, 36.8615507], [11.0814044, 36.8615738], [11.0813527, 36.8615995], [11.0812823, 36.8616628], [11.081116, 36.861857], [11.0809511, 36.8620544]]}}, {"type": "Feature", "properties": {"highway": "residential"}, "geometry": {"type": "LineString", "coordinates": [[11.0820146, 36.8625888], [11.0821607, 36.8624343], [11.0824933, 36.862106], [11.0829252, 36.861694], [11.0832229, 36.8613699], [11.0833315, 36.8612283], [11.0833557, 36.8611778], [11.0833516, 36.8611456], [11.0833074, 36.8611027], [11.082901, 36.8607862]]}}, {"type": "Feature", "properties": {"highway": "residential"}, "geometry": {"type": "LineString", "coordinates": [[11.0865757, 36.8645738], [11.0863933, 36.8647959], [11.0863014, 36.8648954], [11.086287, 36.8649066], [11.0862647, 36.8649158], [11.0862377, 36.8649177], [11.0862059, 36.8649126], [11.0861767, 36.8649048], [11.085657, 36.8646892], [11.0856268, 36.8646822], [11.085602, 36.8646919], [11.0855729, 36.864712], [11.0855309, 36.8647576], [11.0850743, 36.8652181], [11.0846002, 36.8657734], [11.0841657, 36.8663034], [11.0837875, 36.8667809]]}}, {"type": "Feature", "properties": {"highway": "unclassified"}, "geometry": {"type": "LineString", "coordinates": [[11.0842596, 36.8634376], [11.0851474, 36.8639043], [11.0856275, 36.8641768], [11.0861478, 36.8644236], [11.0864188, 36.8645331], [11.0864939, 36.8645577], [11.0865757, 36.8645738], [11.0866427, 36.8645127], [11.0867111, 36.8644451], [11.0873012, 36.8638249], [11.0873508, 36.8637906], [11.0874179, 36.8637755], [11.0874903, 36.8637745], [11.0875587, 36.8638002], [11.0880562, 36.8639901], [11.0881729, 36.8640148], [11.0884264, 36.8640363], [11.0888488, 36.8640853]]}}, {"type": "Feature", "properties": {"highway": "residential"}, "geometry": {"type": "LineString", "coordinates": [[11.0869451, 36.8614016], [11.0878296, 36.8618914]]}}, {"type": "Feature", "properties": {"highway": "residential"}, "geometry": {"type": "LineString", "coordinates": [[11.0879999, 36.8616049], [11.0878296, 36.8618914], [11.0876539, 36.8621414], [11.0873522, 36.8625459]]}}, {"type": "Feature", "properties": {"highway": "residential"}, "geometry": {"type": "LineString", "coordinates": [[11.0871859, 36.861166], [11.0879999, 36.8616049], [11.0881099, 36.8614278], [11.0881327, 36.8614085], [11.0881649, 36.8614026], [11.0882004, 36.8614091], [11.0885605, 36.8615899], [11.0890111, 36.8618163], [11.0892565, 36.8619311], [11.089339, 36.8619654], [11.089453, 36.8619971], [11.0895864, 36.8620287]]}}, {"type": "Feature", "properties": {"highway": "residential"}, "geometry": {"type": "LineString", "coordinates": [[11.0848778, 36.8629397], [11.0845653, 36.862738], [11.0838693, 36.8623442]]}}, {"type": "Feature", "properties": {"highway": "residential"}, "geometry": {"type": "LineString", "coordinates": [[11.0807043, 36.8664697], [11.0807432, 36.866532], [11.0807821, 36.8665738], [11.0810248, 36.8667755], [11.0810932, 36.8668195], [11.0816297, 36.8671156], [11.0822613, 36.8674193], [11.0825912, 36.8676017]]}}, {"type": "Feature", "properties": {"highway": "residential"}, "geometry": {"type": "LineString", "coordinates": [[11.052307, 36.8374251], [11.0524459, 36.8372386], [11.0526113, 36.8370113], [11.052824, 36.8367131], [11.0530052, 36.8364668]]}}, {"type": "Feature", "properties": {"highway": "unclassified"}, "geometry": {"type": "LineString", "coordinates": [[11.049706, 36.8361003], [11.0496511, 36.8361642], [11.0496128, 36.8362119], [11.0495625, 36.836264], [11.0493439, 36.8364797], [11.0491186, 36.8366622], [11.0486948, 36.8369885], [11.0482429, 36.8373491], [11.0479706, 36.8375745], [11.0476622, 36.8378321], [11.047394, 36.8380532], [11.0468174, 36.8384913]]}}, {"type": "Feature", "properties": {"highway": "unclassified"}, "geometry": {"type": "LineString", "coordinates": [[11.049706, 36.8361003], [11.0499394, 36.8362189], [11.0502116, 36.836367], [11.0508768, 36.8367158], [11.0510787, 36.8368173], [11.0515957, 36.8370695], [11.0521542, 36.8373491], [11.052307, 36.8374251], [11.0528845, 36.8377055], [11.0536703, 36.8381037], [11.0538809, 36.8382132], [11.0539372, 36.8382443], [11.0539922, 36.8382733], [11.0540606, 36.8383065], [11.0541531, 36.8383495], [11.0542953, 36.8384106], [11.0543905, 36.8384482], [11.0544676, 36.8384804], [11.0545561, 36.8385196], [11.0546775, 36.8385775], [11.0548049, 36.8386419], [11.0549283, 36.838709], [11.0551134, 36.8388164], [11.0553621, 36.8389677], [11.0555707, 36.8390986], [11.0557306, 36.8391942], [11.0557705, 36.8392178], [11.0558128, 36.8392403], [11.0558483, 36.8392591], [11.0558859, 36.8392784], [11.0560166, 36.8393455], [11.0561735, 36.8394265], [11.0563861, 36.8395414], [11.056608, 36.8396605], [11.0568756, 36.8398006], [11.0571854, 36.8399637], [11.0574026, 36.8400786], [11.0576038, 36.8401881], [11.0577875, 36.8402965], [11.0579646, 36.8403963], [11.0581215, 36.8404934], [11.0583682, 36.8406474], [11.0585694, 36.8407709], [11.0587156, 36.8408567], [11.0588443, 36.8409351], [11.0590173, 36.8410392], [11.0594143, 36.8412753], [11.0597979, 36.8414937], [11.0600151, 36.8416086], [11.0602967, 36.8417593], [11.0606441, 36.8419429], [11.0608627, 36.8420523], [11.0610458, 36.8421489], [11.0613385, 36.8423035], [11.0618229, 36.8425557], [11.0624488, 36.842903]]}}, {"type": "Feature", "properties": {"highway": "residential"}, "geometry": {"type": "LineString", "coordinates": [[11.0539922, 36.8354536], [11.0544884, 36.8350307], [11.0551737, 36.8344532], [11.0558255, 36.8338821], [11.056022, 36.8337206], [11.056082, 36.8336753], [11.0561279, 36.8336449], [11.0561752, 36.8336117], [11.0561913, 36.8336004], [11.0562064, 36.8335888], [11.0562252, 36.8335709], [11.0562446, 36.8335513], [11.0562808, 36.8335129], [11.0563398, 36.8334496], [11.0563613, 36.8334276], [11.0563827, 36.8334072], [11.0564887, 36.8333181], [11.0565175, 36.8332945], [11.0565477, 36.8332735], [11.0565752, 36.8332548], [11.0566362, 36.8332118], [11.0566791, 36.8331807], [11.056724, 36.8331437], [11.056773, 36.8331034], [11.0569587, 36.8329338], [11.0574536, 36.8324964], [11.0581443, 36.8319103], [11.0585305, 36.8315711], [11.0588792, 36.8312582]]}}, {"type": "Feature", "properties": {"highway": "residential"}, "geometry": {"type": "LineString", "coordinates": [[11.0065922, 36.8079801], [11.0071742, 36.8078899], [11.0075098, 36.8078607], [11.0075417, 36.8078566], [11.0075766, 36.8078486], [11.0076134, 36.8078357], [11.0076543, 36.8078142], [11.0077784, 36.8077326], [11.0079668, 36.8076054], [11.0083008, 36.8073702]]}}, {"type": "Feature", "properties": {"highway": "residential"}, "geometry": {"type": "LineString", "coordinates": [[11.0651965, 36.8352348], [11.0654037, 36.8350403], [11.0657242, 36.8347419], [11.0659005, 36.8345686], [11.0660461, 36.8343899], [11.0661949, 36.8342219], [11.0664377, 36.8339777], [11.0666402, 36.8337995], [11.0666536, 36.8337737], [11.0666516, 36.833749], [11.0666308, 36.8337152], [11.0665476, 36.8336165], [11.0665396, 36.8335956], [11.0665443, 36.8335666], [11.0665778, 36.8335258], [11.066848, 36.8332907], [11.0671377, 36.833003], [11.0672779, 36.8328651], [11.0675354, 36.8325753], [11.0676594, 36.8324803], [11.0678183, 36.8323611], [11.0680027, 36.8322071], [11.0680403, 36.8321835], [11.0680852, 36.8321631], [11.0681174, 36.8321524], [11.0681496, 36.8321481], [11.0682347, 36.8321529], [11.0682679, 36.832155], [11.0683058, 36.8321518], [11.0683353, 36.8321454], [11.0686284, 36.8319795], [11.0687169, 36.8319141], [11.0688034, 36.8318395], [11.069091, 36.831547]]}}, {"type": "Feature", "properties": {"highway": "residential"}, "geometry": {"type": "LineString", "coordinates": [[11.0615728, 36.8362554], [11.061493, 36.8362417], [11.061442, 36.8362232], [11.061257, 36.8361373], [11.0608198, 36.8359784], [11.0606816, 36.8359076], [11.060337, 36.8357037], [11.0601291, 36.8356081], [11.0600446, 36.8355899], [11.0599869, 36.8355856], [11.0598837, 36.8355802], [11.059531, 36.8355974], [11.059476, 36.8356178], [11.0594317, 36.8356446], [11.0592735, 36.835825], [11.058794, 36.836367], [11.0586512, 36.8365366], [11.0586418, 36.8365691], [11.0586391, 36.8365978], [11.0586509, 36.8366198], [11.0586703, 36.836637], [11.0588256, 36.8367201], [11.0589087, 36.836791]]}}, {"type": "Feature", "properties": {"highway": "residential"}, "geometry": {"type": "LineString", "coordinates": [[11.0639317, 36.8344488], [11.0638567, 36.8345262], [11.0638104, 36.8345659], [11.0632834, 36.834963], [11.0626101, 36.8354707], [11.0616841, 36.8361459], [11.0616144, 36.8362092], [11.0615728, 36.8362554], [11.0615406, 36.8362935], [11.0615071, 36.8363241], [11.061375, 36.8364314], [11.0608298, 36.8368468]]}}, {"type": "Feature", "properties": {"highway": "residential"}, "geometry": {"type": "LineString", "coordinates": [[11.0626709, 36.8336653], [11.0630956, 36.8332929], [11.0631721, 36.8332199], [11.0632552, 36.8331072], [11.0633008, 36.8330191], [11.063447, 36.832754], [11.0635449, 36.8326316], [11.0635892, 36.8325892], [11.063679, 36.8325372], [11.0637863, 36.8324599], [11.0641323, 36.8321406], [11.0641672, 36.8320917], [11.064198, 36.8320348], [11.0642329, 36.8319715], [11.0642543, 36.8319463], [11.0642798, 36.8319232], [11.064477, 36.8317955], [11.0645011, 36.8317557], [11.0645098, 36.83173], [11.0645004, 36.8316795], [11.0644676, 36.8316398], [11.0643147, 36.8315008], [11.0643026, 36.8314638], [11.0642993, 36.8314326], [11.0643066, 36.8314015], [11.0643308, 36.8313682], [11.0646037, 36.8311358], [11.0648612, 36.8309238], [11.0650724, 36.8307548], [11.065238, 36.8306496], [11.0653199, 36.830612], [11.0653909, 36.8305986], [11.0654399, 36.8306018], [11.0654855, 36.8306125], [11.0655981, 36.8306598], [11.0656491, 36.830678], [11.0656846, 36.8306759], [11.0657188, 36.8306619]]}}, {"type": "Feature", "properties": {"highway": "residential"}, "geometry": {"type": "LineString", "coordinates": [[11.0665235, 36.8387133], [11.0670385, 36.838123], [11.0670988, 36.8380715], [11.0671833, 36.838021], [11.0674569, 36.8378278], [11.0676192, 36.8376947], [11.0677023, 36.8376185], [11.0680845, 36.8372139], [11.068177, 36.8371001], [11.0682271, 36.8370085]]}}, {"type": "Feature", "properties": {"highway": "residential"}, "geometry": {"type": "LineString", "coordinates": [[11.0682271, 36.8370085], [11.0682642, 36.8369412], [11.0683105, 36.8368886], [11.0685324, 36.8366911], [11.0686183, 36.8366026], [11.0686961, 36.8365103], [11.0687477, 36.8364486], [11.0688329, 36.8363681], [11.0692184, 36.8360697], [11.0694605, 36.8358861], [11.0697468, 36.8356494], [11.0702812, 36.8353215], [11.0706635, 36.8350918], [11.0710443, 36.8347591], [11.0711717, 36.834699], [11.0715674, 36.8346142], [11.0718061, 36.8345712], [11.0720542, 36.8345165], [11.0721119, 36.8344983], [11.0722071, 36.8344521], [11.0723358, 36.8343737], [11.0724793, 36.8343008], [11.0725202, 36.8342879], [11.0725497, 36.8342745], [11.0725839, 36.8342616], [11.0726342, 36.8343276], [11.0726939, 36.834407], [11.072769, 36.8345133], [11.0728273, 36.8346002], [11.0729319, 36.8348149], [11.0729675, 36.8348637], [11.0730231, 36.8349276], [11.073227, 36.8351557], [11.0736293, 36.8356505], [11.0738258, 36.8358496], [11.074145, 36.8361432], [11.0745768, 36.8365688], [11.0750515, 36.837114], [11.075136, 36.8372026], [11.075246, 36.8373024], [11.0753097, 36.8373421], [11.0755089, 36.8374114], [11.0756416, 36.8374634], [11.0757999, 36.8375557], [11.0760319, 36.8376851], [11.0762572, 36.8378428], [11.0764497, 36.8379856], [11.0766468, 36.8381401], [11.0767729, 36.8382469], [11.0768588, 36.8383447], [11.0769264, 36.838416], [11.0775734, 36.8390431]]}}, {"type": "Feature", "properties": {"highway": "residential"}, "geometry": {"type": "LineString", "coordinates": [[11.042684, 36.8499963], [11.042617, 36.849991], [11.0425539, 36.8499695], [11.0424949, 36.8499362], [11.0424527, 36.8498885], [11.042401, 36.8498225], [11.0423105, 36.8497205], [11.0422763, 36.8496808], [11.0422643, 36.8496631], [11.0422257, 36.8496218]]}}, {"type": "Feature", "properties": {"highway": "residential"}, "geometry": {"type": "LineString", "coordinates": [[11.0434001, 36.8504318], [11.0431915, 36.8502433], [11.0427457, 36.8500328], [11.042684, 36.8499963], [11.0426512, 36.849962], [11.0426297, 36.8499223], [11.042619, 36.8498616], [11.0425821, 36.8497001], [11.0425258, 36.8495327], [11.0424882, 36.8494769], [11.0424319, 36.8494318], [11.0423675, 36.849419], [11.042287, 36.8494168]]}}, {"type": "Feature", "properties": {"highway": "residential"}, "geometry": {"type": "LineString", "coordinates": [[11.0493548, 36.8579521], [11.0498267, 36.8582324], [11.0498811, 36.8582662], [11.0499287, 36.8582952], [11.0499666, 36.858311], [11.0499863, 36.8583107], [11.0500028, 36.8583064], [11.0500842, 36.8582313]]}}, {"type": "Feature", "properties": {"highway": "residential"}, "geometry": {"type": "LineString", "coordinates": [[11.1030069, 36.8554564], [11.103151, 36.8552761], [11.1032429, 36.8551613], [11.1035286, 36.8547835]]}}, {"type": "Feature", "properties": {"highway": "residential"}, "geometry": {"type": "LineString", "coordinates": [[11.1075814, 36.8537405], [11.1076134, 36.8537553]]}}, {"type": "Feature", "properties": {"highway": "residential"}, "geometry": {"type": "LineString", "coordinates": [[11.1081663, 36.8531096], [11.108378, 36.8532533], [11.1086489, 36.8534228]]}}, {"type": "Feature", "properties": {"highway": "residential"}, "geometry": {"type": "LineString", "coordinates": [[11.1066587, 36.8531551], [11.1064253, 36.8533971], [11.106196, 36.8536804], [11.1061558, 36.8537705], [11.1061665, 36.8538843], [11.1062483, 36.8540495], [11.1063798, 36.8542352], [11.106475, 36.8543768], [11.1065098, 36.8544498], [11.1065112, 36.8545292], [11.1064709, 36.8547385], [11.1064334, 36.8548458], [11.1064133, 36.8549187], [11.1064106, 36.8550132], [11.1064026, 36.855113], [11.1063663, 36.855202], [11.1063194, 36.8552686], [11.1063013, 36.8552973], [11.1063016, 36.8553273], [11.1063211, 36.8553544], [11.1063814, 36.8554043], [11.1066909, 36.8556356], [11.1067794, 36.8556978], [11.1068558, 36.8557118], [11.106935, 36.855701], [11.1070128, 36.8556581]]}}, {"type": "Feature", "properties": {"highway": "residential"}, "geometry": {"type": "LineString", "coordinates": [[11.1090874, 36.854013], [11.1093114, 36.8541354], [11.1094764, 36.854232], [11.1095629, 36.854284]]}}, {"type": "Feature", "properties": {"highway": "residential"}, "geometry": {"type": "LineString", "coordinates": [[11.1088615, 36.8541949], [11.1089748, 36.8540796], [11.1090365, 36.8540506], [11.1090874, 36.854013], [11.1090995, 36.8539701], [11.1090888, 36.8538628], [11.1091183, 36.8537909], [11.1092189, 36.8536922], [11.1094321, 36.8535516], [11.1097017, 36.8533091], [11.1097901, 36.8532255], [11.1099297, 36.8530934], [11.1100973, 36.852956], [11.1102555, 36.8528648], [11.110399, 36.8527897], [11.1104809, 36.8527532], [11.1105157, 36.8527049]]}}, {"type": "Feature", "properties": {"highway": "residential"}, "geometry": {"type": "LineString", "coordinates": [[11.1095474, 36.8514418], [11.1099364, 36.8519333], [11.1102743, 36.8523519], [11.1104822, 36.8526191], [11.110505, 36.8526695], [11.1105157, 36.8527049]]}}, {"type": "Feature", "properties": {"highway": "residential"}, "geometry": {"type": "LineString", "coordinates": [[11.1015672, 36.8557042], [11.101356, 36.8559789], [11.1013338, 36.8560315], [11.1013325, 36.8560814], [11.1013553, 36.856156], [11.1014512, 36.856369], [11.1015008, 36.8565198], [11.1015223, 36.8566228], [11.1015652, 36.8566732], [11.1016899, 36.856758], [11.1019367, 36.856919], [11.1022089, 36.8570799], [11.1024986, 36.857272], [11.1026971, 36.8573117]]}}, {"type": "Feature", "properties": {"highway": "residential"}, "geometry": {"type": "LineString", "coordinates": [[11.1097901, 36.8532255], [11.1099578, 36.8533187], [11.1100758, 36.8533692], [11.1101871, 36.8534035], [11.1102475, 36.8534325], [11.110283, 36.8534588], [11.1102978, 36.8534904], [11.1102783, 36.8535167], [11.1100316, 36.8537652]]}}, {"type": "Feature", "properties": {"highway": "residential"}, "geometry": {"type": "LineString", "coordinates": [[11.1033065, 36.8560296], [11.1036117, 36.856185], [11.1037445, 36.8562579], [11.1038229, 36.8562912], [11.1038786, 36.8560879], [11.1039591, 36.855774], [11.104014, 36.8554553], [11.1040731, 36.8552246], [11.1041106, 36.8550314]]}}, {"type": "Feature", "properties": {"highway": "residential"}, "geometry": {"type": "LineString", "coordinates": [[11.1017974, 36.8525193], [11.1015276, 36.8523948], [11.1012245, 36.8522553], [11.1007699, 36.8520621]]}}, {"type": "Feature", "properties": {"highway": "residential"}, "geometry": {"type": "LineString", "coordinates": [[11.1046022, 36.8532374], [11.1046124, 36.853243], [11.1047235, 36.8533037], [11.1048524, 36.853361], [11.1048789, 36.853377], [11.1048938, 36.8533948], [11.1049193, 36.8534244], [11.1049454, 36.8534522], [11.1050108, 36.8534981], [11.1050715, 36.8535245], [11.1051074, 36.8535256], [11.105163, 36.8534886], [11.1052049, 36.8534545]]}}, {"type": "Feature", "properties": {"highway": "residential"}, "geometry": {"type": "LineString", "coordinates": [[11.1036544, 36.8541325], [11.1040207, 36.8542835], [11.1043078, 36.8543756]]}}, {"type": "Feature", "properties": {"highway": "residential"}, "geometry": {"type": "LineString", "coordinates": [[11.1039352, 36.8536981], [11.1044202, 36.853901]]}}, {"type": "Feature", "properties": {"highway": "residential"}, "geometry": {"type": "LineString", "coordinates": [[11.1046162, 36.8531964], [11.1046455, 36.8531737], [11.1047074, 36.8531256], [11.1047879, 36.853058], [11.1049059, 36.8528873], [11.1050611, 36.8526543]]}}, {"type": "Feature", "properties": {"highway": "residential"}, "geometry": {"type": "LineString", "coordinates": [[11.1057414, 36.8529185], [11.1055959, 36.8530966], [11.1053699, 36.8533359], [11.1053042, 36.8533885], [11.1052049, 36.8534545]]}}, {"type": "Feature", "properties": {"highway": "residential"}, "geometry": {"type": "LineString", "coordinates": [[11.1006972, 36.8534806], [11.1006204, 36.8534454], [11.1005245, 36.8534008], [11.1004346, 36.8533552], [11.1000699, 36.8531395]]}}, {"type": "Feature", "properties": {"highway": "residential"}, "geometry": {"type": "LineString", "coordinates": [[11.100444, 36.8525751], [11.1008826, 36.8527618], [11.1014331, 36.8530216]]}}, {"type": "Feature", "properties": {"highway": "residential"}, "geometry": {"type": "LineString", "coordinates": [[11.1005138, 36.8524538], [11.1001978, 36.8523317], [11.1001495, 36.8523142], [11.1001175, 36.8522997], [11.1001054, 36.8522884], [11.1001004, 36.8522779], [11.1000994, 36.8522665], [11.100102, 36.8522492], [11.1001087, 36.8522274], [11.1002368, 36.8519725]]}}, {"type": "Feature", "properties": {"highway": "residential"}, "geometry": {"type": "LineString", "coordinates": [[11.1028353, 36.8551219], [11.103151, 36.8552761]]}}, {"type": "Feature", "properties": {"highway": "residential"}, "geometry": {"type": "LineString", "coordinates": [[11.1047235, 36.8533037], [11.1046263, 36.8537024], [11.1045129, 36.8541676], [11.1043869, 36.8546698], [11.1043621, 36.8547385], [11.104346, 36.8547615], [11.1043191, 36.8547728], [11.1042337, 36.8547758], [11.1042066, 36.8547768]]}}, {"type": "Feature", "properties": {"highway": "residential"}, "geometry": {"type": "LineString", "coordinates": [[11.1095474, 36.8514418], [11.1097882, 36.8512175], [11.1100597, 36.8509138], [11.1102113, 36.8506992]]}}, {"type": "Feature", "properties": {"highway": "residential"}, "geometry": {"type": "LineString", "coordinates": [[11.1089862, 36.850337], [11.109123, 36.8501573], [11.1092987, 36.8499421], [11.1093416, 36.8499067], [11.1094113, 36.849846], [11.1094878, 36.8497892], [11.1095722, 36.8497103], [11.109644, 36.8496303], [11.1098291, 36.8494007], [11.1100262, 36.8492139]]}}, {"type": "Feature", "properties": {"highway": "residential"}, "geometry": {"type": "LineString", "coordinates": [[11.1095877, 36.8504776], [11.1098251, 36.8502045], [11.1099109, 36.850139], [11.1100088, 36.850094], [11.1101617, 36.8500532], [11.1103803, 36.8500113], [11.1106981, 36.849948]]}}, {"type": "Feature", "properties": {"highway": "residential"}, "geometry": {"type": "LineString", "coordinates": [[11.1090351, 36.8507636], [11.1086774, 36.8511991]]}}, {"type": "Feature", "properties": {"highway": "residential"}, "geometry": {"type": "LineString", "coordinates": [[11.100208, 36.8509471], [11.099799, 36.8507625]]}}, {"type": "Feature", "properties": {"highway": "residential"}, "geometry": {"type": "LineString", "coordinates": [[11.0148909, 36.8076924], [11.0152396, 36.8080327], [11.0156379, 36.8084311], [11.0159343, 36.8087049], [11.0163568, 36.8091033], [11.0167041, 36.8094275], [11.0170622, 36.8097389], [11.0174686, 36.810046], [11.0180841, 36.8105345], [11.0184355, 36.8107879], [11.0192053, 36.8114311], [11.0198504, 36.8119529], [11.0205209, 36.8125499], [11.020584, 36.812596], [11.0206805, 36.8126653], [11.020584, 36.8127313], [11.0205209, 36.8127818], [11.0203721, 36.812887], [11.0199134, 36.8131941], [11.019491, 36.81347], [11.0189612, 36.8138211], [11.0184509, 36.8141738]]}}, {"type": "Feature", "properties": {"highway": "residential"}, "geometry": {"type": "LineString", "coordinates": [[11.0102068, 36.8150233], [11.0102243, 36.8150204], [11.010238, 36.8150118], [11.0102977, 36.8149694], [11.0103738, 36.8149246], [11.0104318, 36.8148969], [11.0104985, 36.8148631], [11.0106249, 36.8147836], [11.0107128, 36.8147219], [11.0107966, 36.8146494], [11.0108338, 36.8146082], [11.0108633, 36.8145704], [11.0108884, 36.8145407], [11.0109595, 36.8144943], [11.0110095, 36.8144529], [11.0110581, 36.814407], [11.011094, 36.8143654], [11.0111557, 36.8143002], [11.0111791, 36.8142715], [11.0112116, 36.8142371], [11.0112519, 36.814202], [11.0112978, 36.8141636], [11.0113508, 36.8141193], [11.0114074, 36.8140664], [11.0114527, 36.8140173], [11.01151, 36.8139459], [11.011555, 36.8138903], [11.0115851, 36.8138485], [11.0116146, 36.8138082], [11.011643, 36.813768], [11.011677, 36.8137301], [11.0117273, 36.8136772], [11.0117776, 36.8136295], [11.0118635, 36.8135543], [11.0119674, 36.8134743], [11.0121196, 36.8133621], [11.0122838, 36.8132337], [11.0124689, 36.8130953], [11.0126707, 36.8129401], [11.0128404, 36.8128177], [11.0130188, 36.8126938], [11.0132415, 36.8125418], [11.0133997, 36.8124306], [11.0135593, 36.8123196], [11.0136726, 36.8122401], [11.0137678, 36.8121601], [11.0139059, 36.8120495], [11.0140253, 36.811948], [11.0140877, 36.8119014], [11.0141219, 36.8118756], [11.0141868, 36.811823], [11.0143552, 36.8117103], [11.0145885, 36.811569], [11.0147582, 36.8114772], [11.0149093, 36.8113858]]}}, {"type": "Feature", "properties": {"highway": "residential", "tracktype": "grade3"}, "geometry": {"type": "LineString", "coordinates": [[11.0702254, 36.8439813], [11.0701066, 36.8440841]]}}, {"type": "Feature", "properties": {"highway": "residential"}, "geometry": {"type": "LineString", "coordinates": [[11.0602967, 36.8417593], [11.0605609, 36.841462], [11.0608385, 36.8411647], [11.0611175, 36.8408771], [11.061375, 36.8406099], [11.0616285, 36.8403061], [11.0620455, 36.8398682]]}}, {"type": "Feature", "properties": {"highway": "residential"}, "geometry": {"type": "LineString", "coordinates": [[11.0694028, 36.8435689], [11.0695034, 36.8434057], [11.0695225, 36.8434009], [11.0695554, 36.8434071], [11.0698293, 36.8435469], [11.0699319, 36.8435898], [11.0701653, 36.843673], [11.0703882, 36.8437514]]}}, {"type": "Feature", "properties": {"highway": "residential", "surface": "ground"}, "geometry": {"type": "LineString", "coordinates": [[11.0372432, 36.852308], [11.0374131, 36.8520735], [11.0374601, 36.8519524], [11.0374987, 36.8518417], [11.0375107, 36.8517548], [11.0375682, 36.8516678], [11.0376687, 36.8515344], [11.0377567, 36.8514172], [11.0378399, 36.8513135], [11.0379716, 36.8510961], [11.0381083, 36.8509117], [11.0382917, 36.850652], [11.038352, 36.8505492], [11.0383633, 36.8504998], [11.0383623, 36.8504326], [11.038315, 36.850166], [11.0383336, 36.8500344], [11.0382833, 36.8499057], [11.0382623, 36.8498299], [11.0382529, 36.8496987], [11.0382395, 36.8495004], [11.0382719, 36.849331], [11.0382989, 36.8491833], [11.038357, 36.8490515], [11.0384142, 36.8489483], [11.0384519, 36.8488313], [11.0384757, 36.8485951], [11.0384853, 36.8484899], [11.0385295, 36.8483851], [11.0386181, 36.8482598], [11.0389288, 36.8479339]]}}, {"type": "Feature", "properties": {"highway": "residential"}, "geometry": {"type": "LineString", "coordinates": [[11.0384152, 36.8528977], [11.0378788, 36.8526328], [11.0372927, 36.8523401], [11.0372432, 36.852308], [11.0370853, 36.8521954], [11.0369316, 36.8521198], [11.0364107, 36.8518933], [11.0363755, 36.8518906], [11.036344, 36.851905], [11.0363104, 36.8519535], [11.0362435, 36.8520591], [11.0361964, 36.8520711], [11.0361301, 36.8520621], [11.0360359, 36.8520058], [11.0357788, 36.8518534], [11.0353159, 36.8516012]]}}, {"type": "Feature", "properties": {"highway": "track", "tracktype": "grade3"}, "geometry": {"type": "LineString", "coordinates": [[11.0925716, 36.8634446], [11.0927623, 36.8635609], [11.0928505, 36.8636292], [11.0929875, 36.8637745]]}}, {"type": "Feature", "properties": {"highway": "residential"}, "geometry": {"type": "LineString", "coordinates": [[11.0734657, 36.8588676], [11.0732404, 36.8590946], [11.0727958, 36.859505], [11.0726543, 36.8596499]]}}, {"type": "Feature", "properties": {"highway": "residential"}, "geometry": {"type": "LineString", "coordinates": [[11.0723105, 36.8489184], [11.0724458, 36.8490262], [11.0726362, 36.8491528], [11.0727033, 36.8491925], [11.072773, 36.8492322], [11.0731351, 36.849523], [11.0731887, 36.8495713], [11.07328, 36.8497055], [11.0733577, 36.8497827], [11.0734744, 36.8498826], [11.0738902, 36.8503172], [11.0741074, 36.8505232]]}}, {"type": "Feature", "properties": {"highway": "residential"}, "geometry": {"type": "LineString", "coordinates": [[11.0779383, 36.8516565], [11.0782447, 36.851973]]}}, {"type": "Feature", "properties": {"highway": "residential"}, "geometry": {"type": "LineString", "coordinates": [[11.0793136, 36.851092], [11.0798554, 36.8515202]]}}, {"type": "Feature", "properties": {"highway": "residential"}, "geometry": {"type": "LineString", "coordinates": [[11.0793136, 36.851092], [11.0790427, 36.8508141], [11.0789327, 36.8507014], [11.0786645, 36.8504384], [11.0786631, 36.8504213], [11.0786675, 36.8504108], [11.0786836, 36.8503977], [11.0788877, 36.8502652]]}}, {"type": "Feature", "properties": {"highway": "residential"}, "geometry": {"type": "LineString", "coordinates": [[11.0800992, 36.8502728], [11.0800083, 36.850212], [11.0799399, 36.8501594], [11.0797816, 36.8500532], [11.07961, 36.8499405], [11.0794638, 36.849816]]}}, {"type": "Feature", "properties": {"highway": "residential"}, "geometry": {"type": "LineString", "coordinates": [[11.0958065, 36.8603345], [11.095895, 36.8604063], [11.0960237, 36.8604997], [11.0961807, 36.8606134]]}}, {"type": "Feature", "properties": {"highway": "residential", "tracktype": "grade3"}, "geometry": {"type": "LineString", "coordinates": [[11.0958957, 36.8601429], [11.0958065, 36.8603345], [11.0957736, 36.8603961], [11.0957146, 36.8604815], [11.0955316, 36.8606606], [11.0953867, 36.8608007], [11.0953217, 36.8608645], [11.0952895, 36.8608817], [11.0952633, 36.8608844], [11.0952144, 36.8608854]]}}, {"type": "Feature", "properties": {"highway": "residential"}, "geometry": {"type": "LineString", "coordinates": [[11.0947611, 36.8593741], [11.0945053, 36.8596142]]}}, {"type": "Feature", "properties": {"highway": "residential"}, "geometry": {"type": "LineString", "coordinates": [[11.0596007, 36.8167543], [11.0598206, 36.8164183]]}}, {"type": "Feature", "properties": {"highway": "residential"}, "geometry": {"type": "LineString", "coordinates": [[11.0596007, 36.8167543], [11.060348, 36.8169837], [11.060398, 36.8170002], [11.0604651, 36.8170192], [11.0605328, 36.8170383], [11.0609898, 36.8171349], [11.0610515, 36.8171537], [11.0611001, 36.8171762], [11.0611316, 36.8172066], [11.0611507, 36.817246], [11.0611437, 36.8172871], [11.0610089, 36.8175896], [11.060909, 36.8177576]]}}, {"type": "Feature", "properties": {"highway": "residential"}, "geometry": {"type": "LineString", "coordinates": [[11.0602867, 36.8174344], [11.0601727, 36.817414], [11.0600057, 36.8173888], [11.0598019, 36.8173523], [11.0596155, 36.8173351], [11.0594478, 36.8173266], [11.0592869, 36.8173072], [11.0591575, 36.8172847], [11.059081, 36.8172739], [11.0590093, 36.8172696], [11.0589382, 36.8172675], [11.0588698, 36.8172557], [11.0587558, 36.8172235], [11.0586643, 36.8171905], [11.0586321, 36.8171639], [11.0586184, 36.817132], [11.0586204, 36.8170989], [11.0586418, 36.8170657], [11.0587196, 36.8169583], [11.0589945, 36.8166029], [11.0590167, 36.8165815], [11.0590448, 36.8165761], [11.0590723, 36.8165793], [11.05914, 36.8165949], [11.0596007, 36.8167543]]}}, {"type": "Feature", "properties": {"highway": "residential"}, "geometry": {"type": "LineString", "coordinates": [[11.0315823, 36.8062954], [11.0316333, 36.8063544], [11.0316346, 36.8063749], [11.0316266, 36.806392], [11.0316588, 36.8064296], [11.0314067, 36.8065842]]}}, {"type": "Feature", "properties": {"highway": "residential"}, "geometry": {"type": "LineString", "coordinates": [[11.0303633, 36.8054707], [11.0305738, 36.8053591], [11.0306221, 36.8053397], [11.030665, 36.8053505], [11.0307106, 36.8053891], [11.0309091, 36.8056103], [11.0315823, 36.8062954]]}}, {"type": "Feature", "properties": {"highway": "residential"}, "geometry": {"type": "LineString", "coordinates": [[11.0907398, 36.8603066], [11.0909115, 36.8603688], [11.091114, 36.8604557], [11.0912655, 36.8605373], [11.0914425, 36.8606456], [11.0917242, 36.8608581], [11.0918757, 36.8609783], [11.092093, 36.8611167], [11.0924323, 36.8613238], [11.0928426, 36.8615491], [11.0930317, 36.8616306], [11.0932597, 36.8616757], [11.0933724, 36.8617154], [11.0936607, 36.8618624], [11.0937526, 36.8619075], [11.093831, 36.8619118], [11.0939249, 36.8619069], [11.094, 36.8618823], [11.0940356, 36.8618619], [11.0940798, 36.86182], [11.0941965, 36.8617041], [11.0942481, 36.8616677], [11.0942924, 36.861665], [11.0943259, 36.8616757], [11.0943782, 36.8617176], [11.0946686, 36.8619123], [11.094753, 36.8619472], [11.0948342, 36.8619708], [11.0950736, 36.8620083], [11.0953398, 36.8620759], [11.095438, 36.8620958]]}}, {"type": "Feature", "properties": {"highway": "residential"}, "geometry": {"type": "LineString", "coordinates": [[11.0952144, 36.8608854], [11.0949482, 36.8606993], [11.0949066, 36.8606821], [11.0948825, 36.86068], [11.0948208, 36.8607218], [11.0943085, 36.8611972]]}}, {"type": "Feature", "properties": {"highway": "residential"}, "geometry": {"type": "LineString", "coordinates": [[11.0741329, 36.8401929], [11.0745392, 36.8397866], [11.0750194, 36.839353], [11.0754404, 36.8389795], [11.0756886, 36.8387466], [11.0759528, 36.8384686], [11.0760654, 36.8383655], [11.0762063, 36.8382743], [11.0763068, 36.8382292], [11.0763792, 36.8382024], [11.0764181, 36.838196], [11.0764503, 36.8381938], [11.0764906, 36.8382056], [11.0765831, 36.8382904], [11.0766153, 36.8383065], [11.0766394, 36.8383172], [11.0767333, 36.8383333], [11.0768588, 36.8383447]]}}, {"type": "Feature", "properties": {"highway": "residential"}, "geometry": {"type": "LineString", "coordinates": [[11.0747391, 36.8320198], [11.0745205, 36.8316333], [11.0744722, 36.8314959], [11.0743569, 36.8312534], [11.0741369, 36.8308927], [11.0740135, 36.8307231], [11.0739089, 36.83059], [11.0735522, 36.8302851], [11.0732303, 36.8300296], [11.0731338, 36.8299502], [11.0731204, 36.8299223], [11.0730922, 36.8298525], [11.0729735, 36.8297114]]}}, {"type": "Feature", "properties": {"highway": "residential"}, "geometry": {"type": "LineString", "coordinates": [[11.0828655, 36.8376877], [11.0828219, 36.8377264], [11.0826798, 36.8378348], [11.082256, 36.8381138], [11.0821333, 36.8381976], [11.0821011, 36.8382228], [11.0820555, 36.8382663], [11.0819126, 36.8384128], [11.0818503, 36.8384579], [11.081806, 36.8384841], [11.0817417, 36.8385126], [11.0816833, 36.838526], [11.0815941, 36.838533], [11.0813407, 36.8385233], [11.0812931, 36.8385287], [11.0812528, 36.8385367], [11.0811884, 36.8385604], [11.0810724, 36.8386156], [11.0810027, 36.8386639], [11.0807526, 36.8388979], [11.0805078, 36.8391265], [11.0802389, 36.83939], [11.0801323, 36.8395], [11.079903, 36.8397287], [11.0797602, 36.8398489], [11.0795798, 36.8400286], [11.0795114, 36.8401172], [11.07939, 36.840261], [11.0792754, 36.8403651], [11.079158, 36.8404531], [11.0791131, 36.8404773], [11.0790447, 36.8405036], [11.0789649, 36.8405447]]}}, {"type": "Feature", "properties": {"bridge": "yes", "highway": "residential", "layer": "1"}, "geometry": {"type": "LineString", "coordinates": [[11.0788361, 36.8349115], [11.079048, 36.8350886]]}}, {"type": "Feature", "properties": {"highway": "residential"}, "geometry": {"type": "LineString", "coordinates": [[11.0725839, 36.8342616], [11.0723251, 36.8337544], [11.0722433, 36.833588], [11.0721481, 36.8334506], [11.0719228, 36.8331952], [11.071617, 36.8329096], [11.071554, 36.8328205], [11.0715399, 36.8327674], [11.0715486, 36.83274], [11.071623, 36.832681], [11.0716894, 36.8326198], [11.0719536, 36.8323236], [11.0721199, 36.8321121], [11.0721829, 36.8320273], [11.0723935, 36.8318029], [11.0726067, 36.8315732], [11.0727851, 36.8313779], [11.0728018, 36.8313685], [11.0728233, 36.8313623], [11.0728548, 36.831361], [11.0729078, 36.8313704], [11.073516, 36.8315507], [11.0737332, 36.8316258], [11.0744682, 36.8319275], [11.0746653, 36.8319908], [11.0747391, 36.8320198], [11.0748142, 36.8320531], [11.0751682, 36.832315], [11.0753385, 36.8324491], [11.075985, 36.8329343], [11.0761834, 36.8331104], [11.076508, 36.8332907], [11.076685, 36.8333787], [11.0774119, 36.8337737], [11.0775916, 36.8338854], [11.0777418, 36.8340142], [11.0784285, 36.8345831], [11.0788361, 36.8349115]]}}, {"type": "Feature", "properties": {"highway": "residential"}, "geometry": {"type": "LineString", "coordinates": [[11.0372311, 36.8339745], [11.0374001, 36.8341054], [11.037553, 36.8341924], [11.0376669, 36.834246], [11.0377555, 36.8342804], [11.0378279, 36.8342943], [11.0379137, 36.8342847], [11.0379861, 36.8342621], [11.0380988, 36.8341956], [11.0381618, 36.8341773], [11.0382383, 36.834173], [11.0383254, 36.8341763], [11.0384944, 36.834202], [11.0386433, 36.8342181], [11.0387854, 36.8342267], [11.0389075, 36.8342331], [11.0389678, 36.8342331], [11.0390241, 36.8342149], [11.0390818, 36.8341773], [11.0391355, 36.8341033], [11.0392427, 36.833924], [11.0395753, 36.8332982], [11.0396638, 36.8331168], [11.0397322, 36.8329655], [11.0398275, 36.832768], [11.0399093, 36.8326306], [11.0399978, 36.8325007], [11.0400997, 36.8323746], [11.0401574, 36.832308], [11.0401976, 36.8322586], [11.0401956, 36.8322157], [11.0401882, 36.8321685], [11.0401668, 36.8321008], [11.0401292, 36.8320273], [11.0401044, 36.8319833], [11.0400923, 36.8319473], [11.0400876, 36.8319017], [11.0400662, 36.8315797], [11.0400615, 36.8315282], [11.0400487, 36.8314664], [11.0400347, 36.8314176], [11.0400166, 36.8313747], [11.0399971, 36.8313065]]}}, {"type": "Feature", "properties": {"highway": "residential"}, "geometry": {"type": "LineString", "coordinates": [[11.0330207, 36.8321419], [11.0328792, 36.8323472], [11.032729, 36.8325597], [11.0326606, 36.8326553], [11.0325976, 36.8327368], [11.0325298, 36.8328023], [11.0322677, 36.8330106], [11.0319113, 36.8332706], [11.031861, 36.8333068], [11.0318472, 36.8333395], [11.0318455, 36.8333705], [11.0318573, 36.8333927], [11.0318893, 36.8334356], [11.0319263, 36.8334893], [11.0321523, 36.8337748], [11.0323314, 36.8340641], [11.0323884, 36.8341634], [11.0324433, 36.8342815], [11.0324863, 36.8344017], [11.032556, 36.8345455], [11.0327035, 36.834787], [11.0328363, 36.8349824], [11.0330804, 36.835241], [11.0333734, 36.8354962], [11.0338394, 36.8358577], [11.0341704, 36.8360869], [11.0342485, 36.8361435], [11.0343149, 36.8361835], [11.0343906, 36.8362098], [11.0344466, 36.8362208], [11.0344939, 36.8362197], [11.0345502, 36.8362084], [11.0348292, 36.8361212], [11.0351202, 36.8360139]]}}, {"type": "Feature", "properties": {"highway": "residential"}, "geometry": {"type": "LineString", "coordinates": [[11.0381055, 36.8325785], [11.0379311, 36.8329676], [11.03762, 36.8334893], [11.0374913, 36.8336889], [11.0373732, 36.8338371], [11.0372311, 36.8339745], [11.0366142, 36.8345992], [11.0363674, 36.8348332], [11.0362467, 36.8349641], [11.0361609, 36.8350843], [11.0360375, 36.8352775], [11.0359436, 36.8354192], [11.0358524, 36.8355137], [11.0356593, 36.835664], [11.0353857, 36.8358378], [11.0351202, 36.8360139]]}}, {"type": "Feature", "properties": {"highway": "residential"}, "geometry": {"type": "LineString", "coordinates": [[11.0777767, 36.8393363], [11.0779523, 36.8392167], [11.0782501, 36.8389902], [11.0783279, 36.8389355], [11.0784177, 36.8388646], [11.0787463, 36.8385212], [11.0789837, 36.8382861], [11.0791205, 36.8381444], [11.0791714, 36.838066]]}}, {"type": "Feature", "properties": {"highway": "residential"}, "geometry": {"type": "LineString", "coordinates": [[11.0743569, 36.8312534], [11.0746546, 36.8309464], [11.0748276, 36.8307982], [11.0749087, 36.8307081], [11.0749731, 36.8306479], [11.0750267, 36.830605], [11.0750864, 36.8305685], [11.0751702, 36.8305223], [11.0751944, 36.8305057], [11.0752809, 36.8304037], [11.0753895, 36.8302803], [11.0754405, 36.8302245], [11.075466, 36.8301783], [11.0754928, 36.8301252], [11.0755491, 36.8299695]]}}, {"type": "Feature", "properties": {"highway": "residential", "tracktype": "grade3"}, "geometry": {"type": "LineString", "coordinates": [[11.0941435, 36.8591348], [11.0941374, 36.8589818], [11.0941354, 36.8589325]]}}, {"type": "Feature", "properties": {"highway": "residential"}, "geometry": {"type": "LineString", "coordinates": [[11.0426892, 36.8328783], [11.0425244, 36.8330825], [11.0423648, 36.8332607], [11.0422575, 36.833368], [11.0421757, 36.8334539], [11.0420899, 36.8335623], [11.0420269, 36.8336643], [11.0419665, 36.8337845], [11.041925, 36.8338789], [11.0418378, 36.8340743], [11.0416996, 36.834377], [11.0416621, 36.8344596], [11.0415977, 36.8346142], [11.0415173, 36.8347473], [11.0414287, 36.8348568], [11.0413241, 36.8349791]]}}, {"type": "Feature", "properties": {"highway": "service", "service": "driveway", "surface": "ground"}, "geometry": {"type": "LineString", "coordinates": [[11.0403267, 36.8467754], [11.0400099, 36.8466055], [11.0393601, 36.8462839], [11.0390007, 36.8461181], [11.0387294, 36.846013]]}}, {"type": "Feature", "properties": {"highway": "service", "service": "driveway", "surface": "ground"}, "geometry": {"type": "LineString", "coordinates": [[11.0400766, 36.8469525], [11.0399832, 36.8469188], [11.039611, 36.846736], [11.0391913, 36.8465346], [11.0389026, 36.8464035]]}}, {"type": "Feature", "properties": {"highway": "service", "service": "driveway", "surface": "ground"}, "geometry": {"type": "LineString", "coordinates": [[11.0395472, 36.8473385], [11.0393313, 36.8471964], [11.0389878, 36.8470416], [11.0386022, 36.846884], [11.0382168, 36.8467328]]}}, {"type": "Feature", "properties": {"highway": "residential"}, "geometry": {"type": "LineString", "coordinates": [[11.0389288, 36.8479339], [11.0386942, 36.8479766], [11.0385051, 36.8479798], [11.0383375, 36.8479755], [11.0382222, 36.8479669], [11.0381243, 36.8479664], [11.0380854, 36.8479793], [11.0380592, 36.848004], [11.0379687, 36.848129], [11.0378507, 36.8483018]]}}, {"type": "Feature", "properties": {"highway": "residential"}, "geometry": {"type": "LineString", "coordinates": [[11.1121599, 36.8508312], [11.1121948, 36.8507046], [11.1122538, 36.8505855], [11.1123436, 36.8504427], [11.1124992, 36.8501905], [11.112581, 36.8500779], [11.1127057, 36.8499147], [11.1132596, 36.8492891], [11.1133508, 36.8491989], [11.1134031, 36.8490981], [11.113434, 36.8489886], [11.1134661, 36.8487879], [11.1135064, 36.8486602], [11.1135332, 36.8485282], [11.1135721, 36.8481343], [11.1136298, 36.8480034], [11.1138106, 36.8477437]]}}, {"type": "Feature", "properties": {"highway": "residential"}, "geometry": {"type": "LineString", "coordinates": [[11.1162637, 36.8524742], [11.1166446, 36.8520728], [11.1170576, 36.8516865], [11.1172373, 36.8514504], [11.1175324, 36.8510748]]}}, {"type": "Feature", "properties": {"highway": "residential"}, "geometry": {"type": "LineString", "coordinates": [[11.1166187, 36.852735], [11.1169289, 36.8525858], [11.1171354, 36.8524914], [11.1173714, 36.8523926], [11.1175699, 36.8522832], [11.1177845, 36.8521759], [11.1179454, 36.8520868], [11.1180688, 36.8520364], [11.1181359, 36.8519859], [11.1182284, 36.8518947], [11.1183572, 36.8517573], [11.1184336, 36.8516844], [11.1186321, 36.8515384]]}}, {"type": "Feature", "properties": {"highway": "residential"}, "geometry": {"type": "LineString", "coordinates": [[11.1173379, 36.853397], [11.117763, 36.8532468], [11.1183773, 36.8530344]]}}, {"type": "Feature", "properties": {"highway": "residential"}, "geometry": {"type": "LineString", "coordinates": [[11.1157085, 36.8531503], [11.1159418, 36.853322], [11.1161028, 36.8534486], [11.1162798, 36.8535473], [11.1165185, 36.8536632], [11.1167089, 36.8537147], [11.1168672, 36.853807], [11.1171166, 36.8539315], [11.1172481, 36.8540066], [11.1173111, 36.8540506], [11.1173728, 36.8540764], [11.1174828, 36.8540656], [11.1177054, 36.8540163], [11.1178649, 36.8539793]]}}, {"type": "Feature", "properties": {"highway": "residential"}, "geometry": {"type": "LineString", "coordinates": [[11.1140214, 36.8530526], [11.1137853, 36.8532211], [11.1133079, 36.8536632]]}}, {"type": "Feature", "properties": {"highway": "residential"}, "geometry": {"type": "LineString", "coordinates": [[11.113332, 36.852648], [11.1132368, 36.8527071], [11.1132046, 36.8527167], [11.1131631, 36.8527114], [11.1130866, 36.8526545], [11.1130464, 36.8526287], [11.1129968, 36.8526234], [11.1129351, 36.8526352], [11.1127245, 36.8528058], [11.1126561, 36.8528852]]}}, {"type": "Feature", "properties": {"highway": "residential"}, "geometry": {"type": "LineString", "coordinates": [[11.1106096, 36.8527103], [11.1107249, 36.8527833], [11.1108698, 36.8528798], [11.1109824, 36.8529442], [11.1111648, 36.8530054], [11.1113713, 36.8530462], [11.111547, 36.8530784], [11.1116865, 36.8530848], [11.111822, 36.8530408], [11.1119815, 36.852897], [11.1120714, 36.8528444], [11.1121559, 36.8527972], [11.1122954, 36.8527317], [11.1124161, 36.8526555], [11.1126588, 36.8524484], [11.1128332, 36.8522875]]}}, {"type": "Feature", "properties": {"highway": "residential"}, "geometry": {"type": "LineString", "coordinates": [[11.1105157, 36.8527049], [11.1106096, 36.8527103], [11.1108389, 36.852692], [11.1109932, 36.8526716], [11.1111004, 36.8526405], [11.1111957, 36.8525794], [11.1114169, 36.8523948], [11.111665, 36.8521834], [11.1118877, 36.8520127], [11.1119695, 36.8519441], [11.1120245, 36.851907], [11.1120734, 36.8518947], [11.1121237, 36.8518904], [11.1122035, 36.8518968], [11.1122692, 36.8519253], [11.1123825, 36.8519838], [11.1125676, 36.8520922], [11.1127232, 36.852207], [11.1128332, 36.8522875], [11.1129766, 36.8523926], [11.1131604, 36.8525182], [11.113332, 36.852648], [11.1134501, 36.8525483], [11.1136217, 36.8527199], [11.1137706, 36.852852], [11.1140214, 36.8530526], [11.1142051, 36.8531792], [11.1143178, 36.8532458], [11.1144143, 36.8532874], [11.114767, 36.8533155], [11.1150674, 36.853322], [11.1153678, 36.8532876], [11.1155851, 36.8532146], [11.1157085, 36.8531503], [11.1162878, 36.8528305], [11.1164836, 36.8526652]]}}, {"type": "Feature", "properties": {"highway": "residential"}, "geometry": {"type": "LineString", "coordinates": [[11.1102743, 36.8523519], [11.110513, 36.8521651], [11.1108671, 36.8518496], [11.1111112, 36.8515985], [11.111374, 36.8512251]]}}, {"type": "Feature", "properties": {"highway": "residential"}, "geometry": {"type": "LineString", "coordinates": [[11.112927, 36.8561345], [11.1127473, 36.8563127], [11.1125877, 36.8564211], [11.1124, 36.8565777], [11.1121586, 36.8568159], [11.1119333, 36.8570574], [11.1117764, 36.8572527]]}}, {"type": "Feature", "properties": {"highway": "residential"}, "geometry": {"type": "LineString", "coordinates": [[11.1108698, 36.8528798], [11.1108845, 36.8529882], [11.110902, 36.8530923], [11.1109315, 36.8531943], [11.1110683, 36.853396], [11.1111736, 36.8535318], [11.1112989, 36.8536933], [11.1116154, 36.8541311], [11.1119346, 36.8545314], [11.1122028, 36.8548973], [11.1125086, 36.8552793], [11.1125797, 36.8553694], [11.1126179, 36.8554365], [11.1126293, 36.8554902], [11.1126253, 36.8555476], [11.1125971, 36.8556093], [11.1125368, 36.8556833], [11.1124999, 36.8557391], [11.1124979, 36.8557874], [11.11252, 36.8558303], [11.1125917, 36.8558899], [11.1127272, 36.8559693], [11.1128506, 36.8560626], [11.112927, 36.8561345], [11.1130162, 36.8562268], [11.1130873, 36.8562767], [11.1131993, 36.8563245], [11.11333, 36.856376], [11.1134071, 36.8564039], [11.113491, 36.8564211], [11.1135841, 36.8564289]]}}, {"type": "Feature", "properties": {"highway": "residential"}, "geometry": {"type": "LineString", "coordinates": [[11.1116865, 36.8530848], [11.1115148, 36.8532286], [11.1113646, 36.8533681], [11.1111736, 36.8535318]]}}, {"type": "Feature", "properties": {"highway": "residential"}, "geometry": {"type": "LineString", "coordinates": [[11.0602867, 36.8174344], [11.0602676, 36.8173405], [11.0602619, 36.8172804], [11.0602693, 36.8172192], [11.0602853, 36.8171612], [11.060348, 36.8169837]]}}, {"type": "Feature", "properties": {"highway": "residential"}, "geometry": {"type": "LineString", "coordinates": [[11.0604563, 36.8176529], [11.0603866, 36.817516], [11.0603598, 36.8174747], [11.0603242, 36.8174495], [11.0602867, 36.8174344]]}}, {"type": "Feature", "properties": {"highway": "residential", "name": "Ain Grinz"}, "geometry": {"type": "LineString", "coordinates": [[11.0789052, 36.8297962], [11.0788522, 36.8297076], [11.0788066, 36.8296411], [11.0787781, 36.8296134], [11.0787034, 36.8295557], [11.0786035, 36.8294983], [11.0785331, 36.8294586], [11.07846, 36.8294328], [11.0783668, 36.8294006], [11.0781844, 36.8293394], [11.0780328, 36.8292772], [11.0779283, 36.8292283], [11.0778458, 36.829176], [11.077776, 36.8291132], [11.0777234, 36.8290509], [11.0776814, 36.8289627], [11.0776687, 36.828829], [11.077721, 36.8287303], [11.0777988, 36.8286411], [11.077955, 36.8285054], [11.0780623, 36.8283583], [11.0781354, 36.8282284], [11.0782233, 36.8280255], [11.0782937, 36.8278629], [11.0788368, 36.8268565]]}}, {"type": "Feature", "properties": {"highway": "residential"}, "geometry": {"type": "LineString", "coordinates": [[11.0820441, 36.8323203], [11.0817128, 36.8320101], [11.0811335, 36.8315593], [11.0809431, 36.8314086], [11.0807244, 36.8312158], [11.0803194, 36.8308637], [11.0796804, 36.8303259], [11.0793753, 36.8300629], [11.0793176, 36.8300033], [11.0792861, 36.8299583], [11.0792653, 36.8299019], [11.0792619, 36.8298675], [11.0792801, 36.8297785], [11.079272, 36.8297001], [11.079269, 36.8296555], [11.079277, 36.8296169], [11.0793008, 36.8295858], [11.0794068, 36.8294752], [11.0798011, 36.8290834], [11.079968, 36.8289261], [11.0804388, 36.828413], [11.0805729, 36.8282778], [11.0807338, 36.8281339], [11.081045, 36.8278001]]}}, {"type": "Feature", "properties": {"highway": "residential"}, "geometry": {"type": "LineString", "coordinates": [[11.0776687, 36.828829], [11.0773153, 36.8283422], [11.0772396, 36.8282445], [11.0770364, 36.8279866], [11.0771085, 36.8278986], [11.0773563, 36.8275661], [11.0775762, 36.8272805], [11.077717, 36.8270943], [11.0778964, 36.8268737], [11.0779651, 36.8267899], [11.0780302, 36.8267143], [11.0780468, 36.8266953], [11.0780505, 36.8266873], [11.0780487, 36.8266799], [11.0780438, 36.8266748], [11.0771866, 36.8261829]]}}, {"type": "Feature", "properties": {"highway": "residential"}, "geometry": {"type": "LineString", "coordinates": [[11.0742462, 36.8255399], [11.0745068, 36.8254746], [11.0746003, 36.8254497], [11.0746603, 36.8254387], [11.0747388, 36.8254352], [11.0747949, 36.8254388], [11.0748417, 36.8254419], [11.0749523, 36.8254427], [11.0750308, 36.8254309], [11.0751045, 36.8253949], [11.0752018, 36.8253289], [11.0755034, 36.8250927], [11.0755726, 36.8250385], [11.0757047, 36.8249381], [11.0760064, 36.8247358]]}}, {"type": "Feature", "properties": {"highway": "residential"}, "geometry": {"type": "LineString", "coordinates": [[11.0770364, 36.8279866], [11.0769506, 36.8278602], [11.0767353, 36.8275951], [11.07651, 36.8273664], [11.0764463, 36.8272864], [11.0764195, 36.8272268], [11.0764051, 36.8271836], [11.0763766, 36.8270588], [11.0763504, 36.8269343], [11.0763075, 36.8268197], [11.0762465, 36.8266982], [11.0761815, 36.8266123], [11.0759655, 36.8264105], [11.0757295, 36.8262156], [11.0756598, 36.8261609], [11.0755827, 36.82609], [11.0755035, 36.8259972], [11.0753848, 36.8258646], [11.0752755, 36.8257508], [11.0751233, 36.8256188], [11.0749567, 36.8255122], [11.0747949, 36.8254388]]}}, {"type": "Feature", "properties": {"highway": "residential"}, "geometry": {"type": "LineString", "coordinates": [[11.0742174, 36.825436], [11.0752372, 36.8245673]]}}, {"type": "Feature", "properties": {"highway": "residential"}, "geometry": {"type": "LineString", "coordinates": [[11.073795, 36.8245324], [11.0741762, 36.824147], [11.0744206, 36.823927], [11.0744566, 36.8239108], [11.0745017, 36.8239001], [11.0745696, 36.8238991], [11.0746338, 36.8239065], [11.0748021, 36.8239822], [11.0750484, 36.8241318], [11.0752098, 36.8242299], [11.0752216, 36.824246], [11.0752333, 36.8242801], [11.0752008, 36.8245222], [11.0752068, 36.8245396], [11.0752236, 36.8245562], [11.0752372, 36.8245673], [11.0755109, 36.8247895], [11.0755303, 36.8248125], [11.0755283, 36.8248501], [11.0755034, 36.8250927]]}}, {"type": "Feature", "properties": {"highway": "residential"}, "geometry": {"type": "LineString", "coordinates": [[11.074037, 36.8249486], [11.0742107, 36.8248265], [11.0743736, 36.8247073], [11.0745969, 36.8245302], [11.0747284, 36.8244272], [11.0747894, 36.8243735], [11.0750484, 36.8241318]]}}, {"type": "Feature", "properties": {"highway": "residential"}, "geometry": {"type": "LineString", "coordinates": [[11.0342833, 36.8842794], [11.0344416, 36.8843148], [11.0346588, 36.884391], [11.0347903, 36.8844543], [11.0348922, 36.8845261], [11.0350008, 36.8846023], [11.0351966, 36.8847278], [11.0352838, 36.8848007], [11.0352908, 36.8848157], [11.0352927, 36.8848316], [11.035291, 36.8848509], [11.0352905, 36.8848683], [11.0352758, 36.8848983], [11.0352375, 36.8849504], [11.0352027, 36.8849986], [11.0350518, 36.8851708], [11.0348654, 36.8853816], [11.034679, 36.8855773], [11.0345998, 36.8856605], [11.03451, 36.8857554], [11.0344503, 36.8858117], [11.034396, 36.8858535], [11.0343242, 36.8859104], [11.0341338, 36.8860547], [11.0340366, 36.8861228], [11.0339575, 36.8861796], [11.0339018, 36.8862236], [11.03383, 36.8862821], [11.0337134, 36.8863845], [11.0336443, 36.8864457], [11.0335712, 36.8865138], [11.0335162, 36.8865685], [11.033421, 36.8866452], [11.033242, 36.886791], [11.0331045, 36.8868967], [11.0329556, 36.8869922], [11.0328879, 36.8870292], [11.0328095, 36.887064], [11.0327216, 36.8870946], [11.032615, 36.887123], [11.0325091, 36.8871466], [11.0323924, 36.8871654], [11.0321812, 36.8872003], [11.0320336, 36.8872281], [11.0318559, 36.8872662], [11.0317198, 36.8873038], [11.0315931, 36.8873429], [11.031514, 36.8873671], [11.0314335, 36.8873982], [11.0312967, 36.8874545], [11.0310459, 36.8875692], [11.0308743, 36.8876604], [11.0306664, 36.8877819], [11.0305111, 36.8878825], [11.0304689, 36.8879058], [11.0304072, 36.8879418]]}}, {"type": "Feature", "properties": {"highway": "residential"}, "geometry": {"type": "LineString", "coordinates": [[11.0242867, 36.8003862], [11.0242867, 36.800449], [11.0242867, 36.8005752], [11.0242847, 36.8006412], [11.02428, 36.8006675], [11.0242713, 36.8006922], [11.0242606, 36.8007094], [11.0242512, 36.8007223], [11.0242244, 36.8007507], [11.0241741, 36.8007964], [11.0239977, 36.8009124], [11.0238864, 36.8009736], [11.0238019, 36.8010305], [11.0237597, 36.8010691], [11.0236832, 36.801161]]}}, {"type": "Feature", "properties": {"highway": "residential"}, "geometry": {"type": "LineString", "coordinates": [[11.1119999, 36.8440554], [11.1124375, 36.8436339], [11.112604, 36.8434231], [11.1125614, 36.8433518], [11.1121586, 36.8430728], [11.1116932, 36.8427661], [11.1108796, 36.8421364], [11.1107129, 36.8420169], [11.1105023, 36.8418506], [11.1101362, 36.8415093], [11.1095247, 36.8409426]]}}, {"type": "Feature", "properties": {"highway": "residential"}, "geometry": {"type": "LineString", "coordinates": [[11.1182901, 36.844215], [11.1177255, 36.8449469]]}}, {"type": "Feature", "properties": {"highway": "residential"}, "geometry": {"type": "LineString", "coordinates": [[11.1133159, 36.8405336], [11.1128117, 36.8409501], [11.1127527, 36.8410037], [11.1127527, 36.8410445], [11.1127822, 36.841066], [11.1133029, 36.8413292]]}}, {"type": "Feature", "properties": {"highway": "residential"}, "geometry": {"type": "LineString", "coordinates": [[11.1137424, 36.8408406], [11.1140536, 36.8410316], [11.1142038, 36.8411604], [11.1142601, 36.8412227], [11.114311, 36.8412721], [11.1143754, 36.8413086], [11.1144505, 36.8413343], [11.1147617, 36.8414631]]}}, {"type": "Feature", "properties": {"highway": "residential"}, "geometry": {"type": "LineString", "coordinates": [[11.1179152, 36.8433566], [11.1177952, 36.8434819], [11.1176169, 36.843761], [11.1175123, 36.8439327], [11.1172655, 36.8443255], [11.1171032, 36.8446185], [11.117, 36.8447902], [11.1169034, 36.8449254], [11.1167411, 36.8451379], [11.1166204, 36.8452367], [11.1165051, 36.8453225], [11.1163066, 36.8454406], [11.1162422, 36.8455007], [11.116202, 36.8455586], [11.1161457, 36.8456509], [11.1160893, 36.8457368], [11.115947, 36.8458398]]}}, {"type": "Feature", "properties": {"highway": "residential"}, "geometry": {"type": "LineString", "coordinates": [[11.1175643, 36.8420139], [11.1171059, 36.842663], [11.1168902, 36.843078]]}}, {"type": "Feature", "properties": {"highway": "residential"}, "geometry": {"type": "LineString", "coordinates": [[11.1182993, 36.8425944], [11.118219, 36.8426137], [11.1181386, 36.8426802], [11.1179803, 36.8428691], [11.1178945, 36.843], [11.1177076, 36.843236]]}}, {"type": "Feature", "properties": {"highway": "residential", "maxspeed": "20", "name": "\u0633\u0642\u0631\u0627\u0637", "name:ar": "\u0633\u0642\u0631\u0627\u0637", "name:fr": "Socrat"}, "geometry": {"type": "LineString", "coordinates": [[11.1185072, 36.8417393], [11.1179164, 36.8422131], [11.1178757, 36.8421758], [11.1178086, 36.8421414], [11.1175643, 36.8420139], [11.1171649, 36.8418066], [11.1170523, 36.8417379], [11.1170576, 36.8416906], [11.1170844, 36.8416391], [11.1176236, 36.8410606]]}}, {"type": "Feature", "properties": {"highway": "residential"}, "geometry": {"type": "LineString", "coordinates": [[11.1109694, 36.8442309], [11.1117495, 36.8446846]]}}, {"type": "Feature", "properties": {"highway": "residential"}, "geometry": {"type": "LineString", "coordinates": [[11.0772332, 36.8395428], [11.0773998, 36.8394142], [11.0774588, 36.8393788], [11.0775554, 36.8393272], [11.0776828, 36.8392596]]}}, {"type": "Feature", "properties": {"highway": "residential"}, "geometry": {"type": "LineString", "coordinates": [[11.0759615, 36.8400914], [11.0762699, 36.8403093], [11.0765054, 36.8405256], [11.076738, 36.8407027], [11.0768493, 36.8407923]]}}, {"type": "Feature", "properties": {"highway": "residential"}, "geometry": {"type": "LineString", "coordinates": [[11.0795216, 36.8410267], [11.0792894, 36.8413418], [11.0791301, 36.8415527], [11.0789998, 36.841733], [11.0788541, 36.8419108], [11.0789193, 36.8419622]]}}, {"type": "Feature", "properties": {"highway": "residential"}, "geometry": {"type": "LineString", "coordinates": [[11.0781167, 36.8412077], [11.0783574, 36.8409667], [11.0785612, 36.8407666], [11.0787959, 36.8405814], [11.0789132, 36.8404959]]}}, {"type": "Feature", "properties": {"highway": "residential"}, "geometry": {"type": "LineString", "coordinates": [[11.0772349, 36.8409855], [11.0774494, 36.8407966], [11.0778759, 36.8410628], [11.0781167, 36.8412077], [11.0782206, 36.8413064], [11.0783587, 36.8414749]]}}, {"type": "Feature", "properties": {"highway": "residential"}, "geometry": {"type": "LineString", "coordinates": [[11.0774119, 36.8411293], [11.0772764, 36.8412399], [11.0771125, 36.8414181]]}}, {"type": "Feature", "properties": {"highway": "residential"}, "geometry": {"type": "LineString", "coordinates": [[11.0782085, 36.841667], [11.0782541, 36.8416134], [11.0782782, 36.8415747], [11.0783587, 36.8414749], [11.0784559, 36.8413412], [11.0787919, 36.8410305], [11.0789676, 36.8408341], [11.0791173, 36.8407132]]}}, {"type": "Feature", "properties": {"highway": "residential"}, "geometry": {"type": "LineString", "coordinates": [[11.0768958, 36.8407441], [11.0771397, 36.8409264], [11.0772349, 36.8409855], [11.0773301, 36.8410746], [11.0774119, 36.8411293], [11.0775903, 36.8412259], [11.0777258, 36.8413483], [11.0782085, 36.841667], [11.0778762, 36.841932]]}}, {"type": "Feature", "properties": {"highway": "residential"}, "geometry": {"type": "LineString", "coordinates": [[11.0778762, 36.841932], [11.0773832, 36.8424546]]}}, {"type": "Feature", "properties": {"highway": "residential"}, "geometry": {"type": "LineString", "coordinates": [[11.0802575, 36.8423147], [11.0803878, 36.8423969], [11.0805863, 36.8425138], [11.0806848, 36.8425767]]}}, {"type": "Feature", "properties": {"highway": "residential"}, "geometry": {"type": "LineString", "coordinates": [[11.0782782, 36.8415747], [11.07869, 36.8417808], [11.0788541, 36.8419108]]}}, {"type": "Feature", "properties": {"highway": "residential"}, "geometry": {"type": "LineString", "coordinates": [[11.0785766, 36.8449437], [11.0790052, 36.8441418]]}}, {"type": "Feature", "properties": {"highway": "residential"}, "geometry": {"type": "LineString", "coordinates": [[11.0780288, 36.8448589], [11.0782582, 36.8444607], [11.0783105, 36.8443137], [11.0783636, 36.8441346]]}}, {"type": "Feature", "properties": {"highway": "residential"}, "geometry": {"type": "LineString", "coordinates": [[11.0758202, 36.8424128], [11.0752769, 36.8421199]]}}, {"type": "Feature", "properties": {"highway": "residential"}, "geometry": {"type": "LineString", "coordinates": [[11.0791902, 36.8438554], [11.0787838, 36.8436579], [11.0783413, 36.8434433]]}}, {"type": "Feature", "properties": {"highway": "residential"}, "geometry": {"type": "LineString", "coordinates": [[11.0776674, 36.8437196], [11.0773744, 36.8441974]]}}, {"type": "Feature", "properties": {"highway": "residential"}, "geometry": {"type": "LineString", "coordinates": [[11.0766803, 36.8464156], [11.0765663, 36.8465782], [11.0764993, 36.8466737], [11.0764731, 36.8466866], [11.0764456, 36.8466936], [11.0763987, 36.8466909], [11.0758125, 36.846476]]}}, {"type": "Feature", "properties": {"highway": "residential"}, "geometry": {"type": "LineString", "coordinates": [[11.0760695, 36.8461843], [11.075934, 36.8463378], [11.0758125, 36.846476], [11.0757811, 36.8465117], [11.0757288, 36.8465793], [11.0756953, 36.8466222], [11.0756564, 36.846692], [11.0756376, 36.8467478], [11.0756215, 36.8468122], [11.0757851, 36.8468959], [11.075989, 36.847001], [11.0760078, 36.8470225], [11.0760312, 36.8470853]]}}, {"type": "Feature", "properties": {"highway": "residential"}, "geometry": {"type": "LineString", "coordinates": [[11.0770678, 36.8465753], [11.0768486, 36.8469388], [11.0767936, 36.8470107], [11.0767306, 36.8470729]]}}, {"type": "Feature", "properties": {"highway": "residential"}, "geometry": {"type": "LineString", "coordinates": [[11.0770678, 36.8465753], [11.0771303, 36.8466002], [11.0771933, 36.8466158], [11.0781373, 36.8467885]]}}, {"type": "Feature", "properties": {"highway": "residential"}, "geometry": {"type": "LineString", "coordinates": [[11.0766774, 36.8454731], [11.0764364, 36.8458951]]}}, {"type": "Feature", "properties": {"highway": "residential"}, "geometry": {"type": "LineString", "coordinates": [[11.0772, 36.8445519], [11.0770632, 36.8447838], [11.0769076, 36.8449491], [11.0766448, 36.845374], [11.0766261, 36.8454073], [11.0766274, 36.8454362], [11.0766462, 36.8454609], [11.0766774, 36.8454731], [11.0772403, 36.8456917], [11.0775012, 36.8458009]]}}, {"type": "Feature", "properties": {"highway": "residential"}, "geometry": {"type": "LineString", "coordinates": [[11.0775012, 36.8458009], [11.0777257, 36.8455179], [11.0778048, 36.8453816], [11.077833, 36.8453064], [11.0779081, 36.8451626], [11.0779932, 36.8449796], [11.0780288, 36.8448589]]}}, {"type": "Feature", "properties": {"highway": "residential"}, "geometry": {"type": "LineString", "coordinates": [[11.0760695, 36.8461843], [11.0766803, 36.8464156], [11.0768661, 36.8464859], [11.0769827, 36.8465342], [11.0770678, 36.8465753]]}}, {"type": "Feature", "properties": {"highway": "residential"}, "geometry": {"type": "LineString", "coordinates": [[11.0752917, 36.8487087], [11.0750153, 36.8484627], [11.0747511, 36.8482502], [11.074514, 36.8480235]]}}, {"type": "Feature", "properties": {"highway": "residential"}, "geometry": {"type": "LineString", "coordinates": [[11.075733, 36.8484146], [11.075419, 36.8481585], [11.0752467, 36.8480318], [11.074918, 36.8477884]]}}, {"type": "Feature", "properties": {"highway": "residential"}, "geometry": {"type": "LineString", "coordinates": [[11.0794638, 36.849816], [11.0793592, 36.8497248], [11.0793243, 36.8497098], [11.0792801, 36.8497001], [11.0790749, 36.8497065], [11.079048, 36.8497141], [11.0790159, 36.8497344], [11.0788903, 36.8498338]]}}, {"type": "Feature", "properties": {"highway": "residential"}, "geometry": {"type": "LineString", "coordinates": [[11.0791552, 36.8500508], [11.0794638, 36.849816]]}}, {"type": "Feature", "properties": {"highway": "residential"}, "geometry": {"type": "LineString", "coordinates": [[11.0754047, 36.8486355], [11.0755853, 36.8488126], [11.075769, 36.8489961], [11.0757945, 36.8490143], [11.0758227, 36.8490219], [11.0758562, 36.8490133], [11.0760871, 36.8488667]]}}, {"type": "Feature", "properties": {"highway": "residential"}, "geometry": {"type": "LineString", "coordinates": [[11.075674, 36.8484608], [11.0759085, 36.8486849], [11.0760871, 36.8488667], [11.0761741, 36.8489553], [11.0763994, 36.8491925]]}}, {"type": "Feature", "properties": {"highway": "residential"}, "geometry": {"type": "LineString", "coordinates": [[11.0686813, 36.8433338], [11.0687805, 36.8431095], [11.0689194, 36.8428081]]}}, {"type": "Feature", "properties": {"highway": "residential"}, "geometry": {"type": "LineString", "coordinates": [[11.0698293, 36.8435469], [11.0699929, 36.8433397], [11.0700962, 36.8432163], [11.070127, 36.8431803], [11.0701733, 36.8431074], [11.070188, 36.8430703], [11.0701921, 36.8430392], [11.0701994, 36.8429909], [11.0702189, 36.8429415], [11.0702685, 36.8428479], [11.0703972, 36.8426228], [11.0704388, 36.8425686], [11.070471, 36.8425358], [11.0706366, 36.8423832], [11.0708552, 36.8422047], [11.0709538, 36.8421307], [11.0710269, 36.8420609], [11.0710799, 36.8420142], [11.0713722, 36.8417803], [11.0717129, 36.8414856], [11.0718919, 36.8413166], [11.0721655, 36.8410923], [11.0723814, 36.8409206], [11.0724089, 36.8408889], [11.0724518, 36.8408411], [11.0724941, 36.8407966], [11.072592, 36.8406976], [11.0726493, 36.8406512], [11.0727633, 36.840576], [11.0729091, 36.8405063], [11.0731056, 36.8404295], [11.07341, 36.8403437], [11.0735294, 36.8403029], [11.0736313, 36.8402567], [11.073697, 36.8402181], [11.0738607, 36.8400603]]}}, {"type": "Feature", "properties": {"highway": "residential"}, "geometry": {"type": "LineString", "coordinates": [[11.0727695, 36.8442514], [11.0728977, 36.8443362], [11.0729594, 36.8443856], [11.0729943, 36.8444339], [11.0730707, 36.8445477], [11.0730922, 36.8445627], [11.0731297, 36.8445756], [11.073166, 36.8445723], [11.0733483, 36.8445273], [11.0734167, 36.8445144], [11.0735066, 36.844509], [11.0735934, 36.8445061]]}}, {"type": "Feature", "properties": {"highway": "residential"}, "geometry": {"type": "LineString", "coordinates": [[11.0730882, 36.8451905], [11.0730184, 36.8451165], [11.0729715, 36.8450778], [11.0727918, 36.844919], [11.0727408, 36.8448825], [11.0726966, 36.8448417], [11.0726697, 36.8447999], [11.0726054, 36.8447215], [11.0725598, 36.8446743], [11.0724927, 36.8446206]]}}, {"type": "Feature", "properties": {"highway": "residential"}, "geometry": {"type": "LineString", "coordinates": [[11.0725517, 36.8457733], [11.0727502, 36.8455855], [11.0728883, 36.8454631], [11.0729581, 36.8453923], [11.073005, 36.8453311], [11.073056, 36.8452506], [11.0730882, 36.8451905], [11.0731405, 36.8451186], [11.073292, 36.8449147], [11.0734597, 36.8446754], [11.0735934, 36.8445061], [11.0737286, 36.8443298], [11.0738452, 36.8441715], [11.0739934, 36.8439735], [11.0742061, 36.8436947]]}}, {"type": "Feature", "properties": {"highway": "residential"}, "geometry": {"type": "LineString", "coordinates": [[11.0745822, 36.8461516], [11.0749919, 36.8463641], [11.0752668, 36.8465197], [11.075299, 36.8465498], [11.0753251, 36.8465862], [11.0753426, 36.8466206], [11.0753573, 36.8466683], [11.0753714, 36.8466871], [11.0754009, 36.8467091], [11.0756215, 36.8468122]]}}, {"type": "Feature", "properties": {"highway": "residential"}, "geometry": {"type": "LineString", "coordinates": [[11.0739245, 36.8469145], [11.0740719, 36.8467757], [11.0742067, 36.846597], [11.0743515, 36.8463925], [11.0745822, 36.8461516], [11.0746459, 36.8460719], [11.0746546, 36.8460547], [11.0746553, 36.8460346], [11.0746428, 36.8460174], [11.0746231, 36.8460043], [11.0742286, 36.8457775]]}}, {"type": "Feature", "properties": {"highway": "residential"}, "geometry": {"type": "LineString", "coordinates": [[11.079048, 36.8350886], [11.0792036, 36.8352292], [11.0799131, 36.835753], [11.0804535, 36.836148], [11.0807727, 36.836382], [11.0810946, 36.8365763], [11.0818067, 36.8369595], [11.0821889, 36.837187], [11.0825081, 36.8374092], [11.0826355, 36.8374811], [11.0827361, 36.8375541], [11.0828031, 36.8376223], [11.0828387, 36.8376593], [11.0828655, 36.8376877]]}}, {"type": "Feature", "properties": {"highway": "residential"}, "geometry": {"type": "LineString", "coordinates": [[11.0730198, 36.8485604], [11.0731713, 36.8487149], [11.0733685, 36.8488845], [11.0736474, 36.8491077], [11.0737217, 36.8491763], [11.0739358, 36.8493685], [11.0739854, 36.8494254], [11.0740216, 36.8494812], [11.0740551, 36.8495434]]}}, {"type": "Feature", "properties": {"highway": "residential"}, "geometry": {"type": "LineString", "coordinates": [[11.0731887, 36.8495713], [11.0737217, 36.8491763]]}}, {"type": "Feature", "properties": {"highway": "residential", "maxspeed": "50", "oneway": "no", "service": "alley"}, "geometry": {"type": "LineString", "coordinates": [[11.0781359, 36.842836], [11.0783949, 36.8425524], [11.0786011, 36.8423332]]}}, {"type": "Feature", "properties": {"highway": "track", "surface": "asphalt", "tracktype": "grade1"}, "geometry": {"type": "LineString", "coordinates": [[11.0896066, 36.8348541], [11.0895904, 36.8348889]]}}, {"type": "Feature", "properties": {"highway": "residential"}, "geometry": {"type": "LineString", "coordinates": [[11.0812608, 36.8302089], [11.0815264, 36.8299588], [11.0818375, 36.8296711], [11.0820722, 36.8294607], [11.0827609, 36.8287372]]}}, {"type": "Feature", "properties": {"highway": "residential"}, "geometry": {"type": "LineString", "coordinates": [[11.0890272, 36.8372686], [11.0899083, 36.8377108], [11.0905601, 36.8380478], [11.091232, 36.838401]]}}, {"type": "Feature", "properties": {"highway": "residential"}, "geometry": {"type": "LineString", "coordinates": [[11.0879262, 36.8387874], [11.0880938, 36.8385416], [11.0882078, 36.8384063], [11.0883365, 36.8382282], [11.0884586, 36.838079], [11.088649, 36.83783], [11.0888502, 36.8375423], [11.0890272, 36.8372686], [11.0891063, 36.8371226], [11.0891734, 36.8370056], [11.0893276, 36.8366697], [11.0893524, 36.8366364], [11.0893866, 36.836609], [11.0894416, 36.8366047], [11.0895093, 36.8366176], [11.0901068, 36.8367963], [11.090367, 36.8368865], [11.090768, 36.8370668]]}}, {"type": "Feature", "properties": {"highway": "residential"}, "geometry": {"type": "LineString", "coordinates": [[11.0890446, 36.8383924], [11.0897005, 36.8387316], [11.0901993, 36.8389645]]}}, {"type": "Feature", "properties": {"highway": "residential"}, "geometry": {"type": "LineString", "coordinates": [[11.0878621, 36.838749], [11.0872167, 36.8393326], [11.0869874, 36.8395666], [11.0867218, 36.8397909], [11.0864925, 36.8399766], [11.0864228, 36.8400388], [11.0863557, 36.8401344], [11.0862484, 36.8403233], [11.0861303, 36.8406004]]}}, {"type": "Feature", "properties": {"highway": "residential"}, "geometry": {"type": "LineString", "coordinates": [[11.0881622, 36.8405899], [11.0879442, 36.840469], [11.0878469, 36.8403831], [11.0878623, 36.8403306], [11.0878218, 36.8402879], [11.0876991, 36.8402014], [11.0874197, 36.8399727]]}}, {"type": "Feature", "properties": {"highway": "residential"}, "geometry": {"type": "LineString", "coordinates": [[11.0882642, 36.838932], [11.0877062, 36.8395076], [11.0876861, 36.8395344], [11.0876821, 36.8395623], [11.0877008, 36.8395881], [11.0877572, 36.8396235], [11.087776, 36.8396396], [11.087784, 36.8396686], [11.0877612, 36.8396932], [11.0874197, 36.8399727], [11.0872878, 36.8400528], [11.0871778, 36.8401451], [11.087045, 36.8402793], [11.0864066, 36.8408299]]}}, {"type": "Feature", "properties": {"highway": "residential"}, "geometry": {"type": "LineString", "coordinates": [[11.082728, 36.8408009], [11.0820628, 36.8403834]]}}, {"type": "Feature", "properties": {"highway": "residential"}, "geometry": {"type": "LineString", "coordinates": [[11.083072, 36.840429], [11.0824383, 36.8400219]]}}, {"type": "Feature", "properties": {"highway": "residential"}, "geometry": {"type": "LineString", "coordinates": [[11.0836541, 36.8397162], [11.0841172, 36.8399965], [11.0846547, 36.8403166]]}}, {"type": "Feature", "properties": {"highway": "residential"}, "geometry": {"type": "LineString", "coordinates": [[11.082244, 36.8412998], [11.0821179, 36.8414341], [11.0819555, 36.8416251]]}}, {"type": "Feature", "properties": {"highway": "residential"}, "geometry": {"type": "LineString", "coordinates": [[11.0826346, 36.8409684], [11.082244, 36.8412998]]}}, {"type": "Feature", "properties": {"highway": "residential"}, "geometry": {"type": "LineString", "coordinates": [[11.0843327, 36.8388947], [11.0840792, 36.8392081], [11.0837962, 36.839536], [11.0836541, 36.8397162], [11.0835032, 36.8399052], [11.083072, 36.840429], [11.0828273, 36.8406893], [11.082728, 36.8408009], [11.0826346, 36.8409684]]}}, {"type": "Feature", "properties": {"highway": "residential"}, "geometry": {"type": "LineString", "coordinates": [[11.0828655, 36.8376877], [11.0829802, 36.8378063], [11.0830861, 36.837889], [11.0833221, 36.8380704], [11.0835273, 36.8382282], [11.0838546, 36.8385072], [11.0843327, 36.8388947], [11.0847343, 36.8392865], [11.0851628, 36.8397126], [11.0858122, 36.8403249], [11.0860884, 36.8405641], [11.0861303, 36.8406004], [11.086223, 36.8406807], [11.0864066, 36.8408299], [11.0867406, 36.8411014], [11.0869753, 36.8412549]]}}, {"type": "Feature", "properties": {"highway": "residential"}, "geometry": {"type": "LineString", "coordinates": [[11.0516668, 36.8264866], [11.0512993, 36.8269456], [11.050567, 36.8279289], [11.0498804, 36.8289294], [11.0495183, 36.8294961], [11.0493118, 36.8298053], [11.0492259, 36.8299287], [11.0491763, 36.8300125], [11.0491495, 36.8300774], [11.0491428, 36.8301489], [11.0491448, 36.8301988], [11.0491515, 36.8302298], [11.0491643, 36.8302675]]}}, {"type": "Feature", "properties": {"highway": "residential"}, "geometry": {"type": "LineString", "coordinates": [[11.0954863, 36.8353507], [11.0964472, 36.8359736]]}}, {"type": "Feature", "properties": {"highway": "residential", "lanes": "2", "oneway": "no", "surface": "paved"}, "geometry": {"type": "LineString", "coordinates": [[11.0940688, 36.8397192], [11.0941822, 36.8398505], [11.0945981, 36.8403904]]}}, {"type": "Feature", "properties": {"highway": "secondary", "maxspeed": "50", "oneway": "yes"}, "geometry": {"type": "LineString", "coordinates": [[11.089465, 36.834802], [11.0896066, 36.8348541], [11.0897514, 36.8349211], [11.0899982, 36.8350199], [11.090194, 36.8350908], [11.0903978, 36.8351541], [11.0906942, 36.8352389], [11.0909584, 36.8352979], [11.091228, 36.8353559], [11.0914305, 36.8353902], [11.0916209, 36.8354106], [11.0918556, 36.8354407], [11.0921064, 36.8354675], [11.092388, 36.8355051], [11.0928561, 36.8355802], [11.0931203, 36.835636], [11.0934099, 36.8356983], [11.0937519, 36.8358035], [11.0944117, 36.83606], [11.094747, 36.836206], [11.0950333, 36.8363273], [11.0953324, 36.8364711], [11.0957238, 36.8366674], [11.0962208, 36.8369243], [11.0967402, 36.837182], [11.0972597, 36.837455], [11.0980201, 36.8378357], [11.0982131, 36.8379346], [11.0990121, 36.838349], [11.099215, 36.8384525], [11.0997239, 36.8387138], [11.1000699, 36.8388915], [11.1002843, 36.838988]]}}, {"type": "Feature", "properties": {"highway": "residential"}, "geometry": {"type": "LineString", "coordinates": [[11.0912598, 36.8363638], [11.0911488, 36.8365827], [11.0910389, 36.8367867], [11.0909611, 36.8368951], [11.0908712, 36.836982], [11.090768, 36.8370668], [11.0906285, 36.8371666], [11.0905601, 36.8372332], [11.090548, 36.8372557], [11.0905507, 36.8372879], [11.0905668, 36.8373105], [11.0905923, 36.8373319], [11.090654, 36.8373598]]}}, {"type": "Feature", "properties": {"highway": "secondary_link", "lane_markings": "no", "surface": "asphalt"}, "geometry": {"type": "LineString", "coordinates": [[11.0996827, 36.8387598], [11.0997239, 36.8387138]]}}, {"type": "Feature", "properties": {"highway": "residential"}, "geometry": {"type": "LineString", "coordinates": [[11.0924693, 36.8392502], [11.0932919, 36.8396492]]}}, {"type": "Feature", "properties": {"highway": "residential", "oneway": "yes"}, "geometry": {"type": "LineString", "coordinates": [[11.0948651, 36.8360568], [11.0950333, 36.8363273]]}}, {"type": "Feature", "properties": {"highway": "residential", "lit": "yes", "sidewalk": "both", "surface": "asphalt"}, "geometry": {"type": "LineString", "coordinates": [[11.0948651, 36.8360568], [11.094823, 36.8357965], [11.094745, 36.8354928], [11.0946639, 36.8352153], [11.094516, 36.8347252], [11.0944941, 36.8346693], [11.0943559, 36.8343204], [11.0942871, 36.8342133]]}}, {"type": "Feature", "properties": {"access": "destination", "covered": "yes", "highway": "service", "oneway": "yes", "service": "driveway"}, "geometry": {"type": "LineString", "coordinates": [[11.1258327, 36.8566235], [11.1258713, 36.8566322], [11.1260407, 36.8567775]]}}, {"type": "Feature", "properties": {"highway": "service", "oneway": "no"}, "geometry": {"type": "LineString", "coordinates": [[11.1246751, 36.8577366], [11.1247676, 36.8577999], [11.1248803, 36.8578439], [11.1249956, 36.8578686], [11.125284, 36.8579233], [11.1255213, 36.8579534], [11.1257507, 36.8579545], [11.1258647, 36.8579405], [11.1259813, 36.8579008], [11.1260631, 36.8578611], [11.1266197, 36.8575585], [11.1270784, 36.8573246], [11.127136, 36.857301], [11.1272111, 36.8572902], [11.1282773, 36.8572859], [11.128795, 36.8572956]]}}, {"type": "Feature", "properties": {"highway": "residential"}, "geometry": {"type": "LineString", "coordinates": [[11.0873826, 36.8565803], [11.0876385, 36.8567237], [11.0877458, 36.8567811], [11.0878879, 36.8568739], [11.0879339, 36.8569053]]}}, {"type": "Feature", "properties": {"highway": "residential"}, "geometry": {"type": "LineString", "coordinates": [[11.0901759, 36.8563846], [11.0901138, 36.8564321], [11.0900639, 36.856471], [11.08997, 36.8565479], [11.0898584, 36.8566518], [11.0897775, 36.8567274], [11.0897418, 36.8567664], [11.089739, 36.8567722], [11.089737, 36.8567813], [11.0897383, 36.8567966], [11.0897413, 36.8568037], [11.0897504, 36.8568159], [11.0898171, 36.8568562], [11.0899687, 36.8569318], [11.090137, 36.8570332], [11.090206, 36.8570821]]}}, {"type": "Feature", "properties": {"highway": "residential"}, "geometry": {"type": "LineString", "coordinates": [[11.0888495, 36.8583789], [11.0889441, 36.8582935], [11.0890124, 36.8582324], [11.0891238, 36.8581251], [11.0892827, 36.8579636], [11.0893786, 36.8578702], [11.0894061, 36.8578498], [11.0894362, 36.8578461], [11.0894751, 36.8578552], [11.0896874, 36.8579478]]}}, {"type": "Feature", "properties": {"highway": "residential"}, "geometry": {"type": "LineString", "coordinates": [[11.0896951, 36.8588923], [11.0894711, 36.8587657], [11.0892538, 36.8586273], [11.0891341, 36.858547], [11.089042, 36.8584867], [11.0888495, 36.8583789], [11.0885208, 36.8582081]]}}, {"type": "Feature", "properties": {"highway": "residential"}, "geometry": {"type": "LineString", "coordinates": [[11.0878182, 36.8595318], [11.0879718, 36.8596327], [11.0881367, 36.8597379], [11.0882561, 36.8598097], [11.088426, 36.8599151]]}}, {"type": "Feature", "properties": {"highway": "residential", "maxspeed": "50", "name": "\u0646\u0647\u062c \u0644\u064a\u0628\u064a\u0627", "name:ar": "\u0646\u0647\u062c \u0644\u064a\u0628\u064a\u0627", "name:fr": "Rue de Libye", "oneway": "no", "surface": "asphalt"}, "geometry": {"type": "LineString", "coordinates": [[11.0856627, 36.8529532], [11.0854736, 36.8531854], [11.0853419, 36.8533833], [11.085207, 36.8535615], [11.0850566, 36.8537237], [11.0848966, 36.8540184], [11.0847447, 36.8542008], [11.0847302, 36.8542235], [11.0845607, 36.8544224], [11.0843908, 36.854609]]}}, {"type": "Feature", "properties": {"highway": "residential"}, "geometry": {"type": "LineString", "coordinates": [[11.0886208, 36.8538574], [11.0888877, 36.8539969], [11.0892351, 36.8542148], [11.0895569, 36.8544133], [11.0898921, 36.8545862]]}}, {"type": "Feature", "properties": {"highway": "residential"}, "geometry": {"type": "LineString", "coordinates": [[11.0889749, 36.8602926], [11.0888676, 36.8602384], [11.0887228, 36.8601547], [11.0885726, 36.8600506], [11.0883929, 36.859946]]}}, {"type": "Feature", "properties": {"highway": "residential"}, "geometry": {"type": "LineString", "coordinates": [[11.0898359, 36.8594793], [11.0897165, 36.8596069], [11.0895516, 36.8597615], [11.0894054, 36.8599106], [11.0892337, 36.8600662], [11.089101, 36.8601917], [11.0889749, 36.8602926], [11.0888448, 36.8604117], [11.0887402, 36.8605158], [11.0886584, 36.860593], [11.0886369, 36.8605995], [11.0886141, 36.8605968], [11.0885592, 36.8605576], [11.0884495, 36.8604943], [11.088359, 36.8604393], [11.0882259, 36.8603538], [11.0880594, 36.8602572]]}}, {"type": "Feature", "properties": {"highway": "residential"}, "geometry": {"type": "LineString", "coordinates": [[11.0896991, 36.8548554], [11.0898921, 36.8545862], [11.0900025, 36.8544321]]}}, {"type": "Feature", "properties": {"highway": "residential"}, "geometry": {"type": "LineString", "coordinates": [[11.0857281, 36.855114], [11.0857898, 36.8550459], [11.0858796, 36.8549815], [11.0859936, 36.8548828], [11.0860868, 36.8547964], [11.0861827, 36.854725], [11.086235, 36.8546886], [11.0863642, 36.8545739]]}}, {"type": "Feature", "properties": {"highway": "residential"}, "geometry": {"type": "LineString", "coordinates": [[11.0858522, 36.8563549], [11.0858082, 36.8564023], [11.0857412, 36.8564589], [11.0856594, 36.8565155], [11.0855635, 36.8565775], [11.0854877, 36.8566292], [11.085361, 36.8566992]]}}, {"type": "Feature", "properties": {"highway": "residential"}, "geometry": {"type": "LineString", "coordinates": [[11.0830258, 36.8536707], [11.0832175, 36.8537544], [11.0834563, 36.8538424], [11.0836891, 36.8539418]]}}, {"type": "Feature", "properties": {"highway": "residential"}, "geometry": {"type": "LineString", "coordinates": [[11.0817356, 36.8536235], [11.0821996, 36.8538446], [11.0824035, 36.8539411], [11.0826797, 36.8540767]]}}, {"type": "Feature", "properties": {"highway": "residential"}, "geometry": {"type": "LineString", "coordinates": [[11.0818855, 36.8572763], [11.0820967, 36.8574027], [11.0822643, 36.8575002], [11.0824244, 36.8575867], [11.0824724, 36.8576084], [11.082648, 36.8576876], [11.0829926, 36.8578639], [11.0830636, 36.8579028], [11.0833649, 36.8580678], [11.0835727, 36.858201], [11.08363, 36.8582364], [11.0836599, 36.8582749], [11.0836521, 36.858302], [11.0835583, 36.8583927], [11.0834388, 36.8585371]]}}, {"type": "Feature", "properties": {"highway": "residential"}, "geometry": {"type": "LineString", "coordinates": [[11.0799743, 36.8588565], [11.0801848, 36.8590011], [11.0804086, 36.8591394], [11.0806414, 36.8592733], [11.0806924, 36.8593184], [11.0807078, 36.8593505], [11.0806959, 36.8594052], [11.0806378, 36.8594772], [11.0805582, 36.8595655], [11.0804254, 36.8597239], [11.0803216, 36.8598756]]}}, {"type": "Feature", "properties": {"highway": "residential"}, "geometry": {"type": "LineString", "coordinates": [[11.0806124, 36.8582937], [11.0804014, 36.8581322], [11.0802295, 36.8580071], [11.080068, 36.8578883], [11.0798414, 36.8577279], [11.0797008, 36.8576185], [11.0795106, 36.857484], [11.0793049, 36.8573319], [11.0791539, 36.8572254], [11.0790986, 36.8571785]]}}, {"type": "Feature", "properties": {"highway": "residential"}, "geometry": {"type": "LineString", "coordinates": [[11.0818428, 36.8534505], [11.0816149, 36.8533273], [11.0812944, 36.8531084], [11.0810704, 36.8529625], [11.0808921, 36.8528165], [11.0807861, 36.8527307], [11.0807378, 36.8527232], [11.0806989, 36.8527253], [11.0806674, 36.8527382], [11.0806373, 36.8527596], [11.0806279, 36.8527881], [11.0806265, 36.8528101], [11.0806788, 36.8529442], [11.0807553, 36.8531277], [11.0807754, 36.8531631], [11.0807714, 36.8531964], [11.0806614, 36.8533091], [11.0804737, 36.8535084]]}}, {"type": "Feature", "properties": {"highway": "residential"}, "geometry": {"type": "LineString", "coordinates": [[11.0832466, 36.8505432], [11.083188, 36.8506177], [11.0831505, 36.8506584], [11.0830861, 36.8506262], [11.0828568, 36.8505382], [11.0825698, 36.850418]]}}, {"type": "Feature", "properties": {"highway": "residential"}, "geometry": {"type": "LineString", "coordinates": [[11.0831505, 36.8506584], [11.0831009, 36.8507464], [11.0830432, 36.8508108], [11.0829706, 36.8509081]]}}, {"type": "Feature", "properties": {"highway": "residential"}, "geometry": {"type": "LineString", "coordinates": [[11.0829706, 36.8509081], [11.0832852, 36.8510247]]}}, {"type": "Feature", "properties": {"highway": "residential"}, "geometry": {"type": "LineString", "coordinates": [[11.1013829, 36.8370707], [11.1015545, 36.8366375]]}}, {"type": "Feature", "properties": {"highway": "residential"}, "geometry": {"type": "LineString", "coordinates": [[11.1092987, 36.8499421], [11.109011, 36.8497592], [11.108847, 36.849665]]}}, {"type": "Feature", "properties": {"highway": "residential"}, "geometry": {"type": "LineString", "coordinates": [[11.1018006, 36.8493007], [11.101647, 36.8494726], [11.1015062, 36.8496121], [11.1012103, 36.8499321]]}}, {"type": "Feature", "properties": {"highway": "residential"}, "geometry": {"type": "LineString", "coordinates": [[11.10078, 36.8492928], [11.1012701, 36.849508], [11.1015062, 36.8496121]]}}, {"type": "Feature", "properties": {"highway": "residential"}, "geometry": {"type": "LineString", "coordinates": [[11.1067827, 36.8471517], [11.1079019, 36.8477115]]}}, {"type": "Feature", "properties": {"highway": "residential"}, "geometry": {"type": "LineString", "coordinates": [[11.1012841, 36.8409462], [11.1008785, 36.8412635], [11.1003555, 36.8416156]]}}, {"type": "Feature", "properties": {"highway": "residential"}, "geometry": {"type": "LineString", "coordinates": [[11.0995562, 36.8397893], [11.1001028, 36.8401392], [11.1004655, 36.8404258]]}}, {"type": "Feature", "properties": {"highway": "residential"}, "geometry": {"type": "LineString", "coordinates": [[11.1064884, 36.8426228], [11.1070737, 36.8431269]]}}, {"type": "Feature", "properties": {"highway": "residential"}, "geometry": {"type": "LineString", "coordinates": [[11.10447, 36.8425299], [11.1052343, 36.8430902]]}}, {"type": "Feature", "properties": {"highway": "residential"}, "geometry": {"type": "LineString", "coordinates": [[11.1054457, 36.8457188], [11.1056207, 36.8457744], [11.1062188, 36.8459826], [11.1063449, 36.8460217], [11.1064924, 36.8460512], [11.1066547, 36.846077], [11.106794, 36.8460951]]}}, {"type": "Feature", "properties": {"highway": "residential"}, "geometry": {"type": "LineString", "coordinates": [[11.1048656, 36.8453676], [11.1051661, 36.8455468], [11.1054457, 36.8457188]]}}, {"type": "Feature", "properties": {"highway": "residential"}, "geometry": {"type": "LineString", "coordinates": [[11.1036538, 36.8444912], [11.1038437, 36.844612], [11.1040234, 36.8447301], [11.1041388, 36.8447945], [11.1043922, 36.8449394], [11.1046658, 36.8450918], [11.1047999, 36.8451626]]}}, {"type": "Feature", "properties": {"highway": "residential"}, "geometry": {"type": "LineString", "coordinates": [[11.1077685, 36.8477364], [11.1083552, 36.848042], [11.1083713, 36.8480474], [11.1083857, 36.8480493], [11.1084025, 36.8480453], [11.1084856, 36.8480072], [11.108499, 36.848005], [11.1085151, 36.8480074], [11.1085339, 36.8480157], [11.109067, 36.848335]]}}, {"type": "Feature", "properties": {"highway": "residential"}, "geometry": {"type": "LineString", "coordinates": [[11.1065916, 36.8486538], [11.1067204, 36.8485014], [11.1068706, 36.8483136], [11.106939, 36.8482234], [11.1070262, 36.8480742], [11.1071425, 36.8478639]]}}, {"type": "Feature", "properties": {"highway": "residential"}, "geometry": {"type": "LineString", "coordinates": [[11.1066386, 36.8498525], [11.1067807, 36.8496293], [11.1070007, 36.8493524], [11.1072206, 36.8490712], [11.1072367, 36.849038], [11.1072381, 36.8490025], [11.1072206, 36.8489693], [11.1071844, 36.8489414], [11.1065916, 36.8486538], [11.1056957, 36.8482509]]}}, {"type": "Feature", "properties": {"highway": "residential"}, "geometry": {"type": "LineString", "coordinates": [[11.1041825, 36.8441862], [11.1046752, 36.8444833], [11.1051929, 36.844773]]}}, {"type": "Feature", "properties": {"highway": "residential"}, "geometry": {"type": "LineString", "coordinates": [[11.1054457, 36.8457188], [11.1056931, 36.8454535], [11.1057025, 36.8454341], [11.1056998, 36.8454127], [11.1056797, 36.8453955], [11.104977, 36.8449845]]}}, {"type": "Feature", "properties": {"highway": "residential"}, "geometry": {"type": "LineString", "coordinates": [[11.106658, 36.8443856], [11.1063744, 36.8446958], [11.1061947, 36.8449083], [11.1061612, 36.8449598], [11.1061531, 36.8450081], [11.1061464, 36.8451272], [11.1061585, 36.8451605], [11.106184, 36.8451884], [11.106593, 36.8454309], [11.1067834, 36.8455275]]}}, {"type": "Feature", "properties": {"highway": "residential"}, "geometry": {"type": "LineString", "coordinates": [[11.1070737, 36.8431269], [11.1071898, 36.8430569], [11.1072837, 36.8429979], [11.1073695, 36.8429313], [11.1077477, 36.8425943], [11.1085148, 36.8419418]]}}, {"type": "Feature", "properties": {"highway": "residential"}, "geometry": {"type": "LineString", "coordinates": [[11.1068846, 36.845678], [11.1072166, 36.845872], [11.1072904, 36.8459085], [11.1073936, 36.8459579], [11.1074553, 36.8459761], [11.1075251, 36.8459944], [11.10758, 36.8460223], [11.1078871, 36.8462047]]}}, {"type": "Feature", "properties": {"highway": "residential"}, "geometry": {"type": "LineString", "coordinates": [[11.1030142, 36.8413481], [11.1029101, 36.8412384]]}}, {"type": "Feature", "properties": {"highway": "residential"}, "geometry": {"type": "LineString", "coordinates": [[11.1039175, 36.8478516], [11.1038181, 36.84818]]}}, {"type": "Feature", "properties": {"highway": "residential"}, "geometry": {"type": "LineString", "coordinates": [[11.1046043, 36.8474212], [11.1048281, 36.8475473]]}}, {"type": "Feature", "properties": {"highway": "residential", "name": "\u0646\u0647\u062c \u0628\u0634\u0627\u0631\u0629 \u0627\u0644\u062e\u0648\u0631\u064a", "name:ar": "\u0646\u0647\u062c \u0628\u0634\u0627\u0631\u0629 \u0627\u0644\u062e\u0648\u0631\u064a", "name:fr": "Rue Bichara El Khouri", "oneway": "no", "tracktype": "grade3"}, "geometry": {"type": "LineString", "coordinates": [[11.0934448, 36.8562944], [11.0938833, 36.8565573], [11.0940483, 36.8566443], [11.0943112, 36.8567795], [11.0945445, 36.85689], [11.0951735, 36.8572098]]}}, {"type": "Feature", "properties": {"highway": "residential"}, "geometry": {"type": "LineString", "coordinates": [[11.096984, 36.8531615], [11.0971583, 36.852912], [11.0975942, 36.8523271]]}}, {"type": "Feature", "properties": {"highway": "residential"}, "geometry": {"type": "LineString", "coordinates": [[11.1170174, 36.8364518], [11.1179401, 36.8356006], [11.1180192, 36.8355212]]}}, {"type": "Feature", "properties": {"highway": "residential"}, "geometry": {"type": "LineString", "coordinates": [[11.0932919, 36.8525568], [11.0931927, 36.8528906]]}}, {"type": "Feature", "properties": {"highway": "residential"}, "geometry": {"type": "LineString", "coordinates": [[11.0929271, 36.8516747], [11.0934971, 36.8518056]]}}, {"type": "Feature", "properties": {"highway": "residential"}, "geometry": {"type": "LineString", "coordinates": [[11.0991597, 36.8552622], [11.0989876, 36.855334], [11.0987328, 36.8554628], [11.0985665, 36.8555465], [11.0983532, 36.8556356], [11.0980046, 36.8557783], [11.0978865, 36.8558314], [11.097739, 36.8559049], [11.097621, 36.85598], [11.097499, 36.8560766], [11.0973447, 36.8562333]]}}, {"type": "Feature", "properties": {"highway": "residential"}, "geometry": {"type": "LineString", "coordinates": [[11.0955711, 36.8574603], [11.0959741, 36.8569393]]}}, {"type": "Feature", "properties": {"highway": "residential"}, "geometry": {"type": "LineString", "coordinates": [[11.0953291, 36.8576733], [11.095085, 36.8575271]]}}, {"type": "Feature", "properties": {"highway": "residential"}, "geometry": {"type": "LineString", "coordinates": [[11.0973447, 36.8562333], [11.097051, 36.8565659], [11.0969478, 36.8567001], [11.0964623, 36.8571947], [11.0963198, 36.85736], [11.0962444, 36.8574362], [11.0961237, 36.8575564], [11.0959768, 36.8577221], [11.0957763, 36.8579668], [11.0955946, 36.858139], [11.0955312, 36.8581777], [11.0954873, 36.8581905], [11.0954669, 36.8581919], [11.0954457, 36.858187], [11.0954263, 36.8581739], [11.0954109, 36.8581546], [11.0953096, 36.858043], [11.0951943, 36.8579416], [11.0949898, 36.8577849]]}}, {"type": "Feature", "properties": {"highway": "residential"}, "geometry": {"type": "LineString", "coordinates": [[11.0984901, 36.8521244], [11.0978664, 36.8527661]]}}, {"type": "Feature", "properties": {"highway": "residential"}, "geometry": {"type": "LineString", "coordinates": [[11.0983955, 36.8551618], [11.0984066, 36.8551892], [11.0984361, 36.855216], [11.0984612, 36.8552275], [11.0984954, 36.8552412], [11.0986416, 36.8552739], [11.098779, 36.8552975], [11.0989876, 36.855334]]}}, {"type": "Feature", "properties": {"highway": "residential"}, "geometry": {"type": "LineString", "coordinates": [[11.0975727, 36.8552106], [11.0983955, 36.8551618]]}}, {"type": "Feature", "properties": {"highway": "residential"}, "geometry": {"type": "LineString", "coordinates": [[11.0992692, 36.8533767], [11.0997308, 36.8535897]]}}, {"type": "Feature", "properties": {"highway": "residential"}, "geometry": {"type": "LineString", "coordinates": [[11.0992692, 36.8533767], [11.0986791, 36.8531181]]}}, {"type": "Feature", "properties": {"highway": "residential"}, "geometry": {"type": "LineString", "coordinates": [[11.0987395, 36.8540581], [11.0989889, 36.8537104], [11.0992692, 36.8533767]]}}, {"type": "Feature", "properties": {"highway": "residential"}, "geometry": {"type": "LineString", "coordinates": [[11.1001678, 36.8537319], [11.1004346, 36.8533552], [11.1008826, 36.8527618], [11.1012245, 36.8522553], [11.1015035, 36.8519226]]}}, {"type": "Feature", "properties": {"highway": "residential"}, "geometry": {"type": "LineString", "coordinates": [[11.0994623, 36.853946], [11.1001678, 36.8537319], [11.1004159, 36.8536256], [11.1006972, 36.8534806]]}}, {"type": "Feature", "properties": {"highway": "residential"}, "geometry": {"type": "LineString", "coordinates": [[11.0986381, 36.8540737], [11.0987395, 36.8540581], [11.0990922, 36.8540184], [11.0994298, 36.8539925]]}}, {"type": "Feature", "properties": {"highway": "residential"}, "geometry": {"type": "LineString", "coordinates": [[11.0990634, 36.8544562], [11.099576, 36.8546759]]}}, {"type": "Feature", "properties": {"highway": "residential"}, "geometry": {"type": "LineString", "coordinates": [[11.0909289, 36.8557831], [11.0909574, 36.855763], [11.0909986, 36.8557335], [11.0910405, 36.8557005], [11.0910818, 36.8556659], [11.091121, 36.8556275], [11.0912107, 36.8555168]]}}, {"type": "Feature", "properties": {"highway": "service"}, "geometry": {"type": "LineString", "coordinates": [[11.1111289, 36.8349676], [11.1110125, 36.8350362], [11.1109289, 36.8350932], [11.1108849, 36.8351359]]}}, {"type": "Feature", "properties": {"highway": "residential"}, "geometry": {"type": "LineString", "coordinates": [[11.1160306, 36.8357564], [11.1162018, 36.8356015], [11.1163629, 36.8354557], [11.1164595, 36.835387], [11.1165333, 36.8353731], [11.1166875, 36.835401], [11.1170831, 36.8356253], [11.1171448, 36.8356446], [11.117177, 36.8356425], [11.1172119, 36.8356231], [11.1175874, 36.8351154]]}}, {"type": "Feature", "properties": {"highway": "residential"}, "geometry": {"type": "LineString", "coordinates": [[11.0925932, 36.8589749], [11.0925456, 36.8589513], [11.0924497, 36.8589304], [11.0923458, 36.858914], [11.092276, 36.8589124], [11.0922043, 36.8589181], [11.0921523, 36.8589175], [11.092091, 36.8589063], [11.0920286, 36.8588902], [11.0919662, 36.8588671], [11.0917791, 36.8587721], [11.0916088, 36.8586933], [11.0912977, 36.8585704], [11.090829, 36.8583955]]}}, {"type": "Feature", "properties": {"highway": "residential"}, "geometry": {"type": "LineString", "coordinates": [[11.0989742, 36.8569195], [11.0986757, 36.8567112]]}}, {"type": "Feature", "properties": {"highway": "residential"}, "geometry": {"type": "LineString", "coordinates": [[11.0969478, 36.8567001], [11.0972053, 36.8568567], [11.0976358, 36.8570982], [11.0978356, 36.8572334], [11.0979885, 36.8573562], [11.0980907, 36.8574383], [11.0981244, 36.8574622], [11.0981405, 36.8574694], [11.0981615, 36.8574727], [11.098189, 36.8574721], [11.0982138, 36.8574678], [11.0982661, 36.8574394], [11.098545, 36.8573004], [11.0986624, 36.857228], [11.0987643, 36.8571416], [11.0988622, 36.8570408], [11.0989742, 36.8569195], [11.0990801, 36.8569753], [11.0991445, 36.8569978], [11.0992337, 36.857023], [11.0993457, 36.8570402], [11.0994335, 36.8570467], [11.0995264, 36.8570386], [11.0996678, 36.8570034]]}}, {"type": "Feature", "properties": {"highway": "residential"}, "geometry": {"type": "LineString", "coordinates": [[11.1185288, 36.8360611], [11.1182217, 36.8362639], [11.1181654, 36.8362994], [11.1181466, 36.8363348], [11.1181547, 36.8363691], [11.1182472, 36.8364292], [11.1183639, 36.8365162], [11.1184363, 36.8366128], [11.1184416, 36.8366428], [11.1184282, 36.836674], [11.117865, 36.837069]]}}, {"type": "Feature", "properties": {"highway": "residential"}, "geometry": {"type": "LineString", "coordinates": [[11.0981467, 36.8532318], [11.0988951, 36.8523068], [11.0990882, 36.8520611], [11.0991901, 36.8520267], [11.0994161, 36.8516994]]}}, {"type": "Feature", "properties": {"highway": "residential"}, "geometry": {"type": "LineString", "coordinates": [[11.0955544, 36.8558384], [11.097051, 36.8565659]]}}, {"type": "Feature", "properties": {"highway": "residential"}, "geometry": {"type": "LineString", "coordinates": [[11.0922941, 36.8594363], [11.0924859, 36.8591885], [11.092612, 36.8590468], [11.0926167, 36.8590227], [11.0926153, 36.8590007], [11.0925932, 36.8589749]]}}, {"type": "Feature", "properties": {"highway": "residential"}, "geometry": {"type": "LineString", "coordinates": [[11.0414529, 36.8206923], [11.0406898, 36.820615], [11.040258, 36.8205645], [11.0398999, 36.8204937], [11.0395941, 36.8204357], [11.0394251, 36.8204094], [11.0393715, 36.8204008], [11.0393098, 36.8203895], [11.0392595, 36.8203691], [11.0392307, 36.8203471], [11.0392173, 36.8203095], [11.0392213, 36.8202747], [11.0394459, 36.819879], [11.0395143, 36.8197899], [11.0395297, 36.819747], [11.0395291, 36.8197126], [11.0395157, 36.8196708], [11.0394064, 36.8194759], [11.0393393, 36.8194021], [11.0393044, 36.8193817], [11.0392699, 36.8193712], [11.0392149, 36.819368], [11.0391623, 36.8193833], [11.0390349, 36.8194807], [11.0387921, 36.8196869], [11.0385615, 36.8198635], [11.0383871, 36.8199741], [11.0382322, 36.8200626], [11.03808, 36.8201716], [11.0379486, 36.820265], [11.037854, 36.8203112], [11.0377152, 36.8203487], [11.0375784, 36.8203691], [11.0374765, 36.8203842], [11.0372995, 36.8204164], [11.0371694, 36.8204464], [11.0370581, 36.8204947]]}}, {"type": "Feature", "properties": {"highway": "residential"}, "geometry": {"type": "LineString", "coordinates": [[11.0442437, 36.8192794], [11.0436778, 36.819579], [11.0430461, 36.819915], [11.0424319, 36.8202414], [11.042161, 36.8203917], [11.0420363, 36.8204464], [11.0417292, 36.8205645], [11.0414529, 36.8206923], [11.0412236, 36.8207964], [11.040958, 36.8209639], [11.0407582, 36.8210895], [11.040616, 36.8211679], [11.0402995, 36.8213278], [11.0400984, 36.8214449], [11.0399696, 36.8215227], [11.0399006, 36.8215533], [11.039751, 36.8216118], [11.039633, 36.821659], [11.0394037, 36.8217755], [11.0391737, 36.8219], [11.0389356, 36.8220181], [11.0387184, 36.8221416], [11.0385467, 36.8222157], [11.038363, 36.8223048], [11.0381551, 36.8224175], [11.0378011, 36.8225914]]}}, {"type": "Feature", "properties": {"highway": "residential"}, "geometry": {"type": "LineString", "coordinates": [[11.0963537, 36.8500006], [11.0959691, 36.8498595]]}}, {"type": "Feature", "properties": {"highway": "residential"}, "geometry": {"type": "LineString", "coordinates": [[11.0938853, 36.8500602], [11.0937318, 36.8500145], [11.0934998, 36.8499405]]}}, {"type": "Feature", "properties": {"highway": "tertiary", "oneway": "yes"}, "geometry": {"type": "LineString", "coordinates": [[11.0936345, 36.8456343], [11.0938676, 36.845651], [11.0941275, 36.8456896], [11.0941606, 36.8456966], [11.0941887, 36.8457091], [11.0942425, 36.8457562]]}}, {"type": "Feature", "properties": {"highway": "residential", "tracktype": "grade3"}, "geometry": {"type": "LineString", "coordinates": [[11.0908873, 36.8401397], [11.0909971, 36.8398507], [11.0910038, 36.8397858]]}}, {"type": "Feature", "properties": {"highway": "residential"}, "geometry": {"type": "LineString", "coordinates": [[11.0910038, 36.8397858], [11.0918141, 36.840181]]}}, {"type": "Feature", "properties": {"highway": "residential"}, "geometry": {"type": "LineString", "coordinates": [[11.0921547, 36.8416489], [11.0917474, 36.8419459], [11.0916007, 36.8420733], [11.0911745, 36.8424733], [11.0910073, 36.8426152], [11.0909953, 36.8426394], [11.091, 36.8426877], [11.0910322, 36.8427725], [11.0910871, 36.8428605], [11.0911274, 36.8429056], [11.0911341, 36.8429389], [11.0911005, 36.8429904], [11.0909698, 36.8431891]]}}, {"type": "Feature", "properties": {"highway": "residential"}, "geometry": {"type": "LineString", "coordinates": [[11.0930059, 36.8403939], [11.0920661, 36.8398346], [11.0910724, 36.8393609]]}}, {"type": "Feature", "properties": {"highway": "residential"}, "geometry": {"type": "LineString", "coordinates": [[11.09008, 36.8428906], [11.0907357, 36.843465]]}}, {"type": "Feature", "properties": {"highway": "residential"}, "geometry": {"type": "LineString", "coordinates": [[11.0897822, 36.844201], [11.0902516, 36.8438277], [11.0907357, 36.843465], [11.0908363, 36.8433897], [11.0910454, 36.8432413]]}}, {"type": "Feature", "properties": {"highway": "residential"}, "geometry": {"type": "LineString", "coordinates": [[11.0910454, 36.8432413], [11.0920813, 36.8425768], [11.0924272, 36.8423783]]}}, {"type": "Feature", "properties": {"highway": "residential"}, "geometry": {"type": "LineString", "coordinates": [[11.0942631, 36.8422789], [11.0948933, 36.8426281], [11.0953578, 36.8429541]]}}, {"type": "Feature", "properties": {"highway": "residential"}, "geometry": {"type": "LineString", "coordinates": [[11.0894854, 36.8416961], [11.0902047, 36.8410338], [11.0905762, 36.8407268], [11.0906218, 36.8407118], [11.0907097, 36.8406867]]}}, {"type": "Feature", "properties": {"highway": "residential"}, "geometry": {"type": "LineString", "coordinates": [[11.0889486, 36.8412376], [11.0894201, 36.8407676], [11.0894818, 36.8407064], [11.0895113, 36.8406764], [11.0895529, 36.8406415], [11.0895891, 36.8406667], [11.0896522, 36.8407043], [11.0902047, 36.8410338], [11.0907482, 36.8413669]]}}, {"type": "Feature", "properties": {"highway": "residential"}, "geometry": {"type": "LineString", "coordinates": [[11.0955548, 36.8407969], [11.0948814, 36.8409237]]}}, {"type": "Feature", "properties": {"highway": "path"}, "geometry": {"type": "LineString", "coordinates": [[11.0985653, 36.8490527], [11.0983827, 36.8494028]]}}, {"type": "Feature", "properties": {"highway": "residential"}, "geometry": {"type": "LineString", "coordinates": [[11.0966391, 36.8485738], [11.0962571, 36.849324], [11.0961709, 36.8495026], [11.0961584, 36.8495241], [11.0961465, 36.8495386], [11.09613, 36.8495504], [11.0961116, 36.8495606], [11.0960878, 36.8495692], [11.096015, 36.8495936], [11.0959916, 36.849603], [11.0959688, 36.8496132], [11.0959426, 36.8496266], [11.0959165, 36.8496416], [11.0957703, 36.8497253]]}}, {"type": "Feature", "properties": {"highway": "residential"}, "geometry": {"type": "LineString", "coordinates": [[11.0976549, 36.8465751], [11.0983465, 36.8458956]]}}, {"type": "Feature", "properties": {"highway": "residential"}, "geometry": {"type": "LineString", "coordinates": [[11.0987601, 36.8412289], [11.0992539, 36.8408308]]}}, {"type": "Feature", "properties": {"covered": "yes", "highway": "service", "oneway": "no"}, "geometry": {"type": "LineString", "coordinates": [[11.0857108, 36.8461088], [11.0854962, 36.8460895]]}}, {"type": "Feature", "properties": {"highway": "service", "oneway": "no"}, "geometry": {"type": "LineString", "coordinates": [[11.0854962, 36.8460895], [11.0853978, 36.8461107], [11.0853513, 36.8461377]]}}, {"type": "Feature", "properties": {"covered": "yes", "highway": "service", "oneway": "no"}, "geometry": {"type": "LineString", "coordinates": [[11.0844821, 36.8455755], [11.0846221, 36.8456488]]}}, {"type": "Feature", "properties": {"highway": "service", "oneway": "no"}, "geometry": {"type": "LineString", "coordinates": [[11.0846221, 36.8456488], [11.0846418, 36.8456589], [11.0846587, 36.8458179]]}}, {"type": "Feature", "properties": {"highway": "residential"}, "geometry": {"type": "LineString", "coordinates": [[11.0903184, 36.8426077], [11.0905815, 36.842795], [11.0906218, 36.842839], [11.0906701, 36.8429013], [11.0907009, 36.8429539], [11.0907505, 36.8430215], [11.0908404, 36.8430998], [11.0909698, 36.8431891], [11.0910454, 36.8432413]]}}, {"type": "Feature", "properties": {"highway": "residential"}, "geometry": {"type": "LineString", "coordinates": [[11.0927968, 36.8435036], [11.0932449, 36.8432216], [11.0932838, 36.843198], [11.0933207, 36.8431819], [11.0933563, 36.843182], [11.09355, 36.843353]]}}, {"type": "Feature", "properties": {"highway": "residential"}, "geometry": {"type": "LineString", "coordinates": [[11.0919406, 36.844037], [11.092745, 36.843367]]}}, {"type": "Feature", "properties": {"highway": "tertiary_link", "lane_markings": "no", "surface": "asphalt"}, "geometry": {"type": "LineString", "coordinates": [[11.0991962, 36.8424491], [11.0992451, 36.8425031]]}}, {"type": "Feature", "properties": {"highway": "service"}, "geometry": {"type": "LineString", "coordinates": [[11.0989361, 36.842645], [11.0989962, 36.8426852], [11.0990533, 36.8427296], [11.0991847, 36.8428176]]}}, {"type": "Feature", "properties": {"covered": "yes", "highway": "service"}, "geometry": {"type": "LineString", "coordinates": [[11.0883483, 36.8462684], [11.088427, 36.8463086]]}}, {"type": "Feature", "properties": {"highway": "service"}, "geometry": {"type": "LineString", "coordinates": [[11.088427, 36.8463086], [11.0884532, 36.8463197], [11.0884661, 36.846426]]}}, {"type": "Feature", "properties": {"highway": "residential"}, "geometry": {"type": "LineString", "coordinates": [[11.0823444, 36.848883], [11.0824142, 36.8487675], [11.0824591, 36.8486768], [11.0825041, 36.8485454]]}}, {"type": "Feature", "properties": {"highway": "residential"}, "geometry": {"type": "LineString", "coordinates": [[11.0836037, 36.8415082], [11.0841523, 36.8417647], [11.0841872, 36.8418205], [11.0842167, 36.841872], [11.0842207, 36.8419311], [11.0842073, 36.8419922], [11.0839753, 36.8423271], [11.0839458, 36.8424216], [11.083927, 36.8424623], [11.08366, 36.8427537]]}}, {"type": "Feature", "properties": {"highway": "residential"}, "geometry": {"type": "LineString", "coordinates": [[11.0825013, 36.8419715], [11.0822057, 36.8417887], [11.0819555, 36.8416251], [11.0815317, 36.8414942], [11.0814446, 36.841461], [11.0811496, 36.8414631], [11.0810852, 36.8414481], [11.0808307, 36.8412688]]}}, {"type": "Feature", "properties": {"highway": "residential"}, "geometry": {"type": "LineString", "coordinates": [[11.0808777, 36.8436303], [11.0811236, 36.8431629], [11.0812617, 36.842906], [11.0815732, 36.8424493]]}}, {"type": "Feature", "properties": {"highway": "residential"}, "geometry": {"type": "LineString", "coordinates": [[11.0836481, 36.8405701], [11.0841673, 36.8408572]]}}, {"type": "Feature", "properties": {"highway": "residential"}, "geometry": {"type": "LineString", "coordinates": [[11.085152, 36.8422829], [11.0854363, 36.8424625], [11.0860593, 36.842926]]}}, {"type": "Feature", "properties": {"highway": "residential"}, "geometry": {"type": "LineString", "coordinates": [[11.0846408, 36.8428019], [11.0848577, 36.8429581], [11.0849047, 36.8429721], [11.0849342, 36.8429614], [11.0854363, 36.8424625]]}}, {"type": "Feature", "properties": {"highway": "residential"}, "geometry": {"type": "LineString", "coordinates": [[11.0862966, 36.8499495], [11.0870464, 36.8502957]]}}, {"type": "Feature", "properties": {"highway": "residential"}, "geometry": {"type": "LineString", "coordinates": [[11.0848809, 36.8495939], [11.0851098, 36.8496851], [11.0853868, 36.8497962]]}}, {"type": "Feature", "properties": {"highway": "residential"}, "geometry": {"type": "LineString", "coordinates": [[11.0869245, 36.847258], [11.0871537, 36.8468905], [11.0872905, 36.8466555], [11.0874693, 36.8463596]]}}, {"type": "Feature", "properties": {"highway": "residential"}, "geometry": {"type": "LineString", "coordinates": [[11.0838056, 36.8439617], [11.0840852, 36.8437588], [11.0843226, 36.8435313], [11.0845144, 36.8433166]]}}, {"type": "Feature", "properties": {"highway": "tertiary", "lane_markings": "no", "maxspeed": "50", "name": "\u0634\u0627\u0631\u0639 \u0627\u0644\u062f\u0643\u062a\u0648\u0631 \u0645\u062d\u0645\u062f \u0627\u0644\u0645\u0646\u062c\u064a \u0628\u0646 \u062d\u0645\u064a\u062f\u0629", "name:ar": "\u0634\u0627\u0631\u0639 \u0627\u0644\u062f\u0643\u062a\u0648\u0631 \u0645\u062d\u0645\u062f \u0627\u0644\u0645\u0646\u062c\u064a \u0628\u0646 \u062d\u0645\u064a\u062f\u0629", "name:fr": "Avenue Mohamed Monji Ben Hmida", "oneway": "yes", "surface": "asphalt"}, "geometry": {"type": "LineString", "coordinates": [[11.0935378, 36.8456053], [11.0937739, 36.8454252]]}}, {"type": "Feature", "properties": {"highway": "residential"}, "geometry": {"type": "LineString", "coordinates": [[11.0895529, 36.8406415], [11.0897688, 36.8404081], [11.0897789, 36.8403936], [11.0897843, 36.8403775], [11.0897816, 36.840363], [11.0897745, 36.8403502], [11.0897633, 36.8403394], [11.0893243, 36.8400727], [11.0892974, 36.8400453], [11.0892834, 36.8400158], [11.0892787, 36.8399787], [11.089278, 36.8399235], [11.0892941, 36.8398456], [11.0893222, 36.8397678], [11.0893323, 36.8397008], [11.0893417, 36.8396546], [11.0893672, 36.8395709], [11.0894087, 36.8395108], [11.0894906, 36.8394351]]}}, {"type": "Feature", "properties": {"highway": "residential"}, "geometry": {"type": "LineString", "coordinates": [[11.0870309, 36.8413025], [11.0873482, 36.8409784], [11.0874662, 36.8408417], [11.087619, 36.8406807], [11.0878376, 36.8404864], [11.0878469, 36.8403831]]}}, {"type": "Feature", "properties": {"bridge": "yes", "highway": "residential", "layer": "1"}, "geometry": {"type": "LineString", "coordinates": [[11.0838827, 36.8440277], [11.0839558, 36.8441125]]}}, {"type": "Feature", "properties": {"highway": "residential"}, "geometry": {"type": "LineString", "coordinates": [[11.0839558, 36.8441125], [11.0840249, 36.8441919], [11.0841624, 36.8442901], [11.0843425, 36.8444247], [11.0845177, 36.8445546], [11.0846506, 36.8446483], [11.084796, 36.8447376], [11.0854518, 36.8450553], [11.0859715, 36.8452656], [11.0868251, 36.8455699], [11.0873516, 36.84576], [11.0879668, 36.8460289], [11.0882708, 36.846149]]}}, {"type": "Feature", "properties": {"highway": "residential"}, "geometry": {"type": "LineString", "coordinates": [[11.0853481, 36.8472721], [11.0856604, 36.8474357], [11.0859503, 36.8475782]]}}, {"type": "Feature", "properties": {"highway": "residential"}, "geometry": {"type": "LineString", "coordinates": [[11.0047576, 36.8768518], [11.0047683, 36.8770481], [11.0047281, 36.8772906], [11.0046369, 36.8775416], [11.004543, 36.8778248], [11.0045081, 36.8779664], [11.0044464, 36.8781091], [11.0043311, 36.8783076], [11.0042238, 36.8785296], [11.0041273, 36.8786744], [11.0039797, 36.8787989], [11.0038429, 36.878904], [11.0037437, 36.8789534], [11.0036471, 36.8790263], [11.0035399, 36.8791507], [11.0034862, 36.8792666], [11.0034755, 36.8793696], [11.0034943, 36.8794618], [11.0034862, 36.8795412], [11.0034513, 36.8796142], [11.0033897, 36.8796957], [11.0032958, 36.8798416], [11.0030892, 36.8801892], [11.0029739, 36.880408], [11.0027781, 36.8806397]]}}, {"type": "Feature", "properties": {"highway": "residential"}, "geometry": {"type": "LineString", "coordinates": [[11.0076101, 36.8745485], [11.007657, 36.8748618], [11.0076731, 36.8750849], [11.007708, 36.8752351], [11.0077777, 36.8753617], [11.0079145, 36.8754904], [11.0079896, 36.8755526], [11.0080567, 36.8756406], [11.0080889, 36.8757479], [11.0080594, 36.8758702], [11.0079735, 36.8760998], [11.0078314, 36.8763079]]}}, {"type": "Feature", "properties": {"highway": "residential"}, "geometry": {"type": "LineString", "coordinates": [[11.0077751, 36.8737814], [11.0077362, 36.8739981], [11.0076597, 36.8743436], [11.0076101, 36.8745485], [11.0074532, 36.8750023], [11.0073043, 36.8752834], [11.0070643, 36.8756159], [11.0069677, 36.8757533]]}}, {"type": "Feature", "properties": {"highway": "residential"}, "geometry": {"type": "LineString", "coordinates": [[11.0078984, 36.8737235], [11.0070214, 36.8733748], [11.0067692, 36.873289], [11.006501, 36.8731903], [11.0063133, 36.8731581], [11.0061738, 36.8731345], [11.0060209, 36.8730723], [11.0057339, 36.8729178], [11.0055703, 36.8728234], [11.0053772, 36.8726646], [11.0052752, 36.8725841], [11.0051975, 36.8725316], [11.0051103, 36.8724854], [11.0050178, 36.8724629], [11.0048769, 36.8724672], [11.0046892, 36.8724779]]}}, {"type": "Feature", "properties": {"highway": "residential"}, "geometry": {"type": "LineString", "coordinates": [[11.0077623, 36.8239753], [11.0078301, 36.8239897], [11.0079065, 36.824001], [11.0079461, 36.824001], [11.0079829, 36.8239924], [11.0080279, 36.8239763], [11.0080849, 36.823943], [11.0083108, 36.8237261], [11.0083558, 36.8236832], [11.0084148, 36.8236338], [11.0084973, 36.8235767], [11.0085851, 36.8235249], [11.0086947, 36.8234607], [11.0087356, 36.8234347], [11.0087779, 36.8234086], [11.0088453, 36.8233555], [11.009088, 36.8231556], [11.0092302, 36.823045], [11.0092898, 36.8229935], [11.0093475, 36.8229435], [11.0095949, 36.8227224], [11.0100965, 36.8222983], [11.0104003, 36.8220552], [11.0105793, 36.8219215], [11.011329, 36.8213633], [11.011615, 36.8211308], [11.0116334, 36.8211145], [11.0116616, 36.8211013], [11.0116904, 36.8211013], [11.0117166, 36.8211086], [11.0117598, 36.8211252], [11.0118577, 36.8212038], [11.0119566, 36.821297], [11.0120247, 36.8213421], [11.0121105, 36.8214046], [11.0123201, 36.821564], [11.012652, 36.8218066], [11.0128418, 36.8219462], [11.0130912, 36.8221115]]}}, {"type": "Feature", "properties": {"highway": "residential"}, "geometry": {"type": "LineString", "coordinates": [[11.0250176, 36.8707195], [11.0248272, 36.87058], [11.0247394, 36.8705205], [11.0246998, 36.8704921], [11.0246596, 36.8704631], [11.0246455, 36.8704427], [11.0246395, 36.8704143], [11.0246388, 36.8703912], [11.0246495, 36.8703156], [11.024669, 36.8701723], [11.024683, 36.8700624], [11.0246864, 36.8699883], [11.024681, 36.8699492], [11.0246703, 36.8699197], [11.0246515, 36.8698945], [11.024626, 36.8698655], [11.0245771, 36.8698263], [11.0245047, 36.869777], [11.0244463, 36.8697367], [11.0244001, 36.8697072], [11.0243458, 36.8696836], [11.0242147, 36.8696397]]}}, {"type": "Feature", "properties": {"highway": "residential"}, "geometry": {"type": "LineString", "coordinates": [[11.0253717, 36.870433], [11.0255085, 36.8705221], [11.0256118, 36.8705875], [11.0257137, 36.8706433], [11.025892, 36.8707345], [11.0261254, 36.8708429], [11.0264607, 36.8710199], [11.026576, 36.871066], [11.0266873, 36.8711154], [11.0268764, 36.8712044], [11.0272385, 36.8713815], [11.0274169, 36.8714684]]}}, {"type": "Feature", "properties": {"highway": "residential"}, "geometry": {"type": "LineString", "coordinates": [[11.0241996, 36.8711052], [11.0240135, 36.871036], [11.0237751, 36.870955], [11.0236846, 36.8709255], [11.023645, 36.8709126], [11.0236128, 36.8708944], [11.0235934, 36.8708799], [11.0235753, 36.8708638], [11.0235592, 36.8708445], [11.0235498, 36.8708204], [11.0235525, 36.8707394], [11.0235793, 36.8705452], [11.0235894, 36.8704996], [11.0235961, 36.8704491], [11.0235921, 36.8704116], [11.0235934, 36.8703612], [11.0236068, 36.8702979], [11.0236269, 36.870256], [11.0237114, 36.8701176], [11.0238241, 36.8699814], [11.0239434, 36.8698827], [11.0240199, 36.8698269], [11.0241003, 36.8697625], [11.0241392, 36.8697292], [11.0241768, 36.8696885], [11.0241969, 36.8696646], [11.0242147, 36.8696397], [11.0242264, 36.8696166], [11.0242438, 36.8695758], [11.0242774, 36.8694481], [11.0243203, 36.8692615], [11.0243431, 36.8691756], [11.0243712, 36.8691177], [11.0244302, 36.8690072], [11.0245027, 36.8688806], [11.0245737, 36.8687872], [11.0247011, 36.8686724], [11.0248245, 36.8685684], [11.0249586, 36.8684621], [11.0250847, 36.8683409], [11.0251719, 36.8682401], [11.0253838, 36.8678967], [11.0255455, 36.8676882]]}}, {"type": "Feature", "properties": {"highway": "residential"}, "geometry": {"type": "LineString", "coordinates": [[11.0219841, 36.873068], [11.0223703, 36.8732697], [11.0226922, 36.8734016], [11.0231294, 36.873569], [11.0232192, 36.8736237], [11.0233185, 36.8736816], [11.0234942, 36.8737578], [11.0237342, 36.8738876], [11.0237905, 36.8739241], [11.02382, 36.8739638], [11.0238482, 36.8739992], [11.0238844, 36.87404], [11.0239367, 36.8740904], [11.0240762, 36.8741869], [11.0241795, 36.8742438]]}}, {"type": "Feature", "properties": {"highway": "residential"}, "geometry": {"type": "LineString", "coordinates": [[11.0231267, 36.8717859], [11.022776, 36.8715295], [11.0226962, 36.8714818], [11.0223261, 36.8712672], [11.0220565, 36.8710789], [11.021516, 36.8707302], [11.0212384, 36.8705779], [11.0210493, 36.8704792], [11.0210037, 36.8704534], [11.0209756, 36.8704357], [11.0209689, 36.8704257], [11.0209648, 36.8704143], [11.0209662, 36.8704019], [11.0209829, 36.8703799], [11.0211083, 36.8702163], [11.0212518, 36.8700221], [11.021402, 36.8698172], [11.0214315, 36.8697689], [11.021449, 36.8697174], [11.021457, 36.8696724], [11.0214704, 36.8695908], [11.0214744, 36.8695114], [11.0214704, 36.8694497], [11.0214631, 36.8694119], [11.0214404, 36.8693648]]}}, {"type": "Feature", "properties": {"highway": "residential"}, "geometry": {"type": "LineString", "coordinates": [[11.026859, 36.8692486], [11.0271607, 36.8694857], [11.0276385, 36.8697831], [11.0277776, 36.8698711], [11.0279406, 36.8699985], [11.027952, 36.8700211], [11.0279674, 36.870035], [11.0279929, 36.8700484], [11.0280378, 36.870065], [11.028074, 36.8700704], [11.0280955, 36.8700811], [11.0282517, 36.87019], [11.0283785, 36.8702721]]}}, {"type": "Feature", "properties": {"highway": "unclassified"}, "geometry": {"type": "LineString", "coordinates": [[11.0304072, 36.8879418], [11.0304017, 36.8879266], [11.0303901, 36.8879091], [11.0303675, 36.8878825], [11.0303073, 36.8878071], [11.0300642, 36.8875414], [11.0296834, 36.887108], [11.0293709, 36.8867551], [11.0290141, 36.8864044], [11.0285193, 36.8859635], [11.0279252, 36.885484], [11.0278045, 36.8853821], [11.0277696, 36.8853521], [11.0277227, 36.885322], [11.0276891, 36.8853092], [11.0276462, 36.8853038], [11.0275939, 36.885306], [11.0275456, 36.8853167], [11.0274249, 36.8853757], [11.0270521, 36.8856213], [11.0268496, 36.8857516], [11.0268174, 36.8857731], [11.0267933, 36.8857854], [11.0267671, 36.8857935], [11.0267316, 36.8857935], [11.0267068, 36.8857881], [11.0266813, 36.8857731], [11.0266196, 36.8857173], [11.0261951, 36.8852995], [11.0258491, 36.8849509], [11.0256882, 36.8847921], [11.0255715, 36.8846859], [11.0254334, 36.884569], [11.025302, 36.8844639], [11.0250673, 36.8843019], [11.025013, 36.8842606], [11.0249868, 36.8842365], [11.024966, 36.8842167], [11.0249546, 36.8841904], [11.0249479, 36.884156], [11.0249506, 36.8841233], [11.0249573, 36.8840885], [11.0249761, 36.8840193], [11.0249902, 36.8839656], [11.0250036, 36.8839281], [11.0250088, 36.8839111], [11.0250136, 36.8838991], [11.025027, 36.8838814], [11.0250465, 36.8838643], [11.025072, 36.8838455], [11.0251833, 36.8837554], [11.025251, 36.8836808], [11.0252825, 36.8836476], [11.0252986, 36.8836208], [11.0253013, 36.8835972], [11.0252919, 36.88358], [11.0252637, 36.8835527], [11.0252235, 36.8835285], [11.0251772, 36.8835022], [11.025141, 36.8834749], [11.0251196, 36.8834513], [11.0251068, 36.8834266], [11.0251001, 36.8834073], [11.0250954, 36.8833918], [11.0251001, 36.8833719], [11.0251323, 36.8833226], [11.0252228, 36.8832185], [11.0254287, 36.8830024], [11.0256808, 36.8827369], [11.0256976, 36.8827117], [11.0257043, 36.8826983], [11.0257083, 36.8826843], [11.0257036, 36.8826661], [11.0256936, 36.8826473], [11.0256694, 36.8826226], [11.02543, 36.882481], [11.0253989, 36.8824607], [11.0253901, 36.8824478], [11.0253848, 36.8824368], [11.0253814, 36.8824261], [11.0253794, 36.8824145], [11.0253838, 36.882403], [11.0253965, 36.8823853], [11.0254894, 36.8822834], [11.0257566, 36.8820471], [11.0258458, 36.8819575], [11.0259108, 36.8818803], [11.0259846, 36.881772], [11.0260288, 36.8817119], [11.0261381, 36.8815746], [11.0263413, 36.8812855], [11.0264305, 36.8811707], [11.0264573, 36.8811493], [11.0264929, 36.8811412], [11.026517, 36.8811358], [11.0265505, 36.8811267], [11.026576, 36.8811101], [11.0265955, 36.8810881], [11.0267321, 36.880902], [11.0267359, 36.8808952], [11.0267381, 36.8808866], [11.0267363, 36.8808693], [11.0267316, 36.8808419], [11.0267383, 36.8808076], [11.0267825, 36.8806821], [11.0268161, 36.8806215], [11.0268529, 36.8805786], [11.0269126, 36.8805217], [11.0270038, 36.8804509], [11.0270129, 36.8804434], [11.0270167, 36.8804376], [11.0270181, 36.8804319], [11.0270169, 36.8804252], [11.0270132, 36.8804187], [11.0270025, 36.8804059], [11.0269448, 36.8803747], [11.0267343, 36.8802728], [11.0266498, 36.8802331], [11.0265639, 36.8802047], [11.0264681, 36.8801843], [11.0263661, 36.8801688], [11.0263246, 36.8801613], [11.0262776, 36.8801489], [11.0261516, 36.880083], [11.0257941, 36.8798614], [11.0255326, 36.8796989], [11.025304, 36.8795761], [11.0249714, 36.8794077], [11.024559, 36.8792248], [11.0243699, 36.8791475], [11.0242036, 36.8790585], [11.0241774, 36.879047], [11.0241553, 36.8790435], [11.0241285, 36.8790451], [11.0241134, 36.8790427], [11.024099, 36.8790394], [11.0240614, 36.8790252], [11.0238415, 36.8789222], [11.0234459, 36.8787377], [11.0232782, 36.8786455], [11.023073, 36.8785382], [11.0228276, 36.8784191], [11.0226466, 36.8783215], [11.0220404, 36.8779728], [11.0219935, 36.8779407], [11.0219505, 36.8778978], [11.0219304, 36.8778699], [11.0219009, 36.8778355], [11.0218788, 36.8778103], [11.0218553, 36.8777883], [11.0218205, 36.8777604], [11.0216287, 36.8776671], [11.0215569, 36.8776371], [11.0215187, 36.8776199], [11.0214858, 36.8776129], [11.0214403, 36.877607], [11.0213853, 36.8776156], [11.021339, 36.877629], [11.0211412, 36.877784], [11.0210842, 36.8778237], [11.0210332, 36.8778484], [11.0210017, 36.8778548], [11.0209601, 36.8778554], [11.0209159, 36.8778447], [11.020871, 36.8778248], [11.0208005, 36.8777932], [11.0207161, 36.8777476], [11.0203426, 36.8775126], [11.0200529, 36.8773303], [11.0197101, 36.877126]]}}, {"type": "Feature", "properties": {"highway": "residential"}, "geometry": {"type": "LineString", "coordinates": [[11.0247414, 36.8727392], [11.0246703, 36.8726995], [11.0243238, 36.8724996], [11.0242908, 36.8724767], [11.0242643, 36.8724586], [11.0242391, 36.872449], [11.0242093, 36.8724404], [11.0241805, 36.8724334], [11.0241469, 36.8724243], [11.0241147, 36.8724111], [11.0240256, 36.8723481], [11.0239029, 36.8722709], [11.0238928, 36.8722615], [11.0238898, 36.8722542], [11.0238881, 36.8722475], [11.0238871, 36.8722349], [11.0238878, 36.8722129], [11.0238868, 36.8721992], [11.0238764, 36.8721858], [11.0238616, 36.8721743], [11.0238388, 36.8721679], [11.0238127, 36.872163], [11.0237959, 36.8721614], [11.0237563, 36.8721555], [11.0236993, 36.8721421], [11.0236242, 36.8721132], [11.0235518, 36.8720745], [11.0233305, 36.8719265], [11.0231267, 36.8717859]]}}, {"type": "Feature", "properties": {"highway": "residential"}, "geometry": {"type": "LineString", "coordinates": [[11.0235934, 36.8703612], [11.0234512, 36.8703075], [11.023063, 36.8701428], [11.0226747, 36.8699835], [11.0222027, 36.8697421], [11.0218848, 36.8695447], [11.0216589, 36.8694101], [11.0216166, 36.8693945], [11.021575, 36.8693848], [11.0214798, 36.8693763], [11.0214404, 36.8693648], [11.0213685, 36.8693333], [11.0213035, 36.8692926], [11.0212331, 36.8692373], [11.021217, 36.8692121], [11.0211975, 36.8691746], [11.0211258, 36.8689385], [11.0211117, 36.8689026], [11.0210741, 36.868858], [11.0206577, 36.8686038], [11.0204948, 36.8684879], [11.0204612, 36.8684503], [11.0204371, 36.868401], [11.0203792, 36.8681905]]}}, {"type": "Feature", "properties": {"highway": "unclassified"}, "geometry": {"type": "LineString", "coordinates": [[11.0304072, 36.8879418], [11.0304039, 36.8879497], [11.0303995, 36.8879575], [11.0303949, 36.8879632], [11.0303894, 36.8879697], [11.0303234, 36.8880434], [11.0301796, 36.888201], [11.03002, 36.8883753], [11.02991, 36.8885346], [11.0296485, 36.8888628]]}}, {"type": "Feature", "properties": {"highway": "residential"}, "geometry": {"type": "LineString", "coordinates": [[11.0162939, 36.8801766], [11.0171252, 36.8804713], [11.0178924, 36.8807459], [11.0180546, 36.8808038], [11.0181056, 36.8808371], [11.0181431, 36.88088], [11.0181686, 36.8809229], [11.0181753, 36.8809744], [11.0181633, 36.8810581], [11.0181297, 36.8811342], [11.0181069, 36.8811696], [11.018068, 36.881204], [11.0180023, 36.8812233], [11.0179286, 36.8812243], [11.0178347, 36.8812211], [11.0176657, 36.8812286], [11.0176376, 36.8812353], [11.0176148, 36.8812469]]}}, {"type": "Feature", "properties": {"highway": "residential"}, "geometry": {"type": "LineString", "coordinates": [[11.0176148, 36.8812469], [11.0175826, 36.8812812], [11.0175088, 36.8813928], [11.0174002, 36.8815655], [11.0172929, 36.8817366], [11.0172634, 36.8818068], [11.0172352, 36.8818798], [11.0172044, 36.8819484], [11.0171521, 36.8820471], [11.0171252, 36.8820922], [11.0171024, 36.8821286], [11.0170662, 36.8821791], [11.0169549, 36.882326], [11.0168101, 36.8825513], [11.0167578, 36.8826521], [11.0166773, 36.8827626], [11.0165848, 36.8828924], [11.016448, 36.8831198], [11.0162964, 36.8833451], [11.016169, 36.8835189], [11.0160886, 36.8835864], [11.0160443, 36.8836197], [11.0160215, 36.8836497], [11.0160081, 36.8836969], [11.0159826, 36.8837795], [11.0159692, 36.883875], [11.0159665, 36.8839619], [11.0159786, 36.8840767], [11.0159987, 36.8841668], [11.0159974, 36.8842204], [11.0159853, 36.8842665], [11.0159639, 36.884303], [11.0159156, 36.8843727], [11.0158368, 36.8844375]]}}, {"type": "Feature", "properties": {"highway": "residential"}, "geometry": {"type": "LineString", "coordinates": [[11.0071971, 36.8164022], [11.0076436, 36.8161584], [11.0078287, 36.8160532], [11.0079789, 36.8159652], [11.0080741, 36.8159169], [11.0081613, 36.815875], [11.008225, 36.8158444], [11.0082947, 36.8158202], [11.008345, 36.8158036], [11.0084168, 36.8157773], [11.0085415, 36.8157252], [11.008679, 36.8156667], [11.0090163, 36.8154939], [11.0093619, 36.8153168], [11.0093841, 36.8153064], [11.0094085, 36.8152936], [11.009427, 36.8152833], [11.0094332, 36.8152716], [11.009434, 36.8152546], [11.0094377, 36.8152338], [11.0094473, 36.8152061], [11.0094605, 36.8151704], [11.0094796, 36.8151406], [11.0095061, 36.8151157], [11.0095261, 36.8151044], [11.0095508, 36.8150986], [11.0095992, 36.8150992], [11.0096275, 36.8151006], [11.0096581, 36.8150975], [11.0096855, 36.8150918], [11.0097161, 36.8150814], [11.0097405, 36.8150696], [11.0097629, 36.815051], [11.0098343, 36.8149968], [11.0098689, 36.8149812], [11.0098947, 36.814971], [11.0099393, 36.814967], [11.01001, 36.8149761], [11.0100395, 36.8149844], [11.0100794, 36.8149938], [11.0101401, 36.8150102], [11.0101891, 36.8150209], [11.0102068, 36.8150233]]}}, {"type": "Feature", "properties": {"highway": "residential"}, "geometry": {"type": "LineString", "coordinates": [[11.0289592, 36.8267652], [11.0286413, 36.8268887], [11.0285018, 36.8269231], [11.0283919, 36.8269488], [11.028243, 36.8269864], [11.0281317, 36.8270336], [11.0279319, 36.8271335], [11.0272546, 36.8274748], [11.0262649, 36.8278978], [11.0254669, 36.8282746], [11.0246837, 36.8285966], [11.0244276, 36.8287125]]}}, {"type": "Feature", "properties": {"highway": "residential"}, "geometry": {"type": "LineString", "coordinates": [[11.0351202, 36.8360139], [11.0347661, 36.8363531], [11.0347179, 36.8364046], [11.0346937, 36.8364625], [11.0347018, 36.8365377], [11.0348037, 36.8367631], [11.0349512, 36.8369842], [11.0350719, 36.8371302], [11.0351711, 36.8372654], [11.0352865, 36.8374779], [11.0353589, 36.8376475], [11.0353562, 36.8377291], [11.0353294, 36.8377892], [11.0352516, 36.8378643], [11.0351524, 36.8379437], [11.0348627, 36.8381756]]}}, {"type": "Feature", "properties": {"highway": "residential"}, "geometry": {"type": "LineString", "coordinates": [[11.0208921, 36.8365079], [11.0208495, 36.8365098], [11.0183953, 36.83546], [11.0176094, 36.8351552], [11.0172325, 36.8350232], [11.0171574, 36.8349985], [11.0170877, 36.8349695], [11.0170387, 36.8349638]]}}, {"type": "Feature", "properties": {"highway": "residential"}, "geometry": {"type": "LineString", "coordinates": [[11.0170387, 36.8349638], [11.0169975, 36.8349738], [11.0169432, 36.8349998], [11.0169134, 36.8350296], [11.0168262, 36.8351434], [11.0166425, 36.8354273], [11.0165425, 36.8355754], [11.0164138, 36.8357434], [11.0163598, 36.8358121], [11.016326, 36.8358507], [11.0162924, 36.8358641], [11.0162763, 36.8358688], [11.0162565, 36.8358684], [11.0162307, 36.8358674], [11.0161939, 36.8358494], [11.0159531, 36.835708], [11.0159142, 36.8356929], [11.0158603, 36.8356876], [11.0157999, 36.8357195], [11.015758, 36.8357852], [11.0155655, 36.8360826], [11.0148266, 36.8368865]]}}, {"type": "Feature", "properties": {"highway": "residential"}, "geometry": {"type": "LineString", "coordinates": [[11.0297504, 36.8300423], [11.0295506, 36.8301273], [11.0294285, 36.8302401], [11.0292931, 36.8303968], [11.0292193, 36.8305213], [11.0291992, 36.8306018], [11.0291576, 36.8306791], [11.0291322, 36.8307349], [11.0290731, 36.8307736], [11.0290249, 36.8307843], [11.0289256, 36.8307693], [11.0286775, 36.830649], [11.0286051, 36.8306168], [11.0285283, 36.8305924], [11.0284754, 36.8305913], [11.0284006, 36.8305897], [11.0283369, 36.8305956], [11.0282397, 36.8306243], [11.0279299, 36.8308138], [11.0275711, 36.8310505], [11.027315, 36.8311815], [11.026969, 36.8313596], [11.0265639, 36.8315647], [11.0262863, 36.8316935], [11.0261697, 36.8317665], [11.0260047, 36.8319243], [11.025542, 36.8323719], [11.0248393, 36.8329805], [11.0236967, 36.8338542], [11.0223287, 36.8350865], [11.0210949, 36.8363037], [11.0209957, 36.8364207], [11.0209568, 36.8364684], [11.0209246, 36.8364915], [11.0208921, 36.8365079]]}}, {"type": "Feature", "properties": {"highway": "residential", "lit": "yes", "oneway": "yes", "service": "alley", "surface": "asphalt"}, "geometry": {"type": "LineString", "coordinates": [[11.0928508, 36.8480534], [11.092933, 36.8480809], [11.092961, 36.8480765], [11.0929783, 36.8480581], [11.0930994, 36.8479192]]}}, {"type": "Feature", "properties": {"highway": "residential"}, "geometry": {"type": "LineString", "coordinates": [[11.0274437, 36.8650706], [11.0275564, 36.8650685], [11.0276771, 36.8650341], [11.0277683, 36.8649891], [11.0278326, 36.8649161], [11.0279694, 36.8647273], [11.0280901, 36.8646157], [11.028243, 36.8645213], [11.0283744, 36.8644955], [11.0284951, 36.8644784], [11.0286225, 36.8644687], [11.0288358, 36.8644934], [11.0289967, 36.8645288], [11.029281, 36.8646865]]}}, {"type": "Feature", "properties": {"highway": "residential"}, "geometry": {"type": "LineString", "coordinates": [[11.0266525, 36.8646908], [11.0274437, 36.8650706], [11.0276931, 36.865223], [11.0277723, 36.8652906], [11.027779, 36.8653356], [11.0277508, 36.865385], [11.0275885, 36.8656865], [11.0273099, 36.8659826], [11.0267369, 36.8665127], [11.0265385, 36.8666543], [11.0263762, 36.8668066], [11.0262689, 36.8669665], [11.0259752, 36.8673367], [11.0258813, 36.8674601], [11.0257754, 36.8675663], [11.0256144, 36.8677119]]}}, {"type": "Feature", "properties": {"highway": "residential"}, "geometry": {"type": "LineString", "coordinates": [[11.0144845, 36.8404492], [11.0149956, 36.8407322], [11.0161717, 36.8414685], [11.0165861, 36.8417347], [11.0167752, 36.8418602], [11.0169254, 36.8419847], [11.0170408, 36.8420856], [11.0172285, 36.8422949], [11.0174632, 36.8425643], [11.0175182, 36.8426212], [11.0175785, 36.8426609], [11.017651, 36.8426985], [11.0178776, 36.8428305], [11.0179782, 36.8428777], [11.0181083, 36.8429292], [11.0182102, 36.8429528], [11.018347, 36.8429829], [11.0185321, 36.8430054], [11.0185817, 36.8430237], [11.018638, 36.8430612], [11.0186997, 36.8431031], [11.0187654, 36.8431396], [11.0188177, 36.8431707], [11.0188848, 36.8431879], [11.0189652, 36.8431911], [11.0190578, 36.843204], [11.0191999, 36.8432372], [11.0194963, 36.8433167], [11.0198396, 36.8434562], [11.0201508, 36.8436193], [11.0203868, 36.8437288], [11.0206765, 36.8438383], [11.0210091, 36.843937], [11.0212103, 36.8440207], [11.0214677, 36.8441173]]}}, {"type": "Feature", "properties": {"highway": "residential"}, "geometry": {"type": "LineString", "coordinates": [[11.0149465, 36.8673842], [11.0145959, 36.8673141], [11.014203, 36.8672154], [11.0140407, 36.8671682], [11.0137939, 36.8670609], [11.0134828, 36.8669247], [11.0132723, 36.8668292], [11.0128471, 36.8665749], [11.0125481, 36.8663807], [11.0122651, 36.8661983], [11.0119995, 36.8660406], [11.0119057, 36.8659869], [11.0118654, 36.8659762], [11.0118265, 36.8659794], [11.0117944, 36.8659976], [11.0114725, 36.8663292], [11.0108891, 36.8670513], [11.0108288, 36.8671167], [11.0107523, 36.8671618], [11.0106249, 36.8672165], [11.0105364, 36.867253], [11.0104693, 36.867297], [11.0102695, 36.8674697], [11.0090898, 36.8689433], [11.0098516, 36.8695398], [11.0099133, 36.8697097], [11.0097627, 36.8698666]]}}, {"type": "Feature", "properties": {"highway": "residential"}, "geometry": {"type": "LineString", "coordinates": [[11.0333855, 36.8607556], [11.0329483, 36.8605851]]}}, {"type": "Feature", "properties": {"highway": "residential", "tracktype": "grade3"}, "geometry": {"type": "LineString", "coordinates": [[11.0337791, 36.8561195], [11.0343913, 36.8564023], [11.0349854, 36.8566979]]}}, {"type": "Feature", "properties": {"ford": "yes", "highway": "track", "tracktype": "grade3"}, "geometry": {"type": "LineString", "coordinates": [[11.0422626, 36.8044232], [11.0420219, 36.8045556], [11.0417081, 36.8047779], [11.0416205, 36.8048554], [11.041566, 36.8049046], [11.0415016, 36.8049637], [11.0413728, 36.8050571], [11.0413347, 36.8051087]]}}, {"type": "Feature", "properties": {"highway": "track", "tracktype": "grade3"}, "geometry": {"type": "LineString", "coordinates": [[11.042939, 36.8040468], [11.0428531, 36.8041564], [11.0427619, 36.8041972], [11.0426144, 36.8042444], [11.0425286, 36.8042745], [11.0422626, 36.8044232]]}}, {"type": "Feature", "properties": {"highway": "track", "surface": "dirt"}, "geometry": {"type": "LineString", "coordinates": [[11.0982013, 36.8441993], [11.098199, 36.8444251], [11.0983053, 36.8446437], [11.0983514, 36.8446754], [11.0984692, 36.8447564]]}}, {"type": "Feature", "properties": {"highway": "track"}, "geometry": {"type": "LineString", "coordinates": [[11.0979298, 36.844433], [11.0979575, 36.8445033], [11.0979546, 36.8445839]]}}, {"type": "Feature", "properties": {"highway": "track"}, "geometry": {"type": "LineString", "coordinates": [[11.0978261, 36.8445224], [11.0979546, 36.8445839], [11.0981242, 36.8446828], [11.0983024, 36.8446966], [11.0983514, 36.8446754]]}}, {"type": "Feature", "properties": {"highway": "service", "surface": "asphalt"}, "geometry": {"type": "LineString", "coordinates": [[11.0983218, 36.8448825], [11.0984692, 36.8447564], [11.0986762, 36.8445655]]}}, {"type": "Feature", "properties": {"highway": "service", "surface": "gravel"}, "geometry": {"type": "LineString", "coordinates": [[11.0985983, 36.8450401], [11.0988429, 36.8450141], [11.0991074, 36.8450118], [11.0993172, 36.845044], [11.0994738, 36.8451343]]}}, {"type": "Feature", "properties": {"highway": "unclassified", "name": "\u0643\u0652\u0644\u064f\u0648\u0628\u0650\u064a\u064e\u0627", "name:ar": "\u0643\u0652\u0644\u064f\u0648\u0628\u0650\u064a\u064e\u0627", "name:fr": "Clupea", "oneway": "yes"}, "geometry": {"type": "LineString", "coordinates": [[11.1150607, 36.839777], [11.1153839, 36.8402138], [11.115451, 36.8402825], [11.1156039, 36.8404027], [11.1156803, 36.8404413], [11.1160692, 36.8406603], [11.1162825, 36.8408073], [11.116379, 36.8408503], [11.1164381, 36.840876], [11.1164782, 36.8408857], [11.1166084, 36.8408631], [11.1167639, 36.8408395], [11.1169114, 36.8408138], [11.1169986, 36.840803], [11.1170751, 36.8408105], [11.1171502, 36.8408363], [11.1175481, 36.8410248], [11.1176236, 36.8410606], [11.1176732, 36.841096], [11.1183886, 36.8415808]]}}, {"type": "Feature", "properties": {"highway": "footway"}, "geometry": {"type": "LineString", "coordinates": [[11.1175481, 36.8410248], [11.1175448, 36.8409537], [11.1174968, 36.8408874], [11.1173224, 36.8407191], [11.1171964, 36.8406136], [11.1170607, 36.8404793], [11.1170465, 36.8403364], [11.1169786, 36.8402164], [11.1168637, 36.8399949], [11.1168126, 36.8397905], [11.11677, 36.8395451], [11.116799, 36.8391261]]}}, {"type": "Feature", "properties": {"highway": "pedestrian"}, "geometry": {"type": "LineString", "coordinates": [[11.1119989, 36.8352839], [11.1119185, 36.8353741], [11.1119226, 36.8354063], [11.1119789, 36.8354643], [11.1120754, 36.8355448], [11.1120111, 36.8355953], [11.1118245, 36.8357383]]}}, {"type": "Feature", "properties": {"highway": "residential"}, "geometry": {"type": "LineString", "coordinates": [[11.0824697, 36.8580885], [11.0822587, 36.8579662], [11.0822314, 36.8579298], [11.0822296, 36.8579022], [11.082255, 36.8578527], [11.0824724, 36.8576084]]}}, {"type": "Feature", "properties": {"highway": "residential"}, "geometry": {"type": "LineString", "coordinates": [[11.0828772, 36.8583549], [11.0828017, 36.8582828], [11.0827935, 36.8582617], [11.0828008, 36.858245], [11.0830636, 36.8579028]]}}, {"type": "Feature", "properties": {"highway": "residential"}, "geometry": {"type": "LineString", "coordinates": [[11.0844526, 36.8573068], [11.0849436, 36.856964], [11.0850238, 36.856908], [11.085361, 36.8566992]]}}, {"type": "Feature", "properties": {"highway": "residential"}, "geometry": {"type": "LineString", "coordinates": [[11.0815019, 36.8567463], [11.0818457, 36.8569109], [11.0821295, 36.8570721]]}}, {"type": "Feature", "properties": {"highway": "path"}, "geometry": {"type": "LineString", "coordinates": [[11.0834388, 36.8585371], [11.0833288, 36.8586144], [11.0831854, 36.8587206], [11.0831277, 36.8587989], [11.0830365, 36.8588955]]}}, {"type": "Feature", "properties": {"highway": "residential"}, "geometry": {"type": "LineString", "coordinates": [[11.0830365, 36.8588955], [11.0828166, 36.8590255], [11.0827222, 36.8591232], [11.0826945, 36.8591713], [11.0827059, 36.85923], [11.082779, 36.8592674], [11.0830852, 36.8594071], [11.0833001, 36.8595243], [11.0836216, 36.8597275], [11.0838726, 36.8599075], [11.0840182, 36.8600544], [11.0840872, 36.8601435]]}}, {"type": "Feature", "properties": {"highway": "residential"}, "geometry": {"type": "LineString", "coordinates": [[11.0857961, 36.8575343], [11.0851658, 36.8571164], [11.0849436, 36.856964]]}}, {"type": "Feature", "properties": {"highway": "residential"}, "geometry": {"type": "LineString", "coordinates": [[11.0841003, 36.8593499], [11.0846706, 36.8596909], [11.0848094, 36.8597774]]}}, {"type": "Feature", "properties": {"highway": "residential"}, "geometry": {"type": "LineString", "coordinates": [[11.0837213, 36.8547945], [11.0839751, 36.8549058], [11.0840396, 36.8549146], [11.0841042, 36.8548986], [11.0841415, 36.8548767], [11.0843908, 36.854609]]}}, {"type": "Feature", "properties": {"highway": "residential"}, "geometry": {"type": "LineString", "coordinates": [[11.0825897, 36.8573534], [11.0828181, 36.8571606], [11.0828217, 36.8571191], [11.0828171, 36.8570834], [11.0827862, 36.8570412], [11.0827063, 36.8569726], [11.0824435, 36.8568359]]}}, {"type": "Feature", "properties": {"highway": "residential"}, "geometry": {"type": "LineString", "coordinates": [[11.1187483, 36.8458975], [11.119448, 36.8462575]]}}, {"type": "Feature", "properties": {"highway": "residential"}, "geometry": {"type": "LineString", "coordinates": [[11.1182874, 36.8464612], [11.1187483, 36.8458975], [11.1194354, 36.8450569]]}}, {"type": "Feature", "properties": {"highway": "residential"}, "geometry": {"type": "LineString", "coordinates": [[11.1189151, 36.8469077], [11.119448, 36.8462575], [11.1202086, 36.8453295]]}}, {"type": "Feature", "properties": {"highway": "residential"}, "geometry": {"type": "LineString", "coordinates": [[11.1162907, 36.8434267], [11.1168126, 36.8435145]]}}, {"type": "Feature", "properties": {"highway": "residential"}, "geometry": {"type": "LineString", "coordinates": [[11.1167157, 36.8440593], [11.1168126, 36.8435145], [11.1168902, 36.843078]]}}, {"type": "Feature", "properties": {"highway": "residential"}, "geometry": {"type": "LineString", "coordinates": [[11.1194354, 36.8450569], [11.1198753, 36.8444844], [11.1203784, 36.8439299]]}}, {"type": "Feature", "properties": {"highway": "footway"}, "geometry": {"type": "LineString", "coordinates": [[11.1264642, 36.8557096], [11.1265649, 36.8556248]]}}, {"type": "Feature", "properties": {"highway": "footway"}, "geometry": {"type": "LineString", "coordinates": [[11.127104, 36.855427], [11.1270622, 36.855394], [11.1270476, 36.8553871], [11.1270314, 36.855383], [11.1270145, 36.855382], [11.1269977, 36.8553841]]}}, {"type": "Feature", "properties": {"highway": "footway"}, "geometry": {"type": "LineString", "coordinates": [[11.1267498, 36.8556301], [11.126873, 36.8554759]]}}, {"type": "Feature", "properties": {"highway": "footway"}, "geometry": {"type": "LineString", "coordinates": [[11.1265479, 36.8554548], [11.1266593, 36.8553688]]}}, {"type": "Feature", "properties": {"highway": "footway"}, "geometry": {"type": "LineString", "coordinates": [[11.1268921, 36.8553457], [11.1269029, 36.8553521], [11.1269153, 36.8553559], [11.1269286, 36.855357], [11.1269418, 36.8553552], [11.126959, 36.8553574], [11.1269749, 36.8553633], [11.1269881, 36.8553724], [11.1269977, 36.8553841], [11.127003, 36.8553974], [11.1270035, 36.8554114], [11.1269993, 36.8554249], [11.1269906, 36.855437], [11.126978, 36.8554468], [11.1269392, 36.8554746], [11.1269215, 36.855484], [11.1269044, 36.8554864], [11.1268874, 36.8554836], [11.126873, 36.8554759], [11.1268633, 36.8554643], [11.1268447, 36.8554389], [11.1268209, 36.8554163], [11.1267925, 36.8553974], [11.1267605, 36.8553827], [11.1267258, 36.8553726], [11.1266895, 36.8553675], [11.1266593, 36.8553688], [11.1266363, 36.8553651], [11.1266227, 36.8553576], [11.1266144, 36.8553462], [11.1266131, 36.855333], [11.126619, 36.8553206], [11.1266344, 36.8553088], [11.1267135, 36.8552476], [11.1267312, 36.8552408], [11.1267515, 36.8552401], [11.1267703, 36.8552453], [11.1267853, 36.8552558], [11.126883, 36.8553381], [11.1268921, 36.8553457]]}}, {"type": "Feature", "properties": {"highway": "footway"}, "geometry": {"type": "LineString", "coordinates": [[11.1263926, 36.8555236], [11.1263602, 36.8555292], [11.1262736, 36.8555443]]}}, {"type": "Feature", "properties": {"highway": "footway"}, "geometry": {"type": "LineString", "coordinates": [[11.1264986, 36.8557784], [11.1266095, 36.8558711], [11.1266296, 36.8558771], [11.1266511, 36.8558779], [11.1266718, 36.8558735], [11.1266899, 36.8558642], [11.1267378, 36.8558248], [11.1268215, 36.855756], [11.1268312, 36.8557414], [11.1268349, 36.8557252], [11.1268326, 36.8557089], [11.1268242, 36.8556938], [11.1267498, 36.8556301], [11.1267169, 36.8556019]]}}, {"type": "Feature", "properties": {"highway": "footway"}, "geometry": {"type": "LineString", "coordinates": [[11.1266009, 36.8555241], [11.1266132, 36.855507], [11.126632, 36.8554934], [11.1266552, 36.8554852], [11.1266803, 36.8554832], [11.126705, 36.8554876], [11.1267268, 36.8554979], [11.1267434, 36.8555131], [11.1267533, 36.8555318], [11.1267554, 36.8555519], [11.1267495, 36.8555716], [11.1267363, 36.8555889], [11.1267169, 36.8556019], [11.1266941, 36.8556094], [11.1266694, 36.855611], [11.1266453, 36.8556064], [11.1266242, 36.8555962], [11.1266079, 36.8555813], [11.1265981, 36.8555631], [11.1265957, 36.8555434], [11.1266009, 36.8555241]]}}, {"type": "Feature", "properties": {"highway": "footway"}, "geometry": {"type": "LineString", "coordinates": [[11.1271696, 36.8552375], [11.1270915, 36.8553044]]}}, {"type": "Feature", "properties": {"highway": "residential"}, "geometry": {"type": "LineString", "coordinates": [[11.0752769, 36.8395194], [11.0744353, 36.8403656]]}}, {"type": "Feature", "properties": {"highway": "residential"}, "geometry": {"type": "LineString", "coordinates": [[11.0712147, 36.8392682], [11.071849, 36.8387144]]}}, {"type": "Feature", "properties": {"highway": "residential"}, "geometry": {"type": "LineString", "coordinates": [[11.0708392, 36.8389634], [11.0714279, 36.8384707]]}}, {"type": "Feature", "properties": {"highway": "residential"}, "geometry": {"type": "LineString", "coordinates": [[11.0705602, 36.8369048], [11.069848, 36.8377494]]}}, {"type": "Feature", "properties": {"highway": "residential"}, "geometry": {"type": "LineString", "coordinates": [[11.0769076, 36.8449491], [11.077833, 36.8453064]]}}, {"type": "Feature", "properties": {"highway": "residential"}, "geometry": {"type": "LineString", "coordinates": [[11.0756215, 36.8448149], [11.0762166, 36.8441388]]}}, {"type": "Feature", "properties": {"highway": "residential"}, "geometry": {"type": "LineString", "coordinates": [[11.0774494, 36.8407966], [11.0779229, 36.8404038], [11.0780624, 36.8403759], [11.0785551, 36.8401377]]}}, {"type": "Feature", "properties": {"highway": "residential"}, "geometry": {"type": "LineString", "coordinates": [[11.0768529, 36.8412236], [11.0771397, 36.8409264]]}}, {"type": "Feature", "properties": {"highway": "residential"}, "geometry": {"type": "LineString", "coordinates": [[11.0769163, 36.8441902], [11.0767859, 36.8444142]]}}, {"type": "Feature", "properties": {"highway": "residential"}, "geometry": {"type": "LineString", "coordinates": [[11.0767306, 36.8444071], [11.075812, 36.8455619], [11.0758039, 36.845622], [11.07582, 36.8456692], [11.0763149, 36.8458919]]}}, {"type": "Feature", "properties": {"highway": "residential"}, "geometry": {"type": "LineString", "coordinates": [[11.0958762, 36.8445509], [11.0961267, 36.8441226], [11.096429, 36.8437646]]}}, {"type": "Feature", "properties": {"highway": "residential"}, "geometry": {"type": "LineString", "coordinates": [[11.1111534, 36.840674], [11.1107835, 36.840284], [11.1102858, 36.8396269]]}}, {"type": "Feature", "properties": {"highway": "residential"}, "geometry": {"type": "LineString", "coordinates": [[11.1091511, 36.8430848], [11.1093111, 36.8429055], [11.109368, 36.8428827], [11.1094392, 36.8429026], [11.1096312, 36.8431189], [11.1096775, 36.8431531], [11.1097628, 36.843173], [11.1099051, 36.8431246], [11.1104677, 36.8428334]]}}, {"type": "Feature", "properties": {"highway": "residential"}, "geometry": {"type": "LineString", "coordinates": [[11.1084826, 36.8414288], [11.1089697, 36.8410839]]}}, {"type": "Feature", "properties": {"highway": "residential"}, "geometry": {"type": "LineString", "coordinates": [[11.1133159, 36.8405336], [11.1132589, 36.8404676], [11.1132251, 36.8403481], [11.1131824, 36.8402015], [11.1130987, 36.8400549]]}}, {"type": "Feature", "properties": {"highway": "residential"}, "geometry": {"type": "LineString", "coordinates": [[11.1105702, 36.840654], [11.1102163, 36.8408989], [11.1100954, 36.8409899]]}}, {"type": "Feature", "properties": {"highway": "residential"}, "geometry": {"type": "LineString", "coordinates": [[11.1090955, 36.8397587], [11.1093876, 36.8401047], [11.1098713, 36.8405729], [11.1102163, 36.8408989]]}}, {"type": "Feature", "properties": {"highway": "residential"}, "geometry": {"type": "LineString", "coordinates": [[11.1091464, 36.8406119], [11.1087741, 36.8407395], [11.1086745, 36.8407167], [11.108518, 36.8405915], [11.1082798, 36.8403808], [11.108077, 36.8401588], [11.1080521, 36.8401076], [11.1080263, 36.8400225]]}}, {"type": "Feature", "properties": {"highway": "residential"}, "geometry": {"type": "LineString", "coordinates": [[11.10976, 36.8446121], [11.1103406, 36.844893], [11.1111979, 36.8453079], [11.1112754, 36.8452893], [11.1115058, 36.8449777]]}}, {"type": "Feature", "properties": {"highway": "residential"}, "geometry": {"type": "LineString", "coordinates": [[11.1103069, 36.8434285], [11.110398, 36.8433681], [11.1104774, 36.8433355], [11.1105568, 36.8433371], [11.1106962, 36.8433688], [11.1108984, 36.8434911]]}}, {"type": "Feature", "properties": {"highway": "residential"}, "geometry": {"type": "LineString", "coordinates": [[11.1121586, 36.8430728], [11.1115242, 36.8437151]]}}, {"type": "Feature", "properties": {"highway": "residential"}, "geometry": {"type": "LineString", "coordinates": [[11.1114689, 36.8436755], [11.1115242, 36.8437151], [11.1119999, 36.8440554], [11.1120888, 36.844119], [11.1121237, 36.8441764], [11.112114, 36.8442399], [11.1117495, 36.8446846], [11.1115058, 36.8449777], [11.1114381, 36.8449886], [11.1113761, 36.8449576], [11.111165, 36.8448413]]}}, {"type": "Feature", "properties": {"highway": "residential"}, "geometry": {"type": "LineString", "coordinates": [[11.0816133, 36.8424728], [11.0822057, 36.8417887]]}}, {"type": "Feature", "properties": {"highway": "residential"}, "geometry": {"type": "LineString", "coordinates": [[11.0849047, 36.8429721], [11.0851367, 36.8431278]]}}, {"type": "Feature", "properties": {"highway": "residential"}, "geometry": {"type": "LineString", "coordinates": [[11.0864689, 36.8434066], [11.086231, 36.8430773]]}}, {"type": "Feature", "properties": {"highway": "residential"}, "geometry": {"type": "LineString", "coordinates": [[11.0873296, 36.8415274], [11.087094, 36.8417116]]}}, {"type": "Feature", "properties": {"highway": "residential"}, "geometry": {"type": "LineString", "coordinates": [[11.0903184, 36.8426077], [11.0900226, 36.8424097], [11.0903468, 36.8421328]]}}, {"type": "Feature", "properties": {"highway": "path"}, "geometry": {"type": "LineString", "coordinates": [[11.0959685, 36.8433218], [11.0959219, 36.8432923], [11.095896, 36.8432227], [11.0958489, 36.8430566], [11.0958312, 36.8429349], [11.0958312, 36.8428632], [11.0958763, 36.842818]]}}, {"type": "Feature", "properties": {"highway": "path"}, "geometry": {"type": "LineString", "coordinates": [[11.095896, 36.8432227], [11.0957307, 36.8431637], [11.0955147, 36.8431674]]}}, {"type": "Feature", "properties": {"highway": "path"}, "geometry": {"type": "LineString", "coordinates": [[11.0957307, 36.8431637], [11.0957988, 36.843102], [11.0958489, 36.8430566]]}}, {"type": "Feature", "properties": {"highway": "path"}, "geometry": {"type": "LineString", "coordinates": [[11.0957988, 36.843102], [11.0957566, 36.843025], [11.0956906, 36.8429713], [11.0955774, 36.8429062], [11.0954697, 36.8428483]]}}, {"type": "Feature", "properties": {"highway": "tertiary_link", "oneway": "yes"}, "geometry": {"type": "LineString", "coordinates": [[11.0937739, 36.8454252], [11.0937804, 36.845473], [11.0937932, 36.8455201], [11.0938122, 36.8455657], [11.0938371, 36.8456095], [11.0938676, 36.845651]]}}, {"type": "Feature", "properties": {"highway": "footway"}, "geometry": {"type": "LineString", "coordinates": [[11.0938368, 36.8453679], [11.0939463, 36.84544], [11.0940269, 36.8454932]]}}, {"type": "Feature", "properties": {"highway": "tertiary", "oneway": "yes"}, "geometry": {"type": "LineString", "coordinates": [[11.0934638, 36.845654], [11.0934304, 36.8455924], [11.0933636, 36.8454507]]}}, {"type": "Feature", "properties": {"highway": "residential"}, "geometry": {"type": "LineString", "coordinates": [[11.0950515, 36.837129], [11.0947819, 36.8370679], [11.0945338, 36.8370067], [11.094401, 36.8369713], [11.09433, 36.8369606], [11.0942937, 36.8369724], [11.0942668, 36.8370059]]}}, {"type": "Feature", "properties": {"highway": "residential"}, "geometry": {"type": "LineString", "coordinates": [[11.1137706, 36.852852], [11.1142132, 36.8521426], [11.1143526, 36.8518936], [11.1144492, 36.8517026], [11.1148167, 36.8509021]]}}, {"type": "Feature", "properties": {"highway": "residential"}, "geometry": {"type": "LineString", "coordinates": [[11.0844634, 36.846612], [11.0847053, 36.8463098]]}}, {"type": "Feature", "properties": {"highway": "residential"}, "geometry": {"type": "LineString", "coordinates": [[11.0775424, 36.8447249], [11.0778478, 36.8441761]]}}, {"type": "Feature", "properties": {"highway": "residential"}, "geometry": {"type": "LineString", "coordinates": [[11.0809431, 36.8314086], [11.0818367, 36.8305667]]}}, {"type": "Feature", "properties": {"highway": "service"}, "geometry": {"type": "LineString", "coordinates": [[11.0934884, 36.8346051], [11.0929246, 36.8342515], [11.0922781, 36.8338478]]}}, {"type": "Feature", "properties": {"highway": "service"}, "geometry": {"type": "LineString", "coordinates": [[11.0924175, 36.8333551], [11.0917202, 36.83301], [11.0917074, 36.8329987], [11.0917121, 36.8329794], [11.0918876, 36.8327531]]}}, {"type": "Feature", "properties": {"highway": "service"}, "geometry": {"type": "LineString", "coordinates": [[11.0928366, 36.8335655], [11.0924175, 36.8333551], [11.0925888, 36.833149]]}}, {"type": "Feature", "properties": {"highway": "service"}, "geometry": {"type": "LineString", "coordinates": [[11.0929246, 36.8342515], [11.0930405, 36.8341], [11.0931357, 36.834012], [11.0932638, 36.8338457], [11.0932705, 36.8338269], [11.0932598, 36.8338011], [11.0928366, 36.8335655], [11.0929387, 36.8333724]]}}]}